{"type": "FeatureCollection", "features": [{"type": "Feature", "properties": {"TENSONG": null}, "geometry": {"type": "Polygon", "coordinates": [[[105.730067, 17.87801], [105.729553, 17.87787], [105.729063, 17.881521], [105.727898, 17.882936], [105.726305, 17.883667], [105.724627, 17.883253], [105.721308, 17.885135], [105.717148, 17.884457], [105.716868, 17.885667], [105.717171, 17.886494], [105.718015, 17.886746], [105.718016, 17.887904], [105.715902, 17.889268], [105.710085, 17.889998], [105.709209, 17.890526], [105.708658, 17.891619], [105.706808, 17.892027], [105.704251, 17.890536], [105.702821, 17.889006], [105.702114, 17.888933], [105.701552, 17.889413], [105.699932, 17.889079], [105.700682, 17.895699], [105.699943, 17.896149], [105.698773, 17.895659], [105.697507, 17.897217], [105.695836, 17.901964], [105.696099, 17.90519], [105.695384, 17.905255], [105.694049, 17.904275], [105.692973, 17.901172], [105.690303, 17.900536], [105.689413, 17.900929], [105.688892, 17.900233], [105.688281, 17.90023], [105.687935, 17.90089], [105.689137, 17.902736], [105.688249, 17.905186], [105.686417, 17.905331], [105.684942, 17.906556], [105.682419, 17.906123], [105.681079, 17.906416], [105.680992, 17.906893], [105.682242, 17.909035], [105.681713, 17.910443], [105.678937, 17.911065], [105.678028, 17.912438], [105.676893, 17.912179], [105.676398, 17.914406], [105.675143, 17.914326], [105.674025, 17.913555], [105.673457, 17.913453], [105.673434, 17.9154], [105.673855, 17.916496], [105.672251, 17.914714], [105.672199, 17.915027], [105.67394, 17.916626], [105.673559, 17.913609], [105.675019, 17.914443], [105.676434, 17.914572], [105.676968, 17.913989], [105.676935, 17.912372], [105.678164, 17.912579], [105.678909, 17.911356], [105.681779, 17.910653], [105.682433, 17.909112], [105.681133, 17.906789], [105.681434, 17.906389], [105.684879, 17.906803], [105.68643, 17.905528], [105.688481, 17.905346], [105.689304, 17.902605], [105.688234, 17.901224], [105.688444, 17.900359], [105.689439, 17.901073], [105.690256, 17.900714], [105.692918, 17.901395], [105.693941, 17.904432], [105.695268, 17.905544], [105.696164, 17.905585], [105.6966, 17.904063], [105.696002, 17.902294], [105.697562, 17.897769], [105.698748, 17.8959], [105.699841, 17.896319], [105.700857, 17.895815], [105.700304, 17.889285], [105.701736, 17.889567], [105.702508, 17.889163], [105.704212, 17.890732], [105.706881, 17.892219], [105.708755, 17.891865], [105.710053, 17.89022], [105.715823, 17.889601], [105.718405, 17.888079], [105.718142, 17.886477], [105.717225, 17.885863], [105.717483, 17.884879], [105.721587, 17.885386], [105.72469, 17.883586], [105.726458, 17.883956], [105.728393, 17.883078], [105.729277, 17.881927], [105.730067, 17.87801]]]}}, {"type": "Feature", "properties": {"TENSONG": null}, "geometry": {"type": "Polygon", "coordinates": [[[105.668699, 17.888572], [105.668388, 17.888373], [105.666503, 17.888355], [105.666935, 17.887325], [105.664989, 17.886445], [105.663425, 17.886182], [105.662106, 17.886744], [105.664267, 17.886437], [105.666611, 17.887305], [105.666128, 17.887959], [105.666318, 17.888465], [105.668699, 17.888572]]]}}, {"type": "Feature", "properties": {"TENSONG": null}, "geometry": {"type": "Polygon", "coordinates": [[[105.68804, 17.901135], [105.687915, 17.900593], [105.686901, 17.901509], [105.685998, 17.901215], [105.687197, 17.900293], [105.687028, 17.899198], [105.686526, 17.898443], [105.688967, 17.898009], [105.687905, 17.896037], [105.688166, 17.895046], [105.688174, 17.891791], [105.687644, 17.891395], [105.684359, 17.890951], [105.683839, 17.889437], [105.682564, 17.887815], [105.682075, 17.887796], [105.680466, 17.889186], [105.678889, 17.888354], [105.677703, 17.888437], [105.677378, 17.888895], [105.677983, 17.890252], [105.675786, 17.892005], [105.676438, 17.891286], [105.676166, 17.890702], [105.672482, 17.889955], [105.671677, 17.890253], [105.668338, 17.888078], [105.668378, 17.8862], [105.668893, 17.885802], [105.672259, 17.885258], [105.673729, 17.885854], [105.67449, 17.885768], [105.675033, 17.884974], [105.675951, 17.881442], [105.677448, 17.880115], [105.676682, 17.875104], [105.675503, 17.874236], [105.674017, 17.874041], [105.673276, 17.873152], [105.673994, 17.874182], [105.675424, 17.87437], [105.676388, 17.875042], [105.676408, 17.877339], [105.677148, 17.880063], [105.675718, 17.881508], [105.674418, 17.885622], [105.672143, 17.885074], [105.668973, 17.88558], [105.668222, 17.886159], [105.668254, 17.888228], [105.671294, 17.890313], [105.672764, 17.890125], [105.676104, 17.890855], [105.675432, 17.89188], [105.675911, 17.892145], [105.678019, 17.890595], [105.677831, 17.888565], [105.678771, 17.88851], [105.680607, 17.889374], [105.682484, 17.887951], [105.68372, 17.889611], [105.68415, 17.891078], [105.688044, 17.891895], [105.687697, 17.896014], [105.688672, 17.897853], [105.686372, 17.89824], [105.686988, 17.900098], [105.685749, 17.901222], [105.686685, 17.901752], [105.68804, 17.901135]]]}}, {"type": "Feature", "properties": {"TENSONG": null}, "geometry": {"type": "Polygon", "coordinates": [[[105.672199, 17.915027], [105.671508, 17.914801], [105.670829, 17.915135], [105.670469, 17.915797], [105.670418, 17.917843], [105.668772, 17.917714], [105.668335, 17.917859], [105.667049, 17.919606], [105.666726, 17.92065], [105.665641, 17.920998], [105.664858, 17.921538], [105.663813, 17.921515], [105.660766, 17.922943], [105.659426, 17.922044], [105.65871, 17.922566], [105.658182, 17.922113], [105.657591, 17.923226], [105.656782, 17.923463], [105.655732, 17.921773], [105.654082, 17.920786], [105.653106, 17.919384], [105.652631, 17.919588], [105.653031, 17.919564], [105.654015, 17.920946], [105.65572, 17.922003], [105.65671, 17.923605], [105.657667, 17.923329], [105.658212, 17.92231], [105.658633, 17.922781], [105.659411, 17.922223], [105.660867, 17.923095], [105.666832, 17.920784], [105.668385, 17.917993], [105.670488, 17.918021], [105.670764, 17.91547], [105.672199, 17.915027]]]}}, {"type": "Feature", "properties": {"TENSONG": null}, "geometry": {"type": "Polygon", "coordinates": [[[105.672251, 17.914714], [105.671112, 17.913885], [105.670178, 17.91371], [105.66994, 17.912518], [105.669495, 17.912086], [105.667412, 17.913739], [105.666784, 17.913747], [105.666777, 17.911815], [105.665338, 17.911223], [105.664469, 17.911304], [105.660767, 17.912588], [105.658767, 17.912734], [105.65813, 17.911542], [105.658437, 17.910698], [105.658364, 17.909981], [105.656571, 17.908491], [105.657457, 17.907485], [105.657247, 17.906757], [105.656793, 17.906676], [105.655405, 17.907578], [105.654201, 17.906644], [105.6527, 17.907601], [105.652359, 17.906371], [105.650486, 17.906812], [105.651207, 17.905325], [105.651247, 17.903631], [105.650966, 17.903492], [105.650999, 17.905622], [105.650224, 17.906781], [105.651124, 17.907014], [105.652351, 17.906537], [105.652715, 17.90773], [105.654095, 17.906821], [105.655394, 17.90771], [105.657078, 17.906818], [105.657275, 17.907492], [105.656543, 17.907939], [105.656455, 17.908671], [105.658154, 17.909963], [105.657976, 17.911639], [105.658779, 17.912906], [105.660843, 17.912752], [105.665202, 17.911385], [105.666552, 17.911835], [105.666746, 17.913876], [105.66756, 17.913808], [105.669493, 17.912264], [105.670039, 17.913844], [105.672251, 17.914714]]]}}, {"type": "Feature", "properties": {"TENSONG": null}, "geometry": {"type": "Polygon", "coordinates": [[[105.837357, 17.882824], [105.836659, 17.883111], [105.836004, 17.884021], [105.836419, 17.884814], [105.837637, 17.885548], [105.837297, 17.886468], [105.834018, 17.888463], [105.830001, 17.888385], [105.82658, 17.886363], [105.825625, 17.88645], [105.824794, 17.887092], [105.823427, 17.889923], [105.823752, 17.891748], [105.822981, 17.893312], [105.823149, 17.894067], [105.823682, 17.894685], [105.824123, 17.89454], [105.824994, 17.896247], [105.824165, 17.896404], [105.823839, 17.897199], [105.824139, 17.898159], [105.824899, 17.898969], [105.824694, 17.899926], [105.823109, 17.90079], [105.823246, 17.902292], [105.821543, 17.90457], [105.821228, 17.905841], [105.819904, 17.905581], [105.81658, 17.90662], [105.816322, 17.907004], [105.816822, 17.908178], [105.816427, 17.908459], [105.815089, 17.908795], [105.814132, 17.908124], [105.813883, 17.908197], [105.81501, 17.908953], [105.816694, 17.908658], [105.817216, 17.908099], [105.816632, 17.907241], [105.816873, 17.906804], [105.819965, 17.905833], [105.821444, 17.90611], [105.821787, 17.904679], [105.823477, 17.902355], [105.823266, 17.900938], [105.82491, 17.899816], [105.825086, 17.898787], [105.824015, 17.897175], [105.824265, 17.89665], [105.825033, 17.896551], [105.825124, 17.89597], [105.824275, 17.894482], [105.823525, 17.89427], [105.823189, 17.893566], [105.823908, 17.89174], [105.823773, 17.889763], [105.824866, 17.887318], [105.825582, 17.886626], [105.826496, 17.886601], [105.830138, 17.888915], [105.834673, 17.888561], [105.835307, 17.887884], [105.836741, 17.887549], [105.837644, 17.88647], [105.837754, 17.885357], [105.836511, 17.884556], [105.836308, 17.883887], [105.837357, 17.882824]]]}}, {"type": "Feature", "properties": {"TENSONG": null}, "geometry": {"type": "Polygon", "coordinates": [[[105.855596, 17.992767], [105.855322, 17.992498], [105.854076, 17.993104], [105.85226, 17.995401], [105.851496, 17.995309], [105.85092, 17.995434], [105.849956, 17.996087], [105.849849, 17.995405], [105.849555, 17.995263], [105.847, 17.996573], [105.845849, 17.996033], [105.844431, 17.996985], [105.843346, 17.996413], [105.843138, 17.995868], [105.842747, 17.995437], [105.842344, 17.99525], [105.84151, 17.995165], [105.84127, 17.994608], [105.840436, 17.994223], [105.840683, 17.993432], [105.840659, 17.993241], [105.840452, 17.993111], [105.840287, 17.994091], [105.841463, 17.995314], [105.842592, 17.995428], [105.843201, 17.996479], [105.844329, 17.997103], [105.845938, 17.996135], [105.846412, 17.996611], [105.847178, 17.996632], [105.849511, 17.995376], [105.850007, 17.996182], [105.851062, 17.995498], [105.852352, 17.995503], [105.854198, 17.993242], [105.855596, 17.992767]]]}}, {"type": "Feature", "properties": {"TENSONG": null}, "geometry": {"type": "Polygon", "coordinates": [[[105.776052, 17.834857], [105.775579, 17.834281], [105.775002, 17.834511], [105.771013, 17.83364], [105.769676, 17.833844], [105.769306, 17.83479], [105.771083, 17.836428], [105.771557, 17.83876], [105.767312, 17.841711], [105.76408, 17.846193], [105.762425, 17.846372], [105.760139, 17.84501], [105.75772, 17.844123], [105.753054, 17.845112], [105.753045, 17.849321], [105.756895, 17.852179], [105.756338, 17.854496], [105.757201, 17.853637], [105.75746, 17.852507], [105.753404, 17.849147], [105.753908, 17.848043], [105.753262, 17.845915], [105.75368, 17.845293], [105.757607, 17.844285], [105.762303, 17.846659], [105.764487, 17.846386], [105.767163, 17.842385], [105.771275, 17.839796], [105.772013, 17.838889], [105.772048, 17.837363], [105.771423, 17.835998], [105.769504, 17.834662], [105.769576, 17.834288], [105.771005, 17.833902], [105.774457, 17.834994], [105.776052, 17.834857]]]}}, {"type": "Feature", "properties": {"TENSONG": null}, "geometry": {"type": "Polygon", "coordinates": [[[105.771743, 17.758935], [105.773635, 17.758143], [105.772903, 17.759103], [105.773251, 17.759292], [105.773467, 17.758574], [105.774612, 17.757718], [105.777116, 17.756708], [105.778194, 17.755389], [105.778804, 17.753359], [105.77706, 17.756452], [105.773864, 17.758041], [105.772726, 17.758036], [105.771743, 17.758935]]]}}, {"type": "Feature", "properties": {"TENSONG": null}, "geometry": {"type": "Polygon", "coordinates": [[[105.775976, 17.834552], [105.776305, 17.832876], [105.77751, 17.832663], [105.778154, 17.833508], [105.779649, 17.833931], [105.780226, 17.833843], [105.781052, 17.832713], [105.781012, 17.831556], [105.775265, 17.828186], [105.776209, 17.826107], [105.776513, 17.823705], [105.777532, 17.823576], [105.779677, 17.824877], [105.780521, 17.824293], [105.780514, 17.822751], [105.780163, 17.822017], [105.775326, 17.818101], [105.774615, 17.816461], [105.774391, 17.813652], [105.776523, 17.812524], [105.776772, 17.809327], [105.778012, 17.808069], [105.776865, 17.804466], [105.776592, 17.801956], [105.777611, 17.8009], [105.779205, 17.801383], [105.780535, 17.801092], [105.779527, 17.795688], [105.782847, 17.794364], [105.783267, 17.793267], [105.782984, 17.792341], [105.780816, 17.789834], [105.779813, 17.786583], [105.77813, 17.785222], [105.774373, 17.783647], [105.774063, 17.780005], [105.771963, 17.779174], [105.773603, 17.775702], [105.773647, 17.774286], [105.77077, 17.771496], [105.76923, 17.771182], [105.767635, 17.769736], [105.76785, 17.768798], [105.767724, 17.767363], [105.769606, 17.766269], [105.773178, 17.762117], [105.773251, 17.759292], [105.772284, 17.758867], [105.77196, 17.759195], [105.772994, 17.759513], [105.77302, 17.761534], [105.767441, 17.767455], [105.767369, 17.769686], [105.769152, 17.771493], [105.770688, 17.771702], [105.773322, 17.774282], [105.77329, 17.775698], [105.771463, 17.778253], [105.771347, 17.779193], [105.772125, 17.779904], [105.773894, 17.780392], [105.773382, 17.782431], [105.77389, 17.783972], [105.775721, 17.784496], [105.779514, 17.78671], [105.78062, 17.790247], [105.78288, 17.793488], [105.782479, 17.794042], [105.779453, 17.794971], [105.778959, 17.795527], [105.779991, 17.800646], [105.777917, 17.800515], [105.77648, 17.801492], [105.77646, 17.804314], [105.777509, 17.808012], [105.776528, 17.809169], [105.776096, 17.812516], [105.774034, 17.813579], [105.774636, 17.818197], [105.779447, 17.82177], [105.780355, 17.823505], [105.780056, 17.824327], [105.77753, 17.823175], [105.776088, 17.823591], [105.775947, 17.825708], [105.774752, 17.828841], [105.775795, 17.829004], [105.780792, 17.832421], [105.780234, 17.833377], [105.779434, 17.833624], [105.778504, 17.833377], [105.777667, 17.832404], [105.776269, 17.832505], [105.775573, 17.833751], [105.775589, 17.834628], [105.775976, 17.834552]]]}}, {"type": "Feature", "properties": {"TENSONG": null}, "geometry": {"type": "Polygon", "coordinates": [[[105.752092, 17.861818], [105.752573, 17.861304], [105.750647, 17.861839], [105.74941, 17.860186], [105.746302, 17.859988], [105.745406, 17.860527], [105.743257, 17.860162], [105.741982, 17.858713], [105.738806, 17.857636], [105.741731, 17.858862], [105.743071, 17.860406], [105.745265, 17.860833], [105.746591, 17.860244], [105.749334, 17.86042], [105.750528, 17.862047], [105.752092, 17.861818]]]}}, {"type": "Feature", "properties": {"TENSONG": null}, "geometry": {"type": "Polygon", "coordinates": [[[105.822482, 18.005494], [105.82352, 18.006164], [105.823876, 18.006097], [105.824689, 18.005687], [105.82512, 18.004782], [105.825517, 18.00532], [105.826456, 18.005953], [105.83327, 18.005816], [105.833489, 18.005309], [105.833314, 18.00444], [105.831617, 18.00121], [105.83243, 18.000216], [105.831509, 18.001058], [105.83309, 18.004356], [105.832981, 18.005742], [105.826559, 18.0059], [105.825138, 18.004471], [105.824628, 18.005552], [105.823708, 18.006044], [105.82269, 18.005356], [105.822253, 18.005433], [105.821451, 18.006563], [105.821214, 18.008481], [105.82155, 18.006586], [105.822482, 18.005494]]]}}, {"type": "Feature", "properties": {"TENSONG": null}, "geometry": {"type": "Polygon", "coordinates": [[[105.756338, 17.854496], [105.756176, 17.85401], [105.75369, 17.853219], [105.75111, 17.85487], [105.751298, 17.856063], [105.753001, 17.858782], [105.753253, 17.86031], [105.751643, 17.862654], [105.751613, 17.864877], [105.75054, 17.866363], [105.749278, 17.866856], [105.746597, 17.865847], [105.745493, 17.865856], [105.744669, 17.86647], [105.743794, 17.868048], [105.738385, 17.869563], [105.738029, 17.870344], [105.738271, 17.8745], [105.734541, 17.878765], [105.732584, 17.878545], [105.730625, 17.877416], [105.729553, 17.87787], [105.730679, 17.877806], [105.733407, 17.879062], [105.734601, 17.878996], [105.738627, 17.87471], [105.738516, 17.869724], [105.743915, 17.868292], [105.745648, 17.866047], [105.749284, 17.867367], [105.750376, 17.866968], [105.751846, 17.865121], [105.75191, 17.862768], [105.753761, 17.860421], [105.753269, 17.857996], [105.751648, 17.856091], [105.751389, 17.854969], [105.754054, 17.853567], [105.756338, 17.854496]]]}}, {"type": "Feature", "properties": {"TENSONG": null}, "geometry": {"type": "Polygon", "coordinates": [[[105.771334, 17.76035], [105.771743, 17.758935], [105.769736, 17.760889], [105.769385, 17.757607], [105.768639, 17.756719], [105.763407, 17.755628], [105.763061, 17.754107], [105.762316, 17.753314], [105.761792, 17.753352], [105.760187, 17.75524], [105.758651, 17.755402], [105.757904, 17.751742], [105.756935, 17.750986], [105.755325, 17.750892], [105.74855, 17.756814], [105.748634, 17.759521], [105.746151, 17.762469], [105.744612, 17.763235], [105.74335, 17.764575], [105.739702, 17.76561], [105.739671, 17.766523], [105.740472, 17.767154], [105.740277, 17.768195], [105.739392, 17.768581], [105.736234, 17.768425], [105.735847, 17.771368], [105.732339, 17.771998], [105.728844, 17.770809], [105.727961, 17.771625], [105.727096, 17.773745], [105.72039, 17.77606], [105.719959, 17.776789], [105.720371, 17.778762], [105.718624, 17.779739], [105.717365, 17.779802], [105.716457, 17.778882], [105.713529, 17.778123], [105.716403, 17.779016], [105.717015, 17.779798], [105.717705, 17.780035], [105.716861, 17.782544], [105.716789, 17.784362], [105.717901, 17.78033], [105.720633, 17.778783], [105.720609, 17.776295], [105.7271, 17.77404], [105.728886, 17.771068], [105.732544, 17.77223], [105.736135, 17.771452], [105.736424, 17.768686], [105.73903, 17.768925], [105.740512, 17.768176], [105.740683, 17.767129], [105.739818, 17.766265], [105.739953, 17.765643], [105.743493, 17.764811], [105.744729, 17.763395], [105.746292, 17.762642], [105.748854, 17.759809], [105.749049, 17.756865], [105.751847, 17.754012], [105.755505, 17.751254], [105.757791, 17.75309], [105.758262, 17.755497], [105.760153, 17.755526], [105.762391, 17.753745], [105.763136, 17.756071], [105.768533, 17.756981], [105.769145, 17.758256], [105.769174, 17.760724], [105.769713, 17.76135], [105.771334, 17.76035]], [[105.757938, 17.752768], [105.75609, 17.751211], [105.756119, 17.751089], [105.757664, 17.751715], [105.757938, 17.752768]]]}}, {"type": "Feature", "properties": {"TENSONG": null}, "geometry": {"type": "Polygon", "coordinates": [[[105.858032, 17.922379], [105.857552, 17.922421], [105.85769, 17.923062], [105.858008, 17.922986], [105.858032, 17.922379]]]}}, {"type": "Feature", "properties": {"TENSONG": null}, "geometry": {"type": "Polygon", "coordinates": [[[106.424418, 17.745696], [106.423652, 17.746691], [106.423485, 17.747993], [106.425593, 17.751362], [106.425593, 17.753181], [106.427266, 17.752067], [106.42707, 17.751694], [106.428064, 17.751353], [106.428408, 17.751848], [106.430116, 17.752097], [106.43098, 17.752725], [106.429947, 17.759091], [106.429972, 17.760879], [106.43018, 17.760223], [106.433798, 17.759707], [106.435092, 17.759158], [106.436432, 17.760468], [106.439184, 17.762005], [106.440652, 17.764855], [106.439741, 17.77011], [106.439802, 17.772286], [106.440867, 17.764959], [106.439313, 17.76185], [106.436625, 17.76039], [106.435072, 17.758929], [106.430341, 17.759938], [106.430124, 17.759056], [106.431121, 17.752672], [106.430119, 17.751941], [106.428656, 17.751561], [106.42861, 17.751011], [106.427449, 17.751261], [106.426903, 17.750755], [106.425613, 17.751258], [106.425658, 17.750468], [106.424062, 17.748553], [106.424418, 17.745696]]]}}, {"type": "Feature", "properties": {"TENSONG": null}, "geometry": {"type": "Polygon", "coordinates": [[[106.417014, 17.756784], [106.416778, 17.754863], [106.417585, 17.753097], [106.420917, 17.750239], [106.420713, 17.745639], [106.420178, 17.746871], [106.419006, 17.745613], [106.418144, 17.7456], [106.418421, 17.747086], [106.41617, 17.748071], [106.41635, 17.748953], [106.419798, 17.747983], [106.420105, 17.749005], [106.416093, 17.752713], [106.415727, 17.754271], [106.416559, 17.75663], [106.417014, 17.756784]]]}}, {"type": "Feature", "properties": {"TENSONG": null}, "geometry": {"type": "Polygon", "coordinates": [[[106.375727, 17.7068], [106.37634, 17.706825], [106.377528, 17.705271], [106.379589, 17.704019], [106.379754, 17.702745], [106.379368, 17.702024], [106.378472, 17.701463], [106.376653, 17.701342], [106.374563, 17.696108], [106.370979, 17.693297], [106.368975, 17.694171], [106.367542, 17.693783], [106.366855, 17.693963], [106.365942, 17.694787], [106.364887, 17.696518], [106.36254, 17.697529], [106.362552, 17.694929], [106.361669, 17.693893], [106.362228, 17.693522], [106.363358, 17.693695], [106.363781, 17.693271], [106.364072, 17.691185], [106.363766, 17.688666], [106.363434, 17.688137], [106.361838, 17.686765], [106.359831, 17.686536], [106.359168, 17.684846], [106.359757, 17.686642], [106.361719, 17.686912], [106.363637, 17.688695], [106.363656, 17.693226], [106.363326, 17.693569], [106.36205, 17.693418], [106.36153, 17.693898], [106.362395, 17.694966], [106.362095, 17.697397], [106.362768, 17.697805], [106.364852, 17.696808], [106.367029, 17.694028], [106.368729, 17.694493], [106.370958, 17.693632], [106.374185, 17.69609], [106.376319, 17.701509], [106.379177, 17.702354], [106.379412, 17.703644], [106.376845, 17.705245], [106.375727, 17.7068]]]}}, {"type": "Feature", "properties": {"TENSONG": null}, "geometry": {"type": "Polygon", "coordinates": [[[106.389781, 17.714484], [106.390173, 17.714854], [106.390933, 17.715054], [106.391587, 17.715762], [106.392122, 17.717766], [106.393459, 17.719115], [106.393564, 17.720734], [106.395218, 17.7207], [106.39378, 17.720543], [106.393735, 17.719223], [106.392563, 17.718084], [106.391876, 17.715712], [106.391336, 17.714941], [106.389781, 17.714484]]]}}, {"type": "Feature", "properties": {"TENSONG": null}, "geometry": {"type": "Polygon", "coordinates": [[[106.412283, 17.730744], [106.411848, 17.730619], [106.410632, 17.731819], [106.409537, 17.734531], [106.407266, 17.73533], [106.406911, 17.737484], [106.40725, 17.7379], [106.407938, 17.738004], [106.40777, 17.736449], [106.410407, 17.734296], [106.411167, 17.731933], [106.412283, 17.730744]]]}}, {"type": "Feature", "properties": {"TENSONG": null}, "geometry": {"type": "Polygon", "coordinates": [[[106.387792, 17.675754], [106.385634, 17.675698], [106.383656, 17.674326], [106.382513, 17.67474], [106.381889, 17.673846], [106.381392, 17.673574], [106.379298, 17.673679], [106.378063, 17.672748], [106.374594, 17.672889], [106.377798, 17.673082], [106.379204, 17.673873], [106.380571, 17.674014], [106.38089, 17.673664], [106.381719, 17.673899], [106.382322, 17.675067], [106.383729, 17.674566], [106.385625, 17.675853], [106.387736, 17.676121], [106.387792, 17.675754]]]}}, {"type": "Feature", "properties": {"TENSONG": null}, "geometry": {"type": "Polygon", "coordinates": [[[106.433468, 17.715942], [106.433247, 17.715151], [106.42881, 17.717114], [106.427404, 17.714916], [106.428659, 17.717162], [106.426145, 17.718367], [106.430064, 17.716684], [106.433468, 17.715942]]]}}, {"type": "Feature", "properties": {"TENSONG": null}, "geometry": {"type": "Polygon", "coordinates": [[[106.254613, 17.738205], [106.255309, 17.737066], [106.255455, 17.733651], [106.256515, 17.732412], [106.255577, 17.732003], [106.254003, 17.733387], [106.253242, 17.733311], [106.252343, 17.731834], [106.252752, 17.730368], [106.252324, 17.729104], [106.251844, 17.728799], [106.251117, 17.729361], [106.250435, 17.73103], [106.24827, 17.730633], [106.246692, 17.73139], [106.243976, 17.731444], [106.242868, 17.732211], [106.242364, 17.732888], [106.242284, 17.733687], [106.243172, 17.73427], [106.244509, 17.734209], [106.244811, 17.734614], [106.24235, 17.737302], [106.241606, 17.737302], [106.239724, 17.735028], [106.238075, 17.737626], [106.23355, 17.737817], [106.229359, 17.739345], [106.228872, 17.738989], [106.228502, 17.735928], [106.227615, 17.735391], [106.226674, 17.735666], [106.226726, 17.737573], [106.223051, 17.73565], [106.222638, 17.735986], [106.222328, 17.737831], [106.221282, 17.737612], [106.220402, 17.735221], [106.219289, 17.73506], [106.2184, 17.733595], [106.21654, 17.733291], [106.217018, 17.731719], [106.215941, 17.731085], [106.214345, 17.728976], [106.213102, 17.729896], [106.213246, 17.730247], [106.214764, 17.731026], [106.213184, 17.733723], [106.213195, 17.734179], [106.214188, 17.736084], [106.212221, 17.736349], [106.209602, 17.737592], [106.209793, 17.736673], [106.209281, 17.736226], [106.206002, 17.737675], [106.203714, 17.735832], [106.201792, 17.73777], [106.200371, 17.737965], [106.197995, 17.736366], [106.197547, 17.73441], [106.19816, 17.73313], [106.197279, 17.731092], [106.196182, 17.730398], [106.195427, 17.730568], [106.194199, 17.732924], [106.193573, 17.733272], [106.194219, 17.734796], [106.193073, 17.734638], [106.192949, 17.735249], [106.193111, 17.735937], [106.192643, 17.736449], [106.190947, 17.736975], [106.19038, 17.734963], [106.190041, 17.734642], [106.18969, 17.734802], [106.188813, 17.736852], [106.188083, 17.736304], [106.187697, 17.734556], [106.187539, 17.734421], [106.186875, 17.734726], [106.186482, 17.735252], [106.187518, 17.734557], [106.187797, 17.736012], [106.188529, 17.736976], [106.189224, 17.736764], [106.189937, 17.734751], [106.190813, 17.73712], [106.192681, 17.736549], [106.193223, 17.735943], [106.193126, 17.73476], [106.19434, 17.734968], [106.193715, 17.733365], [106.194557, 17.732693], [106.195487, 17.730743], [106.196264, 17.73058], [106.197197, 17.731249], [106.198018, 17.733095], [106.197412, 17.734311], [106.197785, 17.736338], [106.200627, 17.738244], [106.201405, 17.738124], [106.202441, 17.737458], [106.203614, 17.736037], [106.205909, 17.737824], [106.209238, 17.736369], [106.209487, 17.737823], [106.212457, 17.736435], [106.214394, 17.736193], [106.213331, 17.733987], [106.214933, 17.731093], [106.214883, 17.730616], [106.213304, 17.730032], [106.214324, 17.729182], [106.215903, 17.73132], [106.216715, 17.731789], [106.216381, 17.733369], [106.218353, 17.733823], [106.218961, 17.735139], [106.220257, 17.735375], [106.221247, 17.737858], [106.222649, 17.738072], [106.222978, 17.73586], [106.226765, 17.738033], [106.227442, 17.73739], [106.226813, 17.736867], [106.226863, 17.735999], [106.227586, 17.735546], [106.228334, 17.735982], [106.2287, 17.739057], [106.229436, 17.739548], [106.233835, 17.738014], [106.238067, 17.737832], [106.239719, 17.735353], [106.241554, 17.737551], [106.242645, 17.737408], [106.245148, 17.734566], [106.244591, 17.734031], [106.242628, 17.733807], [106.242489, 17.733141], [106.243193, 17.732211], [106.244458, 17.731528], [106.246289, 17.731675], [106.248611, 17.730886], [106.250419, 17.731426], [106.251844, 17.72906], [106.252517, 17.730982], [106.25205, 17.731989], [106.25311, 17.733547], [106.253768, 17.733923], [106.255227, 17.7325], [106.255876, 17.732558], [106.255215, 17.73358], [106.255397, 17.734603], [106.254613, 17.738205]]]}}, {"type": "Feature", "properties": {"TENSONG": null}, "geometry": {"type": "Polygon", "coordinates": [[[106.257312, 17.651765], [106.257412, 17.651158], [106.260246, 17.649436], [106.262735, 17.646694], [106.263387, 17.645246], [106.260038, 17.649392], [106.258177, 17.650145], [106.257304, 17.651095], [106.257059, 17.651704], [106.255713, 17.652318], [106.254868, 17.653577], [106.253743, 17.654194], [106.253105, 17.655567], [106.251842, 17.655859], [106.250392, 17.658138], [106.251495, 17.660203], [106.24949, 17.661268], [106.248778, 17.661086], [106.248276, 17.661555], [106.245987, 17.661746], [106.24441, 17.660726], [106.243444, 17.660524], [106.243039, 17.659358], [106.241895, 17.659395], [106.241274, 17.657601], [106.242869, 17.655839], [106.242951, 17.654999], [106.242393, 17.654179], [106.2399, 17.652846], [106.238943, 17.652952], [106.237409, 17.65398], [106.236479, 17.653627], [106.235754, 17.651855], [106.235975, 17.650595], [106.235022, 17.649378], [106.234513, 17.647476], [106.234594, 17.645162], [106.234067, 17.644657], [106.231229, 17.643137], [106.229386, 17.642937], [106.230085, 17.64332], [106.229294, 17.643634], [106.227425, 17.642089], [106.22553, 17.643069], [106.224934, 17.641554], [106.22372, 17.640928], [106.219772, 17.640099], [106.219288, 17.640643], [106.224364, 17.641505], [106.225743, 17.64353], [106.227546, 17.642575], [106.229114, 17.643953], [106.230356, 17.643938], [106.230631, 17.64375], [106.230114, 17.643552], [106.231007, 17.643332], [106.23346, 17.644646], [106.234244, 17.648486], [106.236364, 17.654358], [106.237682, 17.654586], [106.239342, 17.653306], [106.240929, 17.654487], [106.241773, 17.654353], [106.242305, 17.655569], [106.241108, 17.657714], [106.241547, 17.659569], [106.242033, 17.659925], [106.242979, 17.659594], [106.2434, 17.660667], [106.245894, 17.662106], [106.247368, 17.661798], [106.248553, 17.662124], [106.248935, 17.66135], [106.24941, 17.661532], [106.251549, 17.660927], [106.251909, 17.659679], [106.251006, 17.658361], [106.251842, 17.65639], [106.253214, 17.655846], [106.25376, 17.654587], [106.255045, 17.653641], [106.255968, 17.652427], [106.257312, 17.651765]]]}}, {"type": "Feature", "properties": {"TENSONG": null}, "geometry": {"type": "Polygon", "coordinates": [[[106.336585, 17.71507], [106.344218, 17.714439], [106.336711, 17.714929], [106.333367, 17.71322], [106.332792, 17.713596], [106.333616, 17.713436], [106.336585, 17.71507]]]}}, {"type": "Feature", "properties": {"TENSONG": null}, "geometry": {"type": "Polygon", "coordinates": [[[106.368397, 17.745832], [106.369332, 17.745543], [106.367663, 17.74466], [106.365964, 17.742855], [106.365834, 17.741708], [106.365445, 17.741575], [106.366052, 17.7434], [106.368397, 17.745832]]]}}, {"type": "Feature", "properties": {"TENSONG": null}, "geometry": {"type": "Polygon", "coordinates": [[[106.3506, 17.626027], [106.351052, 17.626687], [106.350386, 17.627095], [106.350049, 17.627893], [106.350583, 17.62778], [106.35046, 17.627205], [106.351192, 17.626717], [106.3506, 17.626027]]]}}, {"type": "Feature", "properties": {"TENSONG": null}, "geometry": {"type": "Polygon", "coordinates": [[[106.374751, 17.672813], [106.374988, 17.672557], [106.374987, 17.67199], [106.374751, 17.672813]]]}}, {"type": "Feature", "properties": {"TENSONG": null}, "geometry": {"type": "Polygon", "coordinates": [[[106.263421, 17.624001], [106.26306, 17.624001], [106.26346, 17.625241], [106.263076, 17.626177], [106.262339, 17.626834], [106.260514, 17.627258], [106.259899, 17.628569], [106.261326, 17.630731], [106.261857, 17.630921], [106.26291, 17.630893], [106.263444, 17.631588], [106.263488, 17.633682], [106.264124, 17.636194], [106.262796, 17.638332], [106.262493, 17.639957], [106.262749, 17.641437], [106.26426, 17.643467], [106.263387, 17.645246], [106.264295, 17.644579], [106.264551, 17.643389], [106.263168, 17.641304], [106.262853, 17.639994], [106.263218, 17.638288], [106.264459, 17.636396], [106.263629, 17.633097], [106.263732, 17.631437], [106.263015, 17.630577], [106.261462, 17.63066], [106.260232, 17.628562], [106.260513, 17.627549], [106.262598, 17.627118], [106.263459, 17.626199], [106.263819, 17.625221], [106.263421, 17.624001]]]}}, {"type": "Feature", "properties": {"TENSONG": null}, "geometry": {"type": "Polygon", "coordinates": [[[106.451523, 17.230511], [106.451483, 17.229915], [106.450358, 17.228907], [106.448687, 17.228555], [106.447395, 17.226448], [106.444312, 17.225084], [106.44268, 17.225736], [106.441487, 17.228547], [106.439936, 17.230571], [106.437664, 17.230315], [106.431256, 17.231107], [106.427709, 17.230572], [106.422436, 17.230806], [106.419679, 17.230089], [106.416784, 17.228018], [106.415784, 17.228506], [106.414421, 17.228408], [106.41596, 17.228732], [106.416994, 17.228349], [106.419619, 17.230267], [106.422477, 17.230996], [106.431364, 17.231271], [106.44003, 17.230759], [106.440665, 17.230475], [106.441968, 17.228192], [106.442654, 17.226085], [106.44413, 17.225305], [106.446827, 17.226568], [106.448295, 17.22861], [106.451523, 17.230511]]]}}, {"type": "Feature", "properties": {"TENSONG": null}, "geometry": {"type": "Polygon", "coordinates": [[[106.150323, 17.766002], [106.149938, 17.766978], [106.149417, 17.767096], [106.146705, 17.765827], [106.145094, 17.766519], [106.142082, 17.764943], [106.140778, 17.762373], [106.140483, 17.762159], [106.139132, 17.761964], [106.137566, 17.760505], [106.137724, 17.756672], [106.137605, 17.754659], [106.13675, 17.754534], [106.134857, 17.756161], [106.134929, 17.752927], [106.132252, 17.75078], [106.131606, 17.750693], [106.127902, 17.753326], [106.125581, 17.753085], [106.126344, 17.75145], [106.126384, 17.750656], [106.125847, 17.748743], [106.125275, 17.747765], [106.126255, 17.75081], [106.125532, 17.75321], [106.127776, 17.753558], [106.132116, 17.750923], [106.134626, 17.75285], [106.134773, 17.756336], [106.136834, 17.754657], [106.137488, 17.754815], [106.137522, 17.76073], [106.139017, 17.762057], [106.140749, 17.762547], [106.142129, 17.765161], [106.144915, 17.766587], [106.146835, 17.766086], [106.15005, 17.767775], [106.150323, 17.766002]]]}}, {"type": "Feature", "properties": {"TENSONG": null}, "geometry": {"type": "Polygon", "coordinates": [[[106.122069, 17.861579], [106.117795, 17.861089], [106.121812, 17.861628], [106.120715, 17.862782], [106.119374, 17.863059], [106.119313, 17.863281], [106.119522, 17.863668], [106.120135, 17.863975], [106.12117, 17.863676], [106.122494, 17.86296], [106.124385, 17.863523], [106.12602, 17.863097], [106.125776, 17.866422], [106.125954, 17.866842], [106.126475, 17.867306], [106.126845, 17.867383], [106.129091, 17.866937], [106.129686, 17.867474], [106.127616, 17.869961], [106.129241, 17.868793], [106.129826, 17.867689], [106.12948, 17.866858], [106.128704, 17.866673], [106.12673, 17.867292], [106.125897, 17.866532], [106.126119, 17.862877], [106.124463, 17.863406], [106.122581, 17.862839], [106.120086, 17.863833], [106.119432, 17.863201], [106.121038, 17.862833], [106.122069, 17.861579]]]}}, {"type": "Feature", "properties": {"TENSONG": null}, "geometry": {"type": "Polygon", "coordinates": [[[106.10747, 17.893511], [106.108977, 17.893956], [106.108888, 17.892923], [106.109428, 17.892358], [106.111302, 17.892317], [106.111346, 17.891925], [106.110761, 17.89118], [106.112328, 17.889877], [106.112644, 17.889146], [106.112555, 17.88839], [106.112197, 17.888294], [106.111577, 17.888517], [106.111, 17.888069], [106.111248, 17.88708], [106.110678, 17.886149], [106.109794, 17.885362], [106.110285, 17.883192], [106.110198, 17.880114], [106.112033, 17.87963], [106.114934, 17.87808], [106.115797, 17.877201], [106.115535, 17.875926], [106.11827, 17.875101], [106.11848, 17.874881], [106.118411, 17.874148], [106.119016, 17.873703], [106.11834, 17.873937], [106.118234, 17.874997], [106.115334, 17.875904], [106.115644, 17.877189], [106.115339, 17.87764], [106.111903, 17.879576], [106.110048, 17.87994], [106.110213, 17.882182], [106.109637, 17.885452], [106.111144, 17.887155], [106.110856, 17.888197], [106.111481, 17.888606], [106.112323, 17.88837], [106.112601, 17.888863], [106.11226, 17.889817], [106.110654, 17.891158], [106.111286, 17.892238], [106.109315, 17.8923], [106.108834, 17.892771], [106.10878, 17.893843], [106.107534, 17.89341], [106.106933, 17.89371], [106.106891, 17.894015], [106.107533, 17.895836], [106.106986, 17.893923], [106.10747, 17.893511]]]}}, {"type": "Feature", "properties": {"TENSONG": null}, "geometry": {"type": "Polygon", "coordinates": [[[106.073132, 17.861919], [106.07336, 17.861564], [106.071959, 17.860179], [106.071633, 17.857659], [106.074205, 17.853287], [106.0743, 17.852857], [106.075523, 17.852294], [106.075829, 17.85176], [106.076081, 17.850636], [106.075663, 17.848535], [106.075918, 17.847332], [106.075589, 17.846207], [106.074757, 17.845609], [106.072384, 17.845021], [106.071698, 17.843942], [106.071027, 17.843276], [106.06762, 17.840477], [106.066642, 17.840715], [106.066076, 17.841492], [106.065761, 17.841376], [106.06447, 17.839607], [106.064454, 17.838143], [106.064021, 17.83816], [106.062813, 17.838713], [106.062484, 17.838635], [106.061807, 17.836355], [106.060707, 17.835286], [106.060957, 17.833281], [106.060076, 17.832155], [106.060029, 17.830531], [106.060679, 17.829996], [106.06074, 17.829727], [106.059584, 17.829592], [106.058405, 17.828529], [106.057547, 17.828593], [106.056584, 17.828846], [106.058272, 17.828592], [106.059587, 17.829665], [106.06066, 17.829752], [106.059924, 17.830444], [106.059963, 17.832124], [106.060832, 17.833339], [106.060657, 17.835373], [106.061678, 17.836344], [106.062506, 17.838764], [106.062801, 17.838852], [106.064394, 17.838206], [106.064369, 17.839676], [106.065727, 17.841528], [106.066176, 17.841621], [106.066662, 17.840873], [106.067581, 17.840609], [106.070947, 17.843337], [106.072358, 17.845098], [106.075481, 17.846305], [106.075797, 17.84748], [106.075496, 17.848327], [106.075793, 17.850258], [106.075476, 17.852118], [106.074277, 17.852597], [106.071508, 17.857739], [106.071868, 17.860473], [106.073132, 17.861919]]]}}, {"type": "Feature", "properties": {"TENSONG": null}, "geometry": {"type": "Polygon", "coordinates": [[[106.088741, 17.867122], [106.087575, 17.865721], [106.087183, 17.8643], [106.084738, 17.861821], [106.083935, 17.861865], [106.082445, 17.863944], [106.080775, 17.863576], [106.078082, 17.864151], [106.077541, 17.86401], [106.07515, 17.863987], [106.07325, 17.861959], [106.071222, 17.861055], [106.068747, 17.860729], [106.067043, 17.859636], [106.065553, 17.859382], [106.068812, 17.860872], [106.07322, 17.862038], [106.074029, 17.863349], [106.075132, 17.864084], [106.078198, 17.864289], [106.080533, 17.863734], [106.082713, 17.864006], [106.084103, 17.861973], [106.084681, 17.861929], [106.086995, 17.86431], [106.087366, 17.865686], [106.088741, 17.867122]]]}}, {"type": "Feature", "properties": {"TENSONG": null}, "geometry": {"type": "Polygon", "coordinates": [[[106.495224, 17.116246], [106.496426, 17.115401], [106.496752, 17.113959], [106.496085, 17.113684], [106.493795, 17.113622], [106.491937, 17.112588], [106.491116, 17.11253], [106.490832, 17.110638], [106.490359, 17.110283], [106.484936, 17.110179], [106.483511, 17.11044], [106.480706, 17.111917], [106.477206, 17.112543], [106.476443, 17.112321], [106.475061, 17.110823], [106.474288, 17.11083], [106.470851, 17.113345], [106.465698, 17.1138], [106.461773, 17.113542], [106.460957, 17.112316], [106.460882, 17.111004], [106.460365, 17.110698], [106.456538, 17.114298], [106.455751, 17.114054], [106.455066, 17.112496], [106.452282, 17.112872], [106.452473, 17.114884], [106.451744, 17.115939], [106.450489, 17.115642], [106.449203, 17.114574], [106.447416, 17.11658], [106.445765, 17.116932], [106.441771, 17.116785], [106.440372, 17.115906], [106.438495, 17.116361], [106.432731, 17.115461], [106.43097, 17.119162], [106.429985, 17.118402], [106.430358, 17.116857], [106.430108, 17.116468], [106.426234, 17.11503], [106.422199, 17.115624], [106.421532, 17.116635], [106.421363, 17.118357], [106.420126, 17.117832], [106.417512, 17.119986], [106.415817, 17.119715], [106.415048, 17.119974], [106.413272, 17.119188], [106.412374, 17.121445], [106.409238, 17.121017], [106.408565, 17.12022], [106.408289, 17.118679], [106.405941, 17.120453], [106.408115, 17.118952], [106.408448, 17.120719], [106.408966, 17.121116], [106.412271, 17.121635], [106.413213, 17.120932], [106.413389, 17.119435], [106.415295, 17.120258], [106.415916, 17.119913], [106.417486, 17.120211], [106.420225, 17.118025], [106.421596, 17.118694], [106.422116, 17.116052], [106.426164, 17.115218], [106.429858, 17.11646], [106.430156, 17.116832], [106.429836, 17.118441], [106.430925, 17.119388], [106.431801, 17.118555], [106.432842, 17.115704], [106.438181, 17.116575], [106.440538, 17.116351], [106.44149, 17.117127], [106.446346, 17.117158], [106.447653, 17.116629], [106.44924, 17.114907], [106.450784, 17.115973], [106.451588, 17.116161], [106.452187, 17.115913], [106.452706, 17.114682], [106.452536, 17.112994], [106.454904, 17.112837], [106.455671, 17.114409], [106.457021, 17.114464], [106.460194, 17.111033], [106.460664, 17.11123], [106.460742, 17.112558], [106.461728, 17.11378], [106.465301, 17.113995], [106.47065, 17.113626], [106.474597, 17.110934], [106.476449, 17.112537], [106.47775, 17.112676], [106.480906, 17.11206], [106.483932, 17.11058], [106.490159, 17.110421], [106.490647, 17.110747], [106.490803, 17.112568], [106.493558, 17.113782], [106.496562, 17.114043], [106.496149, 17.115355], [106.495224, 17.116246]]]}}, {"type": "Feature", "properties": {"TENSONG": null}, "geometry": {"type": "Polygon", "coordinates": [[[106.52051, 17.107008], [106.519497, 17.105266], [106.520877, 17.104239], [106.519428, 17.098537], [106.51803, 17.097593], [106.514949, 17.098644], [106.513724, 17.097745], [106.513605, 17.096909], [106.515301, 17.095089], [106.516564, 17.094657], [106.517333, 17.095171], [106.517899, 17.096778], [106.518566, 17.097039], [106.520928, 17.090502], [106.519038, 17.089527], [106.517129, 17.090446], [106.515382, 17.090265], [106.513156, 17.091644], [106.51178, 17.089195], [106.512589, 17.08609], [106.513064, 17.086094], [106.514058, 17.088156], [106.514921, 17.088878], [106.517938, 17.08631], [106.518656, 17.080922], [106.516662, 17.079797], [106.513074, 17.079628], [106.511983, 17.07823], [106.510558, 17.078204], [106.509651, 17.079445], [106.509085, 17.079542], [106.506006, 17.076918], [106.501838, 17.075949], [106.499026, 17.077827], [106.496599, 17.078305], [106.495236, 17.077278], [106.492603, 17.076286], [106.487029, 17.075522], [106.484639, 17.078236], [106.483918, 17.078217], [106.479293, 17.073484], [106.478495, 17.071661], [106.476577, 17.068897], [106.476365, 17.066356], [106.475726, 17.06604], [106.473988, 17.066938], [106.47201, 17.064465], [106.47192, 17.061702], [106.469951, 17.06086], [106.470171, 17.060241], [106.471678, 17.059501], [106.472305, 17.058025], [106.472111, 17.05709], [106.47112, 17.056768], [106.46977, 17.054564], [106.473349, 17.052958], [106.473988, 17.052043], [106.475526, 17.04904], [106.475905, 17.045377], [106.477055, 17.04279], [106.478726, 17.042806], [106.480036, 17.04418], [106.481338, 17.042169], [106.483373, 17.04312], [106.485472, 17.043248], [106.487003, 17.041898], [106.487466, 17.036433], [106.486036, 17.035353], [106.486249, 17.033372], [106.488685, 17.032101], [106.490287, 17.029804], [106.491179, 17.029415], [106.491272, 17.028601], [106.490623, 17.026989], [106.491486, 17.025539], [106.49345, 17.025255], [106.494191, 17.02309], [106.494144, 17.022258], [106.494661, 17.022206], [106.495377, 17.023511], [106.496094, 17.023621], [106.497561, 17.023084], [106.498409, 17.022255], [106.498985, 17.022232], [106.499957, 17.024358], [106.500543, 17.024655], [106.500917, 17.024375], [106.501087, 17.022742], [106.502338, 17.021438], [106.502318, 17.019858], [106.500173, 17.018993], [106.499298, 17.018001], [106.501161, 17.016292], [106.502077, 17.016105], [106.502272, 17.015674], [106.500633, 17.014246], [106.501177, 17.013174], [106.49943, 17.011025], [106.499329, 17.007649], [106.499572, 17.006891], [106.500325, 17.006536], [106.501396, 17.006721], [106.502179, 17.007637], [106.502632, 17.007402], [106.502084, 17.007417], [106.501419, 17.006535], [106.500026, 17.006435], [106.499488, 17.006701], [106.499195, 17.007446], [106.499192, 17.010942], [106.500856, 17.013082], [106.500348, 17.01433], [106.50216, 17.015824], [106.501109, 17.016151], [106.499119, 17.017966], [106.499686, 17.018899], [106.502145, 17.019824], [106.502159, 17.021398], [106.500911, 17.022827], [106.500725, 17.0244], [106.500096, 17.024209], [106.499644, 17.022581], [106.499044, 17.022069], [106.498308, 17.022113], [106.497034, 17.023184], [106.495794, 17.023489], [106.494809, 17.022062], [106.494202, 17.021999], [106.493319, 17.024979], [106.491395, 17.02532], [106.490463, 17.026885], [106.491058, 17.029196], [106.490166, 17.029613], [106.488534, 17.03193], [106.4859, 17.033287], [106.485829, 17.035604], [106.487185, 17.036637], [106.486639, 17.038725], [106.486935, 17.040867], [106.48586, 17.042793], [106.48377, 17.04298], [106.481434, 17.041791], [106.47973, 17.043679], [106.478719, 17.042534], [106.477315, 17.042329], [106.476493, 17.043216], [106.475372, 17.046931], [106.472881, 17.044214], [106.472143, 17.044331], [106.471709, 17.045317], [106.470673, 17.045908], [106.466616, 17.04492], [106.466156, 17.045352], [106.466298, 17.047139], [106.464589, 17.046025], [106.460653, 17.047031], [106.459362, 17.048074], [106.458287, 17.047606], [106.457036, 17.047565], [106.456573, 17.048219], [106.456729, 17.049421], [106.455829, 17.051198], [106.455047, 17.051384], [106.453505, 17.050606], [106.4516, 17.051768], [106.453505, 17.050975], [106.455066, 17.051599], [106.455858, 17.051475], [106.456783, 17.049751], [106.457045, 17.047712], [106.45938, 17.048378], [106.461151, 17.047156], [106.464484, 17.046258], [106.466075, 17.047456], [106.466682, 17.046931], [106.466675, 17.045131], [106.470377, 17.046134], [106.47174, 17.045718], [106.472627, 17.044493], [106.473651, 17.045076], [106.475141, 17.047098], [106.474907, 17.048749], [106.473602, 17.051077], [106.473257, 17.0527], [106.471709, 17.053404], [106.470737, 17.053065], [106.469546, 17.054119], [106.469661, 17.055529], [106.471845, 17.058042], [106.471246, 17.05929], [106.469883, 17.060008], [106.469387, 17.061133], [106.47179, 17.062055], [106.471486, 17.064546], [106.472288, 17.065099], [106.473602, 17.067398], [106.47417, 17.067595], [106.47601, 17.06666], [106.476276, 17.068584], [106.479333, 17.074185], [106.483685, 17.078744], [106.484689, 17.078718], [106.48758, 17.075827], [106.488947, 17.076448], [106.492364, 17.076732], [106.49675, 17.078533], [106.498742, 17.078248], [106.501838, 17.076267], [106.506031, 17.077298], [106.507811, 17.079319], [106.508873, 17.079847], [106.509783, 17.079741], [106.510912, 17.078411], [106.512199, 17.078676], [106.512849, 17.079805], [106.515132, 17.07991], [106.518488, 17.081152], [106.517557, 17.086193], [106.514615, 17.088475], [106.513447, 17.086102], [106.512548, 17.085556], [106.512088, 17.086132], [106.511533, 17.089482], [106.513123, 17.091942], [106.51539, 17.090563], [106.517131, 17.090668], [106.519077, 17.089857], [106.520475, 17.090534], [106.5185, 17.096849], [106.517516, 17.094763], [106.51676, 17.094338], [106.514815, 17.0951], [106.513349, 17.096812], [106.513433, 17.097902], [106.514938, 17.09898], [106.517858, 17.097811], [106.519373, 17.098828], [106.520665, 17.104246], [106.519331, 17.104715], [106.519154, 17.105534], [106.520235, 17.107202], [106.52051, 17.107008]]]}}, {"type": "Feature", "properties": {"TENSONG": null}, "geometry": {"type": "Polygon", "coordinates": [[[106.753122, 17.094932], [106.752339, 17.09457], [106.750324, 17.094695], [106.748908, 17.095948], [106.748892, 17.093506], [106.74729, 17.09319], [106.74617, 17.091055], [106.744911, 17.091281], [106.744135, 17.092406], [106.744601, 17.094735], [106.743132, 17.094448], [106.742642, 17.092588], [106.741061, 17.091723], [106.739651, 17.092134], [106.737341, 17.094014], [106.73576, 17.09239], [106.730482, 17.089494], [106.728928, 17.090817], [106.727727, 17.089321], [106.724362, 17.088327], [106.723783, 17.088272], [106.721843, 17.089454], [106.721388, 17.08794], [106.720863, 17.087682], [106.716948, 17.090065], [106.717434, 17.090993], [106.715801, 17.09237], [106.715124, 17.09391], [106.716234, 17.09512], [106.714571, 17.095971], [106.71315, 17.097733], [106.714518, 17.096245], [106.716516, 17.095062], [106.715285, 17.093933], [106.715995, 17.092413], [106.717575, 17.091143], [106.717269, 17.090104], [106.720711, 17.087897], [106.721971, 17.089635], [106.723967, 17.088443], [106.727318, 17.089414], [106.728557, 17.091211], [106.730574, 17.089912], [106.735824, 17.09264], [106.737388, 17.09444], [106.739819, 17.092225], [106.740869, 17.09189], [106.742374, 17.092565], [106.743065, 17.094745], [106.744574, 17.095014], [106.74497, 17.094413], [106.744547, 17.092128], [106.746042, 17.091297], [106.747086, 17.093498], [106.748529, 17.093696], [106.748361, 17.09604], [106.748734, 17.096399], [106.751991, 17.094721], [106.753076, 17.09503], [106.753801, 17.09629], [106.753455, 17.098115], [106.754011, 17.096408], [106.753122, 17.094932]]]}}, {"type": "Feature", "properties": {"TENSONG": null}, "geometry": {"type": "Polygon", "coordinates": [[[106.641339, 17.07022], [106.641791, 17.063798], [106.641028, 17.063523], [106.638864, 17.06399], [106.63642, 17.062518], [106.637054, 17.060483], [106.637695, 17.059991], [106.639151, 17.059314], [106.639922, 17.059766], [106.641676, 17.059149], [106.641737, 17.058116], [106.641009, 17.056008], [106.642641, 17.054618], [106.642319, 17.051866], [106.642741, 17.047846], [106.640961, 17.043765], [106.639614, 17.042171], [106.639986, 17.041047], [106.639677, 17.038479], [106.637391, 17.037087], [106.635529, 17.037305], [106.634703, 17.038029], [106.634423, 17.04052], [106.632171, 17.041301], [106.629594, 17.040688], [106.628617, 17.039883], [106.628273, 17.038834], [106.631353, 17.035886], [106.631698, 17.034973], [106.631668, 17.034056], [106.630289, 17.032578], [106.63046, 17.031657], [106.635662, 17.032342], [106.636507, 17.031831], [106.63584, 17.03022], [106.636211, 17.029149], [106.638645, 17.029674], [106.639109, 17.029325], [106.639987, 17.025367], [106.639134, 17.024162], [106.641165, 17.020753], [106.640332, 17.020092], [106.638103, 17.019285], [106.637762, 17.018707], [106.638108, 17.018131], [106.636247, 17.016471], [106.635371, 17.01473], [106.635763, 17.013425], [106.638685, 17.012558], [106.639825, 17.010742], [106.639703, 17.009289], [106.638887, 17.008406], [106.639176, 17.006166], [106.638104, 17.002332], [106.638854, 17.001527], [106.642363, 17.001773], [106.644065, 17.001229], [106.645222, 16.999672], [106.645175, 16.998084], [106.647183, 16.996114], [106.646971, 16.995691], [106.64247, 16.993522], [106.640362, 16.991495], [106.639654, 16.986056], [106.638828, 16.983935], [106.638938, 16.981609], [106.638638, 16.979991], [106.640802, 16.977434], [106.640455, 16.976132], [106.639938, 16.975868], [106.638994, 16.97593], [106.636755, 16.976956], [106.634305, 16.975942], [106.634071, 16.974756], [106.635888, 16.974443], [106.63606, 16.972738], [106.63509, 16.971992], [106.633552, 16.97225], [106.633254, 16.971505], [106.634285, 16.970026], [106.634858, 16.970291], [106.635608, 16.970069], [106.635043, 16.967664], [106.635617, 16.966765], [106.636638, 16.96642], [106.635844, 16.96613], [106.636204, 16.964597], [106.635068, 16.963369], [106.635326, 16.962473], [106.634798, 16.963288], [106.636055, 16.964624], [106.634793, 16.96781], [106.635407, 16.969826], [106.634178, 16.969955], [106.633025, 16.971608], [106.633255, 16.972294], [106.635123, 16.972177], [106.635832, 16.972979], [106.635596, 16.974201], [106.633852, 16.974731], [106.633974, 16.975749], [106.63427, 16.976261], [106.637061, 16.977207], [106.638916, 16.976176], [106.640202, 16.976213], [106.640583, 16.977346], [106.638409, 16.979993], [106.638632, 16.984215], [106.639427, 16.986125], [106.639574, 16.989375], [106.640223, 16.991549], [106.641704, 16.993258], [106.646951, 16.99608], [106.644985, 16.997928], [106.644787, 17.0], [106.643497, 17.001321], [106.638567, 17.001351], [106.63789, 17.002303], [106.638916, 17.006025], [106.638681, 17.008444], [106.6394, 17.010346], [106.638415, 17.011982], [106.635512, 17.013194], [106.635075, 17.014485], [106.635749, 17.016422], [106.637291, 17.017806], [106.637513, 17.019039], [106.638696, 17.020158], [106.640014, 17.020137], [106.640888, 17.020964], [106.638867, 17.024348], [106.639637, 17.025675], [106.638835, 17.02671], [106.638907, 17.029049], [106.635954, 17.028865], [106.635394, 17.029714], [106.636237, 17.031274], [106.636056, 17.032041], [106.630227, 17.031395], [106.630123, 17.032891], [106.631494, 17.034569], [106.630865, 17.035768], [106.627811, 17.038653], [106.629071, 17.040811], [106.631959, 17.041636], [106.634664, 17.040766], [106.635177, 17.037711], [106.637346, 17.037342], [106.639346, 17.038911], [106.639328, 17.042195], [106.641496, 17.045462], [106.642391, 17.048119], [106.641987, 17.052266], [106.642412, 17.0546], [106.641021, 17.055045], [106.640651, 17.055841], [106.641447, 17.058883], [106.640203, 17.059436], [106.639097, 17.059074], [106.637062, 17.060039], [106.636158, 17.062667], [106.638574, 17.064243], [106.640886, 17.063697], [106.641687, 17.064141], [106.641331, 17.068936], [106.640751, 17.070212], [106.641339, 17.07022]]]}}, {"type": "Feature", "properties": {"TENSONG": null}, "geometry": {"type": "Polygon", "coordinates": [[[106.642788, 17.070457], [106.640935, 17.070473], [106.64199, 17.070708], [106.642968, 17.070595], [106.644263, 17.068586], [106.644918, 17.068423], [106.645756, 17.068818], [106.645593, 17.070622], [106.645843, 17.071304], [106.646788, 17.071913], [106.648534, 17.072133], [106.646097, 17.07132], [106.645935, 17.06871], [106.644976, 17.068197], [106.644246, 17.06837], [106.642788, 17.070457]]]}}, {"type": "Feature", "properties": {"TENSONG": null}, "geometry": {"type": "Polygon", "coordinates": [[[106.762569, 17.023363], [106.762709, 17.024464], [106.762982, 17.023975], [106.762724, 17.023485], [106.763988, 17.022125], [106.764055, 17.021752], [106.763496, 17.020521], [106.762969, 17.020616], [106.761941, 17.021415], [106.762338, 17.020219], [106.761479, 17.01946], [106.763199, 17.020057], [106.763631, 17.02002], [106.764263, 17.019627], [106.764564, 17.018802], [106.765378, 17.018342], [106.765525, 17.018525], [106.765364, 17.019158], [106.765508, 17.019515], [106.766743, 17.018976], [106.767924, 17.019376], [106.771048, 17.017717], [106.7718, 17.016756], [106.772782, 17.016722], [106.773203, 17.015786], [106.772726, 17.016579], [106.77167, 17.016684], [106.770932, 17.017609], [106.767955, 17.019211], [106.766752, 17.01888], [106.765562, 17.019368], [106.765728, 17.018404], [106.765455, 17.0182], [106.764546, 17.018629], [106.763635, 17.019901], [106.761236, 17.019387], [106.762177, 17.020169], [106.761833, 17.021558], [106.763413, 17.020623], [106.763915, 17.021789], [106.762569, 17.023363]]]}}, {"type": "Feature", "properties": {"TENSONG": null}, "geometry": {"type": "Polygon", "coordinates": [[[106.55366, 17.543542], [106.55276, 17.543237], [106.553707, 17.542068], [106.553615, 17.54138], [106.552714, 17.540512], [106.552977, 17.539358], [106.552714, 17.538915], [106.551653, 17.538431], [106.552328, 17.536929], [106.552445, 17.535991], [106.552277, 17.534462], [106.55204, 17.5341], [106.552847, 17.533472], [106.55192, 17.534077], [106.552287, 17.536169], [106.551553, 17.538436], [106.552877, 17.539382], [106.552568, 17.540523], [106.553608, 17.542064], [106.55273, 17.543099], [106.552682, 17.543348], [106.553479, 17.543844], [106.55366, 17.543542]]]}}, {"type": "Feature", "properties": {"TENSONG": "Sông Lý Hòa"}, "geometry": {"type": "Polygon", "coordinates": [[[106.51616, 17.590541], [106.51664, 17.589037], [106.516307, 17.587229], [106.514743, 17.586571], [106.512292, 17.581821], [106.514481, 17.578511], [106.515937, 17.578741], [106.517444, 17.577813], [106.515721, 17.575067], [106.515213, 17.573321], [106.516478, 17.572001], [106.516968, 17.570342], [106.517438, 17.570492], [106.516881, 17.567675], [106.516178, 17.566518], [106.512668, 17.564589], [106.513427, 17.564124], [106.514492, 17.561582], [106.515882, 17.560916], [106.516263, 17.559914], [106.5157, 17.558959], [106.51502, 17.558824], [106.514697, 17.558056], [106.513361, 17.557416], [106.514962, 17.553951], [106.512928, 17.552676], [106.512643, 17.551989], [106.513257, 17.549656], [106.512725, 17.548276], [106.513999, 17.546422], [106.51406, 17.545178], [106.514624, 17.5444], [106.51427, 17.543706], [106.51459, 17.543246], [106.513928, 17.543087], [106.514468, 17.544496], [106.514027, 17.544989], [106.513859, 17.546432], [106.512536, 17.54843], [106.51309, 17.549827], [106.512233, 17.550013], [106.510938, 17.54843], [106.510127, 17.544324], [106.509403, 17.544138], [106.50928, 17.543169], [106.507706, 17.541478], [106.507696, 17.540866], [106.50663, 17.54043], [106.503854, 17.536812], [106.501348, 17.535361], [106.501222, 17.53364], [106.499819, 17.532607], [106.498924, 17.532442], [106.498673, 17.531522], [106.498223, 17.530855], [106.4977, 17.530902], [106.497465, 17.531861], [106.497038, 17.531796], [106.496704, 17.531168], [106.497534, 17.530041], [106.496967, 17.530449], [106.496509, 17.530127], [106.495506, 17.53046], [106.495214, 17.530137], [106.495493, 17.530628], [106.496767, 17.530394], [106.4966, 17.531352], [106.497225, 17.531986], [106.497598, 17.531999], [106.497612, 17.531352], [106.498194, 17.531034], [106.498829, 17.532598], [106.500977, 17.533733], [106.501201, 17.535413], [106.503807, 17.537152], [106.506217, 17.540438], [106.505047, 17.540054], [106.507448, 17.541098], [106.50798, 17.542098], [106.507666, 17.54265], [106.508476, 17.542443], [106.508518, 17.543275], [106.509115, 17.543175], [106.509339, 17.54434], [106.509903, 17.544412], [106.5108, 17.548623], [106.511939, 17.550044], [106.512665, 17.550416], [106.512432, 17.552402], [106.514723, 17.554025], [106.513151, 17.557322], [106.514912, 17.558896], [106.515575, 17.559016], [106.516142, 17.559912], [106.515861, 17.560788], [106.514426, 17.56147], [106.513356, 17.564068], [106.512452, 17.564525], [106.513689, 17.565609], [106.515747, 17.566429], [106.516758, 17.567816], [106.517323, 17.57014], [106.516947, 17.570275], [106.516636, 17.570676], [106.51638, 17.57189], [106.51503, 17.573202], [106.515426, 17.574777], [106.516661, 17.577566], [106.515904, 17.578578], [106.514399, 17.578383], [106.511791, 17.582038], [106.513431, 17.584319], [106.513855, 17.585863], [106.514634, 17.586654], [106.516187, 17.587284], [106.516519, 17.588992], [106.51616, 17.590541]]]}}, {"type": "Feature", "properties": {"TENSONG": null}, "geometry": {"type": "Polygon", "coordinates": [[[106.581391, 17.551385], [106.582182, 17.550269], [106.582686, 17.548924], [106.581898, 17.545122], [106.581346, 17.543555], [106.581847, 17.542691], [106.581203, 17.543435], [106.582551, 17.548875], [106.580874, 17.551133], [106.581391, 17.551385]]]}}, {"type": "Feature", "properties": {"TENSONG": null}, "geometry": {"type": "Polygon", "coordinates": [[[106.526773, 17.603344], [106.525073, 17.603516], [106.526789, 17.603598], [106.528955, 17.604949], [106.530089, 17.605256], [106.531196, 17.604645], [106.533217, 17.602559], [106.530045, 17.605122], [106.526773, 17.603344]]]}}, {"type": "Feature", "properties": {"TENSONG": null}, "geometry": {"type": "Polygon", "coordinates": [[[106.519603, 17.607778], [106.518637, 17.60701], [106.517366, 17.6067], [106.516434, 17.607392], [106.517555, 17.606935], [106.51862, 17.607189], [106.519208, 17.607961], [106.519603, 17.607778]]]}}, {"type": "Feature", "properties": {"TENSONG": null}, "geometry": {"type": "Polygon", "coordinates": [[[106.512589, 17.564468], [106.512255, 17.563097], [106.511949, 17.563028], [106.512114, 17.563622], [106.51181, 17.563025], [106.511887, 17.561924], [106.512318, 17.561615], [106.512615, 17.560878], [106.512267, 17.560404], [106.511119, 17.559401], [106.510499, 17.559126], [106.511147, 17.558321], [106.510977, 17.557616], [106.511478, 17.557182], [106.511553, 17.556783], [106.511387, 17.556666], [106.510706, 17.557044], [106.509761, 17.554872], [106.50947, 17.5548], [106.50942, 17.555191], [106.507928, 17.554221], [106.509401, 17.555274], [106.50973, 17.554941], [106.510717, 17.557161], [106.511469, 17.556822], [106.510841, 17.557637], [106.5111, 17.55828], [106.510405, 17.55915], [106.512512, 17.56083], [106.511799, 17.561883], [106.51171, 17.563315], [106.512589, 17.564468]]]}}, {"type": "Feature", "properties": {"TENSONG": null}, "geometry": {"type": "Polygon", "coordinates": [[[106.497253, 17.530013], [106.496018, 17.528417], [106.495262, 17.528358], [106.495587, 17.527813], [106.495241, 17.526685], [106.494839, 17.526587], [106.49514, 17.525873], [106.494255, 17.525231], [106.494787, 17.52456], [106.494861, 17.523712], [106.49452, 17.52463], [106.494098, 17.524554], [106.494184, 17.525333], [106.495004, 17.525858], [106.494731, 17.526666], [106.495439, 17.527844], [106.495107, 17.528387], [106.495908, 17.528572], [106.495608, 17.529708], [106.497253, 17.530013]]]}}, {"type": "Feature", "properties": {"TENSONG": null}, "geometry": {"type": "Polygon", "coordinates": [[[106.351312, 17.584418], [106.351105, 17.583935], [106.349249, 17.584249], [106.348847, 17.584571], [106.348247, 17.585787], [106.346373, 17.585746], [106.345087, 17.58479], [106.345033, 17.58412], [106.344465, 17.583665], [106.343818, 17.583655], [106.342395, 17.584367], [106.339888, 17.583111], [106.337843, 17.581134], [106.337964, 17.579799], [106.339078, 17.57868], [106.338542, 17.578106], [106.338104, 17.576936], [106.338294, 17.575895], [106.337812, 17.575375], [106.336769, 17.575945], [106.335401, 17.578091], [106.334244, 17.5774], [106.334653, 17.575525], [106.333651, 17.575542], [106.333324, 17.574838], [106.332552, 17.575015], [106.331927, 17.576494], [106.331374, 17.576566], [106.329566, 17.573203], [106.328675, 17.572061], [106.328725, 17.571204], [106.330236, 17.569813], [106.329584, 17.567565], [106.328726, 17.567265], [106.327625, 17.565519], [106.325352, 17.564537], [106.323761, 17.565312], [106.322762, 17.565268], [106.322796, 17.563188], [106.324096, 17.558918], [106.322751, 17.558511], [106.321742, 17.55864], [106.321361, 17.557663], [106.320294, 17.556404], [106.320097, 17.554865], [106.322203, 17.553124], [106.322361, 17.55275], [106.320455, 17.55079], [106.319811, 17.550637], [106.318678, 17.548907], [106.319633, 17.550727], [106.322209, 17.552676], [106.319829, 17.554956], [106.320063, 17.55637], [106.321718, 17.558762], [106.323941, 17.559001], [106.322665, 17.562995], [106.322552, 17.565517], [106.323917, 17.565472], [106.32522, 17.564767], [106.327519, 17.565656], [106.328625, 17.567614], [106.329463, 17.567622], [106.330073, 17.56977], [106.328601, 17.571014], [106.328436, 17.57198], [106.331101, 17.576442], [106.331534, 17.576805], [106.331881, 17.576756], [106.332789, 17.575046], [106.333541, 17.57564], [106.334356, 17.575631], [106.334131, 17.577551], [106.335374, 17.578274], [106.336987, 17.575911], [106.337908, 17.575592], [106.337978, 17.577026], [106.338572, 17.578385], [106.3389, 17.578717], [106.337801, 17.579843], [106.337738, 17.581465], [106.338862, 17.582605], [106.34151, 17.584305], [106.342625, 17.584487], [106.344501, 17.583782], [106.344924, 17.584791], [106.346098, 17.58578], [106.347277, 17.585933], [106.348454, 17.585818], [106.349288, 17.5844], [106.350845, 17.58407], [106.351312, 17.584418]]]}}, {"type": "Feature", "properties": {"TENSONG": null}, "geometry": {"type": "Polygon", "coordinates": [[[106.345061, 17.619515], [106.345581, 17.619587], [106.344298, 17.617753], [106.34305, 17.617504], [106.341799, 17.617982], [106.341474, 17.617239], [106.341851, 17.616559], [106.340616, 17.615867], [106.340612, 17.615236], [106.33979, 17.614981], [106.340223, 17.614393], [106.340149, 17.613963], [106.338779, 17.614299], [106.339589, 17.612665], [106.339217, 17.612341], [106.338454, 17.612938], [106.337997, 17.612762], [106.337896, 17.612339], [106.338545, 17.611987], [106.338639, 17.611111], [106.33844, 17.611012], [106.337301, 17.611673], [106.336316, 17.611529], [106.33558, 17.610067], [106.334653, 17.611221], [106.334072, 17.610572], [106.333844, 17.610556], [106.333398, 17.611394], [106.33349, 17.610253], [106.332846, 17.610096], [106.332501, 17.610565], [106.331977, 17.609959], [106.331342, 17.61011], [106.331535, 17.609277], [106.331376, 17.609052], [106.331154, 17.610159], [106.331939, 17.610121], [106.332337, 17.610838], [106.333315, 17.610237], [106.333343, 17.611519], [106.3339, 17.611467], [106.333904, 17.610666], [106.334483, 17.611377], [106.335388, 17.61071], [106.336033, 17.611534], [106.336899, 17.611875], [106.33852, 17.611149], [106.33847, 17.611924], [106.337842, 17.612221], [106.337818, 17.612732], [106.33845, 17.613075], [106.339426, 17.612721], [106.338636, 17.613695], [106.338672, 17.614436], [106.340053, 17.614062], [106.339618, 17.615075], [106.340549, 17.615434], [106.340224, 17.616035], [106.341595, 17.616591], [106.341306, 17.617155], [106.341627, 17.618055], [106.344096, 17.61783], [106.345061, 17.619515]]]}}, {"type": "Feature", "properties": {"TENSONG": null}, "geometry": {"type": "Polygon", "coordinates": [[[106.264371, 17.61325], [106.264587, 17.612002], [106.263837, 17.611066], [106.264793, 17.610088], [106.263947, 17.610261], [106.263497, 17.611308], [106.264371, 17.612055], [106.263745, 17.613234], [106.264371, 17.61325]]]}}, {"type": "Feature", "properties": {"TENSONG": null}, "geometry": {"type": "Polygon", "coordinates": [[[106.328166, 17.620574], [106.326681, 17.621048], [106.324851, 17.620661], [106.323691, 17.62134], [106.323496, 17.621853], [106.323124, 17.621514], [106.322796, 17.621638], [106.322712, 17.621996], [106.322403, 17.621612], [106.322145, 17.621709], [106.322596, 17.622106], [106.322947, 17.622035], [106.323038, 17.621671], [106.323535, 17.622037], [106.324973, 17.62084], [106.326955, 17.621246], [106.328166, 17.620574]]]}}, {"type": "Feature", "properties": {"TENSONG": null}, "geometry": {"type": "Polygon", "coordinates": [[[106.614033, 17.311538], [106.607529, 17.308747], [106.607369, 17.306931], [106.605083, 17.306861], [106.605096, 17.308064], [106.60475, 17.308109], [106.603799, 17.306654], [106.60445, 17.305367], [106.604305, 17.304627], [106.605025, 17.303847], [106.604787, 17.303406], [106.604094, 17.303297], [106.603304, 17.304045], [106.601864, 17.303915], [106.60214, 17.302949], [106.601929, 17.302255], [106.601424, 17.301654], [106.600227, 17.302847], [106.598864, 17.302908], [106.597709, 17.30238], [106.598614, 17.302971], [106.599688, 17.303075], [106.600513, 17.302877], [106.601455, 17.301885], [106.60183, 17.304091], [106.603339, 17.304203], [106.604497, 17.303424], [106.604834, 17.303756], [106.604024, 17.304537], [106.604196, 17.305382], [106.603586, 17.306496], [106.604681, 17.308349], [106.605371, 17.308315], [106.605226, 17.307046], [106.606944, 17.307111], [106.607133, 17.308706], [106.60764, 17.309125], [106.614055, 17.311996], [106.614033, 17.311538]]]}}, {"type": "Feature", "properties": {"TENSONG": null}, "geometry": {"type": "Polygon", "coordinates": [[[106.624436, 17.311452], [106.624798, 17.311755], [106.625663, 17.310258], [106.625601, 17.309335], [106.623, 17.307768], [106.622458, 17.306384], [106.623436, 17.301248], [106.624458, 17.299055], [106.627383, 17.29752], [106.628184, 17.296279], [106.627547, 17.294626], [106.625202, 17.293792], [106.624847, 17.293081], [106.627751, 17.289926], [106.630375, 17.285555], [106.62925, 17.284285], [106.624659, 17.28252], [106.624579, 17.281871], [106.62613, 17.280335], [106.626117, 17.278936], [106.625105, 17.277976], [106.625908, 17.279024], [106.625775, 17.280349], [106.624548, 17.281554], [106.624269, 17.282517], [106.629232, 17.284514], [106.630123, 17.285597], [106.62747, 17.289744], [106.624495, 17.293036], [106.625101, 17.294051], [106.627498, 17.295032], [106.627838, 17.296258], [106.627522, 17.296889], [106.624006, 17.299045], [106.622127, 17.304891], [106.622307, 17.307559], [106.625229, 17.309629], [106.624436, 17.311452]]]}}, {"type": "Feature", "properties": {"TENSONG": null}, "geometry": {"type": "Polygon", "coordinates": [[[106.678773, 17.358874], [106.67875, 17.360338], [106.680153, 17.358749], [106.680566, 17.356911], [106.682755, 17.354838], [106.683084, 17.35401], [106.682737, 17.352051], [106.684538, 17.350031], [106.685349, 17.349812], [106.687979, 17.347356], [106.68771, 17.346961], [106.682633, 17.350208], [106.681684, 17.352189], [106.682423, 17.354027], [106.680213, 17.356146], [106.679178, 17.357891], [106.679249, 17.358813], [106.678773, 17.358874]]]}}, {"type": "Feature", "properties": {"TENSONG": null}, "geometry": {"type": "Polygon", "coordinates": [[[106.67875, 17.360338], [106.678773, 17.358874], [106.678085, 17.35849], [106.677668, 17.356206], [106.674032, 17.353454], [106.677634, 17.356485], [106.677925, 17.359241], [106.676886, 17.362195], [106.675303, 17.363896], [106.67418, 17.36401], [106.67371, 17.364274], [106.672118, 17.366257], [106.670797, 17.36642], [106.668496, 17.368087], [106.668271, 17.368454], [106.669718, 17.367537], [106.670708, 17.36747], [106.671466, 17.366653], [106.672928, 17.366405], [106.672358, 17.368006], [106.671732, 17.36837], [106.670627, 17.367937], [106.669541, 17.368316], [106.668715, 17.368995], [106.667971, 17.370563], [106.669777, 17.368347], [106.670589, 17.368065], [106.671872, 17.368491], [106.672975, 17.367837], [106.67367, 17.364577], [106.675288, 17.364038], [106.676161, 17.363084], [106.677592, 17.36253], [106.67875, 17.360338]]]}}, {"type": "Feature", "properties": {"TENSONG": null}, "geometry": {"type": "Polygon", "coordinates": [[[106.644551, 17.325358], [106.643252, 17.324217], [106.645271, 17.326575], [106.644551, 17.325358]]]}}, {"type": "Feature", "properties": {"TENSONG": null}, "geometry": {"type": "Polygon", "coordinates": [[[106.644192, 17.334266], [106.644394, 17.33456], [106.645338, 17.334287], [106.64838, 17.332313], [106.648863, 17.331633], [106.648979, 17.330587], [106.648489, 17.330364], [106.648598, 17.331735], [106.647318, 17.332934], [106.644192, 17.334266]]]}}, {"type": "Feature", "properties": {"TENSONG": null}, "geometry": {"type": "Polygon", "coordinates": [[[106.661491, 17.347428], [106.662535, 17.344979], [106.660969, 17.342298], [106.662266, 17.34547], [106.66168, 17.346946], [106.660625, 17.346752], [106.661491, 17.347428]]]}}, {"type": "Feature", "properties": {"TENSONG": null}, "geometry": {"type": "Polygon", "coordinates": [[[106.666184, 17.347345], [106.665811, 17.347194], [106.664785, 17.348837], [106.665171, 17.348899], [106.666184, 17.347345]]]}}, {"type": "Feature", "properties": {"TENSONG": null}, "geometry": {"type": "Polygon", "coordinates": [[[106.672623, 17.351981], [106.671314, 17.351057], [106.671394, 17.350627], [106.670828, 17.350394], [106.671155, 17.351019], [106.670753, 17.350681], [106.669835, 17.348964], [106.668109, 17.348121], [106.667913, 17.348919], [106.669625, 17.349609], [106.670508, 17.351558], [106.671103, 17.351121], [106.672623, 17.351981]]]}}, {"type": "Feature", "properties": {"TENSONG": null}, "geometry": {"type": "Polygon", "coordinates": [[[106.63077, 17.351662], [106.631395, 17.346804], [106.632414, 17.345265], [106.631277, 17.346518], [106.630844, 17.347741], [106.630917, 17.350064], [106.630386, 17.351272], [106.63077, 17.351662]]]}}, {"type": "Feature", "properties": {"TENSONG": null}, "geometry": {"type": "Polygon", "coordinates": [[[106.633924, 17.348814], [106.636355, 17.346113], [106.636821, 17.344914], [106.633924, 17.348814]]]}}, {"type": "Feature", "properties": {"TENSONG": null}, "geometry": {"type": "Polygon", "coordinates": [[[106.631455, 17.35168], [106.630611, 17.351714], [106.630068, 17.353305], [106.631261, 17.351928], [106.631455, 17.35168]]]}}, {"type": "Feature", "properties": {"TENSONG": null}, "geometry": {"type": "Polygon", "coordinates": [[[106.791728, 17.226893], [106.788693, 17.224314], [106.788902, 17.222782], [106.788014, 17.222704], [106.788318, 17.224796], [106.791126, 17.227114], [106.790771, 17.229421], [106.793385, 17.23198], [106.795127, 17.235758], [106.798469, 17.237826], [106.79971, 17.237665], [106.800989, 17.238331], [106.803248, 17.243421], [106.795456, 17.248145], [106.790647, 17.248685], [106.777731, 17.256661], [106.76111, 17.264124], [106.757481, 17.265067], [106.757972, 17.264402], [106.756851, 17.264712], [106.756488, 17.265132], [106.758136, 17.265543], [106.760178, 17.264964], [106.776501, 17.257687], [106.790548, 17.249118], [106.795337, 17.248599], [106.803494, 17.243857], [106.80348, 17.242275], [106.801475, 17.238129], [106.796479, 17.236055], [106.793863, 17.231536], [106.791711, 17.229786], [106.791291, 17.228523], [106.791728, 17.226893]]]}}, {"type": "Feature", "properties": {"TENSONG": null}, "geometry": {"type": "Polygon", "coordinates": [[[106.775731, 17.267916], [106.778896, 17.265038], [106.778614, 17.264492], [106.77869, 17.265008], [106.777614, 17.265866], [106.770568, 17.270672], [106.769616, 17.270012], [106.768421, 17.267687], [106.766449, 17.266633], [106.765452, 17.265347], [106.762627, 17.263912], [106.760524, 17.26493], [106.762833, 17.264455], [106.765413, 17.265782], [106.766275, 17.266793], [106.768117, 17.267668], [106.769279, 17.269883], [106.770791, 17.271368], [106.770699, 17.270814], [106.775454, 17.267885], [106.776537, 17.270676], [106.777644, 17.271983], [106.776616, 17.270579], [106.775731, 17.267916]]]}}, {"type": "Feature", "properties": {"TENSONG": null}, "geometry": {"type": "Polygon", "coordinates": [[[106.787775, 17.250353], [106.785852, 17.248303], [106.782946, 17.247238], [106.782016, 17.247327], [106.785677, 17.24847], [106.787775, 17.250353]]]}}, {"type": "Feature", "properties": {"TENSONG": null}, "geometry": {"type": "Polygon", "coordinates": [[[106.776126, 17.249], [106.778514, 17.247514], [106.776396, 17.243807], [106.774246, 17.240949], [106.772939, 17.239727], [106.773985, 17.233633], [106.772551, 17.23234], [106.772398, 17.231473], [106.771496, 17.230762], [106.771609, 17.230289], [106.771398, 17.230879], [106.77219, 17.231444], [106.772367, 17.232418], [106.773846, 17.233678], [106.772708, 17.23996], [106.77402, 17.24092], [106.776326, 17.244055], [106.777868, 17.247628], [106.768664, 17.251755], [106.760834, 17.259811], [106.757052, 17.261141], [106.757041, 17.262594], [106.758709, 17.260619], [106.761304, 17.25977], [106.768839, 17.251885], [106.776126, 17.249]]]}}, {"type": "Feature", "properties": {"TENSONG": null}, "geometry": {"type": "Polygon", "coordinates": [[[106.776206, 17.249], [106.776126, 17.249], [106.776162, 17.249022], [106.776206, 17.249]]]}}, {"type": "Feature", "properties": {"TENSONG": null}, "geometry": {"type": "Polygon", "coordinates": [[[106.715453, 16.993226], [106.716976, 16.991691], [106.71536, 16.993068], [106.714236, 16.992894], [106.713663, 16.99182], [106.713233, 16.992883], [106.712334, 16.992812], [106.713424, 16.992951], [106.71365, 16.992019], [106.714104, 16.993009], [106.715453, 16.993226]]]}}, {"type": "Feature", "properties": {"TENSONG": null}, "geometry": {"type": "Polygon", "coordinates": [[[106.194136, 17.876987], [106.194735, 17.87562], [106.194074, 17.876806], [106.193588, 17.87635], [106.191745, 17.876057], [106.191487, 17.876775], [106.191503, 17.878588], [106.191894, 17.876295], [106.194136, 17.876987]]]}}, {"type": "Feature", "properties": {"TENSONG": "Sông Rào Trổ"}, "geometry": {"type": "Polygon", "coordinates": [[[106.23399, 17.928936], [106.23319, 17.928218], [106.231625, 17.928517], [106.231591, 17.925197], [106.230104, 17.923395], [106.228428, 17.922993], [106.226919, 17.921652], [106.227962, 17.921032], [106.228836, 17.919316], [106.231061, 17.918985], [106.23216, 17.918247], [106.233305, 17.916277], [106.232854, 17.91501], [106.23076, 17.914832], [106.229084, 17.912735], [106.229223, 17.912157], [106.235948, 17.912318], [106.237595, 17.911137], [106.23782, 17.909419], [106.235952, 17.908635], [106.232026, 17.908674], [106.23079, 17.908289], [106.228385, 17.909034], [106.225773, 17.908792], [106.224362, 17.906498], [106.227233, 17.901806], [106.229817, 17.900033], [106.231373, 17.897164], [106.230109, 17.895741], [106.228352, 17.896437], [106.226677, 17.895457], [106.223878, 17.896698], [106.219939, 17.893017], [106.21938, 17.893389], [106.21958, 17.891348], [106.220733, 17.890484], [106.221023, 17.889303], [106.219919, 17.887972], [106.216657, 17.888842], [106.216365, 17.88778], [106.217424, 17.885631], [106.216481, 17.883334], [106.216584, 17.881192], [106.215538, 17.880668], [106.211376, 17.881425], [106.209901, 17.882134], [106.20808, 17.881927], [106.206299, 17.878848], [106.204765, 17.873283], [106.202912, 17.873402], [106.198184, 17.876722], [106.195617, 17.876285], [106.195828, 17.875385], [106.196494, 17.874974], [106.196558, 17.873729], [106.196401, 17.87247], [106.194905, 17.869944], [106.195818, 17.867416], [106.195042, 17.864294], [106.195745, 17.862577], [106.196858, 17.861738], [106.197345, 17.860494], [106.194735, 17.853897], [106.193469, 17.848304], [106.190909, 17.846202], [106.187869, 17.846687], [106.188961, 17.847308], [106.187676, 17.847734], [106.183053, 17.847487], [106.181694, 17.846805], [106.181601, 17.845679], [106.182457, 17.846569], [106.182528, 17.84536], [106.18538, 17.843104], [106.185815, 17.841475], [106.185974, 17.839379], [106.184556, 17.835148], [106.184219, 17.831235], [106.18351, 17.829745], [106.180528, 17.82907], [106.177127, 17.826087], [106.176459, 17.824792], [106.177116, 17.822331], [106.180689, 17.820398], [106.185402, 17.816438], [106.182665, 17.81661], [106.179801, 17.819595], [106.176974, 17.821507], [106.175139, 17.825221], [106.176488, 17.827042], [106.18002, 17.829854], [106.181322, 17.830355], [106.1828, 17.830109], [106.183761, 17.831581], [106.183926, 17.8328], [106.183321, 17.834348], [106.18515, 17.839161], [106.184955, 17.842063], [106.181093, 17.845725], [106.181049, 17.846664], [106.182105, 17.847763], [106.185005, 17.848367], [106.18902, 17.847667], [106.189447, 17.846782], [106.190652, 17.84649], [106.193244, 17.848403], [106.193204, 17.849956], [106.195007, 17.856485], [106.197031, 17.860606], [106.196806, 17.861462], [106.19563, 17.862109], [106.194393, 17.864347], [106.195355, 17.867384], [106.194216, 17.869619], [106.196115, 17.873298], [106.195977, 17.874877], [106.194735, 17.87562], [106.194728, 17.876068], [106.196704, 17.877142], [106.198888, 17.877072], [106.201264, 17.874619], [106.2033, 17.873573], [106.204143, 17.873604], [106.206033, 17.879328], [106.207864, 17.882636], [106.209528, 17.882801], [106.211772, 17.881734], [106.215593, 17.881228], [106.216148, 17.883707], [106.216836, 17.88468], [106.216785, 17.886867], [106.215809, 17.887489], [106.216204, 17.888599], [106.216698, 17.889135], [106.219628, 17.888707], [106.220529, 17.88929], [106.219993, 17.890625], [106.219172, 17.891248], [106.218881, 17.892906], [106.219351, 17.893726], [106.222619, 17.89568], [106.222785, 17.89606], [106.222381, 17.896196], [106.223966, 17.89735], [106.225889, 17.896607], [106.227207, 17.896454], [106.228349, 17.896964], [106.230362, 17.89631], [106.230683, 17.896957], [106.229961, 17.898962], [106.22864, 17.900356], [106.226815, 17.901225], [106.225527, 17.904185], [106.223959, 17.905418], [106.223739, 17.906254], [106.22404, 17.907987], [106.225913, 17.909282], [106.230912, 17.908897], [106.232365, 17.9094], [106.236065, 17.908841], [106.237489, 17.909632], [106.237464, 17.910673], [106.236545, 17.911736], [106.229701, 17.911736], [106.228571, 17.912127], [106.228768, 17.913188], [106.23253, 17.916584], [106.230845, 17.918448], [106.228432, 17.918895], [106.227541, 17.920722], [106.226034, 17.921405], [106.227341, 17.922962], [106.230042, 17.924158], [106.230873, 17.925757], [106.23104, 17.927291], [106.230179, 17.927615], [106.230487, 17.928289], [106.230762, 17.927982], [106.231579, 17.92879], [106.232959, 17.928434], [106.23399, 17.928936]]]}}, {"type": "Feature", "properties": {"TENSONG": null}, "geometry": {"type": "Polygon", "coordinates": [[[106.428209, 17.879463], [106.428425, 17.878906], [106.424024, 17.879135], [106.420638, 17.881422], [106.41839, 17.882223], [106.416961, 17.881736], [106.416131, 17.879698], [106.415584, 17.879329], [106.415507, 17.879722], [106.416313, 17.882063], [106.418207, 17.882775], [106.420333, 17.88235], [106.424911, 17.879522], [106.428209, 17.879463]]]}}, {"type": "Feature", "properties": {"TENSONG": null}, "geometry": {"type": "Polygon", "coordinates": [[[106.415644, 17.888491], [106.416254, 17.888523], [106.416538, 17.887297], [106.414006, 17.883797], [106.41452, 17.880149], [106.415313, 17.879564], [106.415304, 17.879057], [106.414815, 17.879085], [106.413815, 17.880015], [106.413443, 17.883579], [106.413956, 17.885201], [106.415936, 17.886854], [106.415644, 17.888491]]]}}, {"type": "Feature", "properties": {"TENSONG": null}, "geometry": {"type": "Polygon", "coordinates": [[[106.413335, 17.891306], [106.412866, 17.891227], [106.412229, 17.892858], [106.41137, 17.893159], [106.409379, 17.891409], [106.406191, 17.889968], [106.405114, 17.890234], [106.40588, 17.892359], [106.405428, 17.893008], [106.402667, 17.893408], [106.401541, 17.89247], [106.398998, 17.891752], [106.397767, 17.892736], [106.396399, 17.891546], [106.394915, 17.892195], [106.393634, 17.891704], [106.393112, 17.892741], [106.392208, 17.893269], [106.390876, 17.8929], [106.388321, 17.893177], [106.388096, 17.893719], [106.388327, 17.897052], [106.387423, 17.898235], [106.386829, 17.8997], [106.387307, 17.900247], [106.385652, 17.905777], [106.38461, 17.91378], [106.382707, 17.915716], [106.38233, 17.916598], [106.381639, 17.916493], [106.380906, 17.916642], [106.380471, 17.917252], [106.380413, 17.918142], [106.381294, 17.922841], [106.381549, 17.921821], [106.380664, 17.917252], [106.381128, 17.916663], [106.382464, 17.916648], [106.384789, 17.913774], [106.385781, 17.907987], [106.385704, 17.906098], [106.387453, 17.900659], [106.387523, 17.898446], [106.388566, 17.896891], [106.388451, 17.893246], [106.392478, 17.89336], [106.3931, 17.892955], [106.393659, 17.891875], [106.394919, 17.892403], [106.396274, 17.891761], [106.397675, 17.892887], [106.398954, 17.891921], [106.401269, 17.89261], [106.402763, 17.893651], [106.405376, 17.893286], [106.406211, 17.892257], [106.40559, 17.890301], [106.40788, 17.890978], [106.411292, 17.893506], [106.412443, 17.893062], [106.413335, 17.891306]]]}}, {"type": "Feature", "properties": {"TENSONG": null}, "geometry": {"type": "Polygon", "coordinates": [[[106.450181, 17.880692], [106.449656, 17.880211], [106.449463, 17.881654], [106.45035, 17.8824], [106.448862, 17.883009], [106.448588, 17.883554], [106.448493, 17.88439], [106.447611, 17.884996], [106.447546, 17.885277], [106.448595, 17.884414], [106.449084, 17.883133], [106.45041, 17.882758], [106.450181, 17.880692]]]}}, {"type": "Feature", "properties": {"TENSONG": null}, "geometry": {"type": "Polygon", "coordinates": [[[106.414396, 17.895807], [106.415584, 17.895225], [106.414747, 17.895153], [106.41462, 17.893427], [106.413912, 17.893502], [106.413622, 17.896226], [106.414319, 17.89631], [106.414396, 17.895807]]]}}, {"type": "Feature", "properties": {"TENSONG": null}, "geometry": {"type": "Polygon", "coordinates": [[[106.459914, 17.886614], [106.459501, 17.886899], [106.460119, 17.889009], [106.460318, 17.888593], [106.459914, 17.886614]]]}}, {"type": "Feature", "properties": {"TENSONG": null}, "geometry": {"type": "Polygon", "coordinates": [[[106.159384, 17.838781], [106.158453, 17.838315], [106.159197, 17.83885], [106.158987, 17.839336], [106.154042, 17.838572], [106.153134, 17.83885], [106.153131, 17.839582], [106.155135, 17.84222], [106.155369, 17.843396], [106.155167, 17.841906], [106.15327, 17.839043], [106.1541, 17.838719], [106.159029, 17.839482], [106.159384, 17.838781]]]}}, {"type": "Feature", "properties": {"TENSONG": null}, "geometry": {"type": "Polygon", "coordinates": [[[106.361047, 17.847541], [106.361935, 17.845638], [106.362083, 17.844065], [106.362739, 17.84424], [106.364837, 17.844142], [106.36542, 17.843808], [106.365659, 17.843207], [106.366152, 17.843049], [106.366813, 17.843378], [106.368388, 17.842831], [106.369825, 17.843275], [106.371128, 17.845112], [106.371715, 17.845358], [106.371444, 17.846614], [106.373351, 17.849238], [106.372555, 17.850388], [106.374388, 17.851075], [106.374749, 17.852495], [106.375425, 17.853943], [106.375925, 17.85415], [106.376675, 17.853818], [106.376985, 17.854731], [106.379316, 17.855924], [106.378217, 17.859136], [106.37848, 17.860172], [106.378997, 17.860551], [106.378992, 17.859459], [106.379361, 17.859284], [106.381096, 17.86001], [106.377659, 17.863915], [106.378659, 17.864457], [106.379754, 17.864062], [106.380027, 17.867446], [106.380777, 17.869488], [106.381197, 17.869561], [106.380234, 17.867162], [106.38002, 17.863984], [106.377952, 17.863898], [106.381423, 17.860067], [106.379442, 17.85909], [106.37893, 17.85916], [106.378975, 17.860254], [106.378635, 17.86018], [106.378387, 17.859178], [106.379615, 17.855989], [106.37856, 17.855007], [106.377079, 17.85462], [106.376961, 17.85365], [106.375377, 17.85372], [106.374601, 17.85105], [106.372841, 17.850431], [106.373615, 17.849383], [106.371627, 17.84663], [106.371883, 17.845452], [106.371229, 17.845044], [106.371148, 17.844356], [106.370066, 17.843252], [106.368398, 17.842714], [106.366804, 17.843259], [106.366242, 17.842927], [106.365595, 17.843103], [106.365204, 17.843849], [106.364356, 17.844119], [106.361858, 17.843937], [106.361047, 17.847541]]]}}, {"type": "Feature", "properties": {"TENSONG": null}, "geometry": {"type": "Polygon", "coordinates": [[[106.26091, 17.81565], [106.261619, 17.815394], [106.260838, 17.815419], [106.260262, 17.812872], [106.25909, 17.811614], [106.259349, 17.81028], [106.259144, 17.808827], [106.256817, 17.807282], [106.258449, 17.805719], [106.258555, 17.803776], [106.256269, 17.799983], [106.25648, 17.799027], [106.257441, 17.798643], [106.25679, 17.79734], [106.256233, 17.79698], [106.256803, 17.796622], [106.256951, 17.796101], [106.256184, 17.794174], [106.256484, 17.793896], [106.256904, 17.794322], [106.257637, 17.793586], [106.258868, 17.793872], [106.262294, 17.793556], [106.261994, 17.792644], [106.261126, 17.79275], [106.261151, 17.793282], [106.260771, 17.792851], [106.260005, 17.793428], [106.257545, 17.793456], [106.256842, 17.794188], [106.25658, 17.793742], [106.256037, 17.794178], [106.256788, 17.795963], [106.256004, 17.796982], [106.25733, 17.798543], [106.25637, 17.798984], [106.256055, 17.800123], [106.258374, 17.803825], [106.258323, 17.805648], [106.256651, 17.807316], [106.25908, 17.808966], [106.258979, 17.811621], [106.260152, 17.812905], [106.260626, 17.815239], [106.26091, 17.81565]]]}}, {"type": "Feature", "properties": {"TENSONG": null}, "geometry": {"type": "Polygon", "coordinates": [[[106.361157, 17.847603], [106.359724, 17.848214], [106.358555, 17.850065], [106.357648, 17.852916], [106.357168, 17.852998], [106.356435, 17.853675], [106.355066, 17.853501], [106.355001, 17.85282], [106.354115, 17.852357], [106.353363, 17.852545], [106.353063, 17.853078], [106.352222, 17.852168], [106.351652, 17.85218], [106.353086, 17.853204], [106.353491, 17.852634], [106.354494, 17.852625], [106.35493, 17.852963], [106.354779, 17.853695], [106.356457, 17.853861], [106.35784, 17.852862], [106.35862, 17.850304], [106.359511, 17.849561], [106.359775, 17.848442], [106.361157, 17.847603]]]}}, {"type": "Feature", "properties": {"TENSONG": null}, "geometry": {"type": "Polygon", "coordinates": [[[106.431173, 17.752547], [106.433323, 17.751248], [106.433054, 17.750662], [106.434691, 17.75086], [106.435037, 17.749807], [106.434451, 17.750467], [106.432756, 17.750608], [106.432893, 17.751205], [106.43192, 17.751552], [106.431173, 17.752547]]]}}, {"type": "Feature", "properties": {"TENSONG": null}, "geometry": {"type": "Polygon", "coordinates": [[[106.399616, 17.765111], [106.399365, 17.765798], [106.399882, 17.766809], [106.398848, 17.767946], [106.399708, 17.768072], [106.399802, 17.769624], [106.400766, 17.769101], [106.401965, 17.770866], [106.401022, 17.768887], [106.399935, 17.768961], [106.400637, 17.768803], [106.400092, 17.768594], [106.400358, 17.766421], [106.399616, 17.765111]]]}}, {"type": "Feature", "properties": {"TENSONG": null}, "geometry": {"type": "Polygon", "coordinates": [[[106.383812, 17.758321], [106.383368, 17.758311], [106.382403, 17.759149], [106.382786, 17.76632], [106.381567, 17.769828], [106.383061, 17.766238], [106.382921, 17.759758], [106.383812, 17.758321]]]}}, {"type": "Feature", "properties": {"TENSONG": null}, "geometry": {"type": "Polygon", "coordinates": [[[106.59681, 17.421582], [106.597998, 17.42421], [106.596993, 17.421424], [106.594954, 17.420823], [106.595427, 17.418636], [106.595279, 17.417575], [106.5937, 17.417805], [106.592012, 17.418514], [106.591016, 17.417815], [106.592101, 17.418673], [106.595118, 17.417755], [106.594592, 17.420724], [106.59681, 17.421582]]]}}, {"type": "Feature", "properties": {"TENSONG": null}, "geometry": {"type": "Polygon", "coordinates": [[[106.618883, 17.425831], [106.619064, 17.424889], [106.6148, 17.423829], [106.613192, 17.422392], [106.611443, 17.422704], [106.60714, 17.424654], [106.603402, 17.424734], [106.6032, 17.425339], [106.602936, 17.424786], [106.601229, 17.424733], [106.598427, 17.423654], [106.598803, 17.42481], [106.597649, 17.424141], [106.597648, 17.42484], [106.598136, 17.425166], [106.602906, 17.426239], [106.603165, 17.425718], [106.603241, 17.426413], [106.603971, 17.426512], [106.60759, 17.426221], [106.610136, 17.424526], [106.611814, 17.424121], [106.618883, 17.425831]]]}}, {"type": "Feature", "properties": {"TENSONG": null}, "geometry": {"type": "Polygon", "coordinates": [[[106.597648, 17.42484], [106.597649, 17.424141], [106.596597, 17.42454], [106.595746, 17.425921], [106.595825, 17.426964], [106.594867, 17.428347], [106.590253, 17.428734], [106.589798, 17.430331], [106.588268, 17.43158], [106.586575, 17.431258], [106.586054, 17.429042], [106.585632, 17.428525], [106.582276, 17.429578], [106.582801, 17.429558], [106.582777, 17.430062], [106.582985, 17.429415], [106.585541, 17.428712], [106.586427, 17.431325], [106.588053, 17.431843], [106.590327, 17.430113], [106.590824, 17.428813], [106.593358, 17.428783], [106.593269, 17.431584], [106.593709, 17.432748], [106.594336, 17.432886], [106.594506, 17.434002], [106.593678, 17.434296], [106.592484, 17.433812], [106.591619, 17.433896], [106.591271, 17.434505], [106.592181, 17.435674], [106.589724, 17.436525], [106.591489, 17.436161], [106.592386, 17.435564], [106.591512, 17.434499], [106.591871, 17.433932], [106.594835, 17.434588], [106.595137, 17.433439], [106.593916, 17.431419], [106.594006, 17.430218], [106.596061, 17.427718], [106.59691, 17.424998], [106.597648, 17.42484]]]}}, {"type": "Feature", "properties": {"TENSONG": null}, "geometry": {"type": "Polygon", "coordinates": [[[106.624038, 17.382378], [106.62388, 17.381595], [106.621984, 17.381806], [106.617779, 17.385372], [106.616977, 17.385024], [106.617567, 17.38382], [106.616791, 17.383023], [106.617454, 17.383786], [106.617001, 17.384037], [106.616837, 17.385171], [106.617879, 17.385589], [106.618212, 17.386338], [106.617929, 17.386914], [106.618546, 17.386783], [106.618444, 17.386342], [106.6188, 17.386566], [106.619384, 17.388063], [106.618971, 17.388665], [106.618202, 17.388715], [106.616583, 17.387347], [106.616694, 17.387629], [106.615264, 17.387305], [106.614789, 17.386628], [106.614614, 17.3869], [106.615107, 17.387744], [106.615857, 17.38746], [106.618035, 17.388852], [106.618934, 17.388865], [106.619499, 17.388296], [106.619454, 17.38743], [106.619101, 17.386575], [106.618113, 17.385746], [106.618221, 17.385249], [106.620231, 17.384094], [106.621737, 17.38236], [106.62359, 17.382055], [106.624038, 17.382378]]]}}, {"type": "Feature", "properties": {"TENSONG": null}, "geometry": {"type": "Polygon", "coordinates": [[[106.629146, 17.460697], [106.627833, 17.459875], [106.626792, 17.458265], [106.625843, 17.454034], [106.627481, 17.451856], [106.628929, 17.452914], [106.629822, 17.452744], [106.627204, 17.451398], [106.626104, 17.453118], [106.625626, 17.453337], [106.625463, 17.452678], [106.625724, 17.448649], [106.626293, 17.448594], [106.625725, 17.448354], [106.625968, 17.445458], [106.626429, 17.445193], [106.625995, 17.445074], [106.626803, 17.444153], [106.626691, 17.440193], [106.628225, 17.436078], [106.628101, 17.434745], [106.626506, 17.432861], [106.625838, 17.433785], [106.625102, 17.433766], [106.624235, 17.432926], [106.623977, 17.431204], [106.624822, 17.427912], [106.624098, 17.426752], [106.62251, 17.425424], [106.619064, 17.424889], [106.618883, 17.425831], [106.621333, 17.425834], [106.623954, 17.427681], [106.624227, 17.428995], [106.623196, 17.431915], [106.62359, 17.433436], [106.62548, 17.434608], [106.627196, 17.434888], [106.627628, 17.435677], [106.625556, 17.441387], [106.625206, 17.441395], [106.624616, 17.444006], [106.625071, 17.44424], [106.624743, 17.448076], [106.623868, 17.452079], [106.624343, 17.452234], [106.62565, 17.456244], [106.624432, 17.456156], [106.623585, 17.457239], [106.62145, 17.458094], [106.624011, 17.457935], [106.626217, 17.459249], [106.626082, 17.460093], [106.627326, 17.461913], [106.627794, 17.464694], [106.629146, 17.460697]]]}}, {"type": "Feature", "properties": {"TENSONG": null}, "geometry": {"type": "Polygon", "coordinates": [[[106.417875, 17.362797], [106.416727, 17.362779], [106.415927, 17.36347], [106.415242, 17.362664], [106.414847, 17.362813], [106.414299, 17.363791], [106.413911, 17.36664], [106.413153, 17.368414], [106.412383, 17.368682], [106.411897, 17.368048], [106.410759, 17.367881], [106.409359, 17.369237], [106.410266, 17.370641], [106.411553, 17.370839], [106.412153, 17.372181], [106.412789, 17.376253], [106.412313, 17.378621], [106.410239, 17.379478], [106.407632, 17.379779], [106.404814, 17.381578], [106.403932, 17.380706], [106.403606, 17.380658], [106.403296, 17.38115], [106.402935, 17.38305], [106.401658, 17.384584], [106.40156, 17.385056], [106.402975, 17.38322], [106.403634, 17.380832], [106.404372, 17.381629], [106.405039, 17.381675], [106.407755, 17.379889], [106.410957, 17.379427], [106.412383, 17.378726], [106.412911, 17.376425], [106.412529, 17.372569], [106.411635, 17.370615], [106.410013, 17.370157], [106.409691, 17.369211], [106.410224, 17.368474], [106.41112, 17.368428], [106.412603, 17.369278], [106.413141, 17.369083], [106.41395, 17.367404], [106.414574, 17.363313], [106.415202, 17.363021], [106.416138, 17.363832], [106.417875, 17.362797]]]}}, {"type": "Feature", "properties": {"TENSONG": null}, "geometry": {"type": "Polygon", "coordinates": [[[106.631289, 17.459266], [106.630152, 17.458397], [106.630879, 17.457735], [106.630309, 17.457229], [106.630412, 17.456366], [106.629762, 17.456898], [106.630399, 17.457622], [106.629832, 17.458665], [106.629074, 17.458475], [106.631053, 17.459606], [106.631289, 17.459266]]]}}, {"type": "Feature", "properties": {"TENSONG": null}, "geometry": {"type": "Polygon", "coordinates": [[[106.861423, 17.20196], [106.872976, 17.199289], [106.878552, 17.196915], [106.880687, 17.195593], [106.880962, 17.195864], [106.880864, 17.195438], [106.881698, 17.195036], [106.879928, 17.195666], [106.878454, 17.196815], [106.872112, 17.199309], [106.870271, 17.199125], [106.861858, 17.200877], [106.861772, 17.200289], [106.860791, 17.200243], [106.861543, 17.200471], [106.861015, 17.20086], [106.861423, 17.20196]]]}}, {"type": "Feature", "properties": {"TENSONG": null}, "geometry": {"type": "Polygon", "coordinates": [[[106.783037, 17.124934], [106.784974, 17.124086], [106.783916, 17.124266], [106.783037, 17.124934]]]}}, {"type": "Feature", "properties": {"TENSONG": null}, "geometry": {"type": "Polygon", "coordinates": [[[106.855752, 17.156446], [106.855584, 17.156297], [106.856565, 17.154419], [106.856337, 17.153288], [106.857368, 17.152322], [106.856855, 17.150242], [106.857168, 17.152432], [106.856191, 17.153266], [106.856385, 17.154361], [106.855549, 17.156238], [106.854707, 17.155897], [106.855752, 17.156446]]]}}, {"type": "Feature", "properties": {"TENSONG": null}, "geometry": {"type": "Polygon", "coordinates": [[[106.854409, 17.16209], [106.854251, 17.161472], [106.853913, 17.16077], [106.853105, 17.160041], [106.853529, 17.159665], [106.853582, 17.158947], [106.855126, 17.158249], [106.855104, 17.157264], [106.854964, 17.158219], [106.853501, 17.158859], [106.852965, 17.15999], [106.854171, 17.161425], [106.85378, 17.161926], [106.854409, 17.16209]]]}}, {"type": "Feature", "properties": {"TENSONG": null}, "geometry": {"type": "Polygon", "coordinates": [[[106.850405, 17.181553], [106.850507, 17.181913], [106.853428, 17.181363], [106.856218, 17.177175], [106.854792, 17.176262], [106.854282, 17.17436], [106.851333, 17.171692], [106.851106, 17.170134], [106.853431, 17.167596], [106.853742, 17.166269], [106.854982, 17.164648], [106.858384, 17.163904], [106.85838, 17.161634], [106.859308, 17.159961], [106.858868, 17.156742], [106.859679, 17.157019], [106.860207, 17.156632], [106.861146, 17.15246], [106.862714, 17.151771], [106.86378, 17.150252], [106.864844, 17.149962], [106.86546, 17.148565], [106.866617, 17.14749], [106.865374, 17.148395], [106.864642, 17.149884], [106.863724, 17.150059], [106.862551, 17.15165], [106.861024, 17.152302], [106.860062, 17.156335], [106.859609, 17.156803], [106.858716, 17.156572], [106.858603, 17.158308], [106.859107, 17.159827], [106.858132, 17.161602], [106.858107, 17.16385], [106.85481, 17.164491], [106.854279, 17.165512], [106.853677, 17.165607], [106.853178, 17.167333], [106.850898, 17.169966], [106.850991, 17.171812], [106.852292, 17.172601], [106.854091, 17.174688], [106.854663, 17.176613], [106.855794, 17.177165], [106.85313, 17.181217], [106.850405, 17.181553]]]}}, {"type": "Feature", "properties": {"TENSONG": null}, "geometry": {"type": "Polygon", "coordinates": [[[106.823751, 17.220435], [106.826311, 17.218628], [106.827207, 17.217431], [106.829629, 17.211452], [106.828568, 17.208148], [106.827609, 17.206758], [106.822855, 17.204796], [106.821831, 17.203933], [106.820487, 17.200507], [106.82201, 17.196443], [106.823077, 17.195501], [106.825073, 17.19491], [106.828627, 17.192783], [106.833721, 17.192959], [106.835688, 17.194157], [106.837301, 17.193489], [106.839237, 17.193816], [106.840975, 17.193466], [106.842527, 17.191946], [106.84484, 17.186496], [106.846711, 17.187088], [106.848099, 17.186615], [106.848171, 17.184419], [106.850507, 17.181913], [106.850405, 17.181553], [106.848047, 17.183802], [106.847657, 17.184752], [106.848044, 17.185785], [106.847626, 17.186499], [106.846674, 17.186769], [106.84536, 17.185935], [106.844538, 17.186237], [106.842435, 17.191233], [106.840897, 17.193069], [106.839286, 17.193435], [106.837234, 17.193059], [106.836017, 17.193745], [106.834641, 17.19342], [106.834501, 17.192858], [106.833486, 17.192448], [106.828404, 17.192369], [106.825314, 17.194243], [106.82273, 17.195187], [106.821274, 17.196689], [106.820019, 17.200295], [106.821259, 17.203944], [106.822546, 17.205169], [106.827038, 17.206754], [106.828126, 17.20807], [106.829223, 17.211542], [106.826957, 17.217106], [106.824022, 17.219952], [106.82228, 17.218841], [106.820366, 17.219572], [106.819248, 17.219346], [106.816646, 17.219591], [106.812752, 17.220584], [106.805435, 17.220415], [106.803256, 17.21924], [106.802322, 17.217635], [106.798488, 17.214294], [106.797236, 17.214478], [106.795288, 17.215821], [106.79835, 17.214481], [106.802244, 17.217835], [106.803064, 17.21928], [106.805259, 17.220555], [106.812184, 17.220826], [106.816867, 17.219747], [106.820331, 17.219834], [106.822267, 17.219035], [106.823751, 17.220435]]]}}, {"type": "Feature", "properties": {"TENSONG": null}, "geometry": {"type": "Polygon", "coordinates": [[[106.84387, 17.212061], [106.835832, 17.220037], [106.830188, 17.224664], [106.829118, 17.224433], [106.827824, 17.224762], [106.826213, 17.226444], [106.823962, 17.227537], [106.821511, 17.226035], [106.821071, 17.226035], [106.808639, 17.230389], [106.80481, 17.230765], [106.803233, 17.232443], [106.799136, 17.232274], [106.79821, 17.231374], [106.7975, 17.228975], [106.794816, 17.226721], [106.794042, 17.22646], [106.792858, 17.226946], [106.791824, 17.22674], [106.791728, 17.226893], [106.792771, 17.22709], [106.794214, 17.226567], [106.794735, 17.226807], [106.797395, 17.229064], [106.798123, 17.231435], [106.799069, 17.232369], [106.802795, 17.232562], [106.803418, 17.232499], [106.804085, 17.23207], [106.804928, 17.230832], [106.808682, 17.230589], [106.820876, 17.226251], [106.821514, 17.226245], [106.823904, 17.227875], [106.826676, 17.226403], [106.827998, 17.225], [106.829169, 17.224573], [106.830258, 17.224854], [106.835809, 17.220256], [106.84387, 17.212061]]]}}, {"type": "Feature", "properties": {"TENSONG": null}, "geometry": {"type": "Polygon", "coordinates": [[[106.826257, 17.226383], [106.825915, 17.223927], [106.823751, 17.220435], [106.8257, 17.224039], [106.826257, 17.226383]]]}}, {"type": "Feature", "properties": {"TENSONG": null}, "geometry": {"type": "Polygon", "coordinates": [[[106.748886, 17.217509], [106.749192, 17.217806], [106.750964, 17.21655], [106.755819, 17.215847], [106.761043, 17.214252], [106.767385, 17.210957], [106.761508, 17.213796], [106.755853, 17.215466], [106.750808, 17.216255], [106.748886, 17.217509]]]}}, {"type": "Feature", "properties": {"TENSONG": null}, "geometry": {"type": "Polygon", "coordinates": [[[106.762974, 17.231749], [106.748886, 17.217509], [106.743139, 17.212748], [106.741256, 17.210307], [106.740962, 17.210507], [106.742219, 17.212222], [106.749309, 17.218457], [106.76169, 17.231039], [106.762666, 17.231971], [106.762974, 17.231749]]]}}, {"type": "Feature", "properties": {"TENSONG": null}, "geometry": {"type": "Polygon", "coordinates": [[[106.782917, 17.223079], [106.782503, 17.221964], [106.781716, 17.221225], [106.782158, 17.219819], [106.780717, 17.218609], [106.780738, 17.217289], [106.779637, 17.216886], [106.776509, 17.213586], [106.774102, 17.212794], [106.772532, 17.208956], [106.773867, 17.212778], [106.776424, 17.213738], [106.77953, 17.216985], [106.780608, 17.217341], [106.780606, 17.218707], [106.782066, 17.219971], [106.781601, 17.22127], [106.782453, 17.222137], [106.782537, 17.223119], [106.782917, 17.223079]]]}}, {"type": "Feature", "properties": {"TENSONG": null}, "geometry": {"type": "Polygon", "coordinates": [[[106.836452, 17.219355], [106.836386, 17.218412], [106.837469, 17.218068], [106.836178, 17.218199], [106.836452, 17.219355]]]}}, {"type": "Feature", "properties": {"TENSONG": null}, "geometry": {"type": "Polygon", "coordinates": [[[106.74065, 17.226149], [106.740439, 17.226449], [106.742343, 17.227385], [106.752014, 17.230881], [106.754156, 17.232728], [106.755709, 17.235079], [106.7557, 17.23441], [106.756366, 17.235172], [106.757947, 17.235786], [106.756264, 17.234796], [106.754209, 17.232561], [106.751983, 17.230629], [106.751958, 17.230174], [106.749263, 17.224904], [106.751616, 17.230418], [106.74065, 17.226149]]]}}, {"type": "Feature", "properties": {"TENSONG": null}, "geometry": {"type": "Polygon", "coordinates": [[[106.785823, 17.179934], [106.784182, 17.179749], [106.784107, 17.179868], [106.785823, 17.179934]]]}}, {"type": "Feature", "properties": {"TENSONG": null}, "geometry": {"type": "Polygon", "coordinates": [[[106.758011, 17.183439], [106.755829, 17.182974], [106.755078, 17.181893], [106.755439, 17.180884], [106.753863, 17.179372], [106.755272, 17.180847], [106.754995, 17.182025], [106.755714, 17.183079], [106.758011, 17.183439]]]}}, {"type": "Feature", "properties": {"TENSONG": null}, "geometry": {"type": "Polygon", "coordinates": [[[106.827966, 17.204345], [106.827126, 17.206374], [106.828072, 17.204382], [106.829208, 17.203815], [106.838519, 17.206467], [106.84021, 17.20641], [106.840975, 17.207021], [106.841649, 17.206259], [106.841436, 17.204349], [106.841977, 17.203756], [106.842942, 17.205239], [106.843899, 17.205722], [106.845076, 17.205617], [106.845041, 17.204368], [106.843769, 17.203488], [106.845169, 17.203023], [106.844057, 17.202976], [106.843691, 17.203381], [106.844166, 17.204156], [106.845007, 17.204488], [106.844656, 17.204849], [106.844876, 17.205568], [106.843115, 17.205143], [106.842424, 17.203615], [106.841513, 17.20386], [106.841015, 17.20678], [106.84011, 17.20616], [106.837462, 17.206018], [106.829402, 17.203662], [106.827966, 17.204345]]]}}, {"type": "Feature", "properties": {"TENSONG": null}, "geometry": {"type": "Polygon", "coordinates": [[[106.782016, 17.247327], [106.782758, 17.24284], [106.783485, 17.241654], [106.791612, 17.237289], [106.794043, 17.236252], [106.795631, 17.236098], [106.795127, 17.235758], [106.792829, 17.236144], [106.783199, 17.241437], [106.782433, 17.242857], [106.781801, 17.246965], [106.779953, 17.247916], [106.77843, 17.247862], [106.779885, 17.248084], [106.782016, 17.247327]]]}}, {"type": "Feature", "properties": {"TENSONG": null}, "geometry": {"type": "Polygon", "coordinates": [[[106.672818, 17.148509], [106.671465, 17.149084], [106.671168, 17.14998], [106.671291, 17.150147], [106.672146, 17.149826], [106.671559, 17.150572], [106.672094, 17.151646], [106.670871, 17.153214], [106.669398, 17.153716], [106.668938, 17.154024], [106.669052, 17.15426], [106.670297, 17.154829], [106.67069, 17.155292], [106.669107, 17.157621], [106.669558, 17.158661], [106.671196, 17.158704], [106.670992, 17.159127], [106.671188, 17.159478], [106.670799, 17.159448], [106.670532, 17.159794], [106.671163, 17.16044], [106.670728, 17.159743], [106.671334, 17.159505], [106.671378, 17.158601], [106.669583, 17.158516], [106.669247, 17.157658], [106.670942, 17.155409], [106.670328, 17.154697], [106.66908, 17.154111], [106.670964, 17.153324], [106.672278, 17.151685], [106.671773, 17.150739], [106.672226, 17.149663], [106.671329, 17.149925], [106.671528, 17.149228], [106.672818, 17.148509]]]}}, {"type": "Feature", "properties": {"TENSONG": null}, "geometry": {"type": "Polygon", "coordinates": [[[106.737369, 17.242323], [106.732004, 17.239946], [106.729606, 17.237187], [106.728897, 17.236827], [106.721843, 17.236207], [106.719285, 17.238324], [106.716956, 17.237779], [106.715772, 17.23558], [106.71419, 17.23514], [106.710918, 17.232624], [106.707911, 17.231325], [106.699479, 17.232687], [106.696617, 17.230875], [106.693131, 17.230049], [106.69057, 17.228559], [106.688928, 17.225254], [106.687434, 17.224019], [106.685459, 17.224021], [106.678443, 17.225725], [106.675979, 17.223904], [106.675563, 17.222406], [106.673561, 17.222241], [106.672477, 17.223398], [106.671364, 17.223053], [106.6705, 17.223195], [106.67259, 17.223612], [106.673652, 17.222545], [106.675215, 17.222518], [106.675969, 17.224157], [106.677234, 17.225431], [106.678398, 17.225862], [106.686533, 17.224195], [106.688386, 17.225183], [106.690208, 17.228582], [106.692892, 17.230317], [106.69646, 17.231241], [106.699964, 17.233191], [106.707824, 17.231672], [106.711066, 17.233211], [106.713556, 17.235288], [106.71576, 17.236033], [106.71628, 17.237757], [106.718677, 17.238676], [106.719635, 17.238514], [106.721369, 17.237179], [106.723457, 17.236631], [106.729103, 17.237018], [106.732103, 17.24021], [106.737217, 17.242499], [106.739419, 17.24451], [106.740732, 17.245085], [106.737369, 17.242323]]]}}, {"type": "Feature", "properties": {"TENSONG": null}, "geometry": {"type": "Polygon", "coordinates": [[[106.740086, 17.226309], [106.740273, 17.225919], [106.725472, 17.218214], [106.724005, 17.216278], [106.722738, 17.215745], [106.722314, 17.214302], [106.720429, 17.214258], [106.720457, 17.213279], [106.720014, 17.212911], [106.714913, 17.212161], [106.712835, 17.210232], [106.710938, 17.209531], [106.705643, 17.209224], [106.711026, 17.209711], [106.712993, 17.210585], [106.714538, 17.212233], [106.718593, 17.21285], [106.718396, 17.213766], [106.719179, 17.212994], [106.720152, 17.213315], [106.720368, 17.214502], [106.722121, 17.214422], [106.722369, 17.215716], [106.723668, 17.216255], [106.72516, 17.218245], [106.732024, 17.222091], [106.726021, 17.236549], [106.732293, 17.222264], [106.740086, 17.226309]]]}}, {"type": "Feature", "properties": {"TENSONG": null}, "geometry": {"type": "Polygon", "coordinates": [[[106.740439, 17.226449], [106.745629, 17.219627], [106.748858, 17.218049], [106.748525, 17.217709], [106.745485, 17.219323], [106.740655, 17.225289], [106.735962, 17.234028], [106.734685, 17.232551], [106.734106, 17.23092], [106.734356, 17.232475], [106.735759, 17.234403], [106.733311, 17.24067], [106.733709, 17.240856], [106.735474, 17.235558], [106.740439, 17.226449]]]}}, {"type": "Feature", "properties": {"TENSONG": null}, "geometry": {"type": "Polygon", "coordinates": [[[106.739302, 17.207663], [106.741008, 17.208003], [106.741438, 17.209254], [106.742213, 17.209712], [106.741195, 17.207626], [106.739302, 17.207663]]]}}, {"type": "Feature", "properties": {"TENSONG": null}, "geometry": {"type": "Polygon", "coordinates": [[[106.898215, 17.181814], [106.899563, 17.181277], [106.901307, 17.179963], [106.903877, 17.179329], [106.90713, 17.176093], [106.908203, 17.173955], [106.909712, 17.173218], [106.909476, 17.172722], [106.907925, 17.173672], [106.906152, 17.176267], [106.905603, 17.176138], [106.905785, 17.17688], [106.903409, 17.179186], [106.901347, 17.179713], [106.898215, 17.181814]]]}}, {"type": "Feature", "properties": {"TENSONG": null}, "geometry": {"type": "Polygon", "coordinates": [[[106.893021, 17.186655], [106.898215, 17.181814], [106.896354, 17.183167], [106.894324, 17.185018], [106.892878, 17.186619], [106.889396, 17.188883], [106.888843, 17.189519], [106.888391, 17.191046], [106.889533, 17.18891], [106.893021, 17.186655]]]}}, {"type": "Feature", "properties": {"TENSONG": null}, "geometry": {"type": "Polygon", "coordinates": [[[105.952783, 17.953961], [105.952067, 17.95326], [105.952539, 17.954191], [105.953827, 17.954418], [105.955568, 17.953601], [105.956043, 17.953017], [105.958116, 17.952968], [105.958893, 17.952456], [105.96004, 17.95469], [105.963253, 17.954545], [105.963505, 17.956172], [105.962615, 17.957047], [105.963235, 17.958053], [105.962012, 17.960015], [105.962313, 17.960255], [105.96335, 17.960248], [105.962339, 17.960003], [105.963527, 17.957869], [105.962967, 17.957052], [105.96391, 17.95616], [105.963422, 17.954376], [105.96013, 17.954467], [105.959503, 17.953059], [105.958733, 17.952245], [105.958025, 17.95275], [105.955876, 17.952894], [105.953895, 17.954162], [105.952783, 17.953961]]]}}, {"type": "Feature", "properties": {"TENSONG": null}, "geometry": {"type": "Polygon", "coordinates": [[[106.019497, 17.904147], [106.018905, 17.902898], [106.01841, 17.902522], [106.018856, 17.901368], [106.019118, 17.89917], [106.018196, 17.899501], [106.017438, 17.899107], [106.016464, 17.897882], [106.01578, 17.897767], [106.013972, 17.895936], [106.012902, 17.896205], [106.012296, 17.89705], [106.012143, 17.895847], [106.011855, 17.896305], [106.012292, 17.897166], [106.013023, 17.896245], [106.013999, 17.896081], [106.014327, 17.896762], [106.017313, 17.899152], [106.018159, 17.899614], [106.018921, 17.899363], [106.018226, 17.902615], [106.019497, 17.904147]]]}}, {"type": "Feature", "properties": {"TENSONG": null}, "geometry": {"type": "Polygon", "coordinates": [[[106.024781, 17.907534], [106.025599, 17.907318], [106.02461, 17.907355], [106.024146, 17.9079], [106.025621, 17.912716], [106.025117, 17.913758], [106.0253, 17.913942], [106.025761, 17.912641], [106.024438, 17.907955], [106.024781, 17.907534]]]}}, {"type": "Feature", "properties": {"TENSONG": null}, "geometry": {"type": "Polygon", "coordinates": [[[106.039437, 17.973591], [106.036639, 17.974471], [106.036044, 17.973967], [106.036164, 17.973045], [106.034998, 17.973676], [106.03478, 17.972325], [106.034492, 17.972288], [106.033679, 17.972747], [106.033926, 17.971511], [106.033773, 17.971071], [106.033079, 17.970952], [106.033059, 17.97172], [106.031867, 17.970611], [106.031591, 17.973092], [106.030381, 17.972811], [106.030178, 17.973147], [106.030634, 17.973744], [106.029771, 17.97419], [106.029935, 17.974881], [106.030786, 17.975138], [106.03045, 17.976082], [106.029161, 17.975616], [106.027395, 17.976773], [106.026542, 17.975808], [106.025996, 17.976668], [106.021828, 17.976691], [106.021272, 17.977651], [106.020858, 17.97748], [106.020658, 17.976341], [106.019481, 17.977143], [106.018191, 17.976969], [106.017457, 17.97792], [106.017662, 17.978851], [106.016691, 17.979421], [106.017328, 17.980637], [106.01621, 17.980896], [106.015486, 17.98189], [106.015032, 17.9812], [106.014221, 17.981652], [106.013903, 17.981337], [106.014187, 17.980242], [106.015059, 17.97984], [106.015246, 17.979318], [106.014314, 17.978926], [106.012453, 17.978596], [106.011437, 17.979132], [106.012709, 17.980546], [106.011113, 17.980191], [106.009838, 17.980939], [106.0089, 17.98027], [106.008025, 17.981087], [106.006596, 17.980243], [106.004841, 17.980946], [106.006549, 17.980485], [106.007122, 17.98107], [106.008286, 17.981183], [106.008984, 17.980475], [106.009792, 17.981097], [106.011238, 17.980305], [106.012917, 17.980702], [106.01304, 17.980329], [106.011773, 17.979181], [106.012555, 17.97876], [106.014979, 17.979363], [106.013891, 17.980445], [106.013777, 17.981958], [106.014967, 17.98129], [106.015446, 17.98209], [106.016323, 17.981], [106.01698, 17.981184], [106.01741, 17.980715], [106.01692, 17.979534], [106.017991, 17.978679], [106.017614, 17.977896], [106.018199, 17.977088], [106.020181, 17.977187], [106.020529, 17.976546], [106.020712, 17.977667], [106.021322, 17.977826], [106.022101, 17.97672], [106.025957, 17.976795], [106.026497, 17.976058], [106.027395, 17.977014], [106.02914, 17.975892], [106.029834, 17.976572], [106.030399, 17.976475], [106.031, 17.975091], [106.029991, 17.974229], [106.030837, 17.973807], [106.030429, 17.972998], [106.031706, 17.973303], [106.032122, 17.970984], [106.033061, 17.971958], [106.033663, 17.971223], [106.033672, 17.97293], [106.034672, 17.972432], [106.034683, 17.973787], [106.035897, 17.973376], [106.035827, 17.973989], [106.036749, 17.97464], [106.039558, 17.973727], [106.040935, 17.974083], [106.043621, 17.973427], [106.043856, 17.974432], [106.044771, 17.974386], [106.045846, 17.975942], [106.048031, 17.976139], [106.0483, 17.976827], [106.047702, 17.977098], [106.047704, 17.97738], [106.048115, 17.977631], [106.048865, 17.977713], [106.04895, 17.97853], [106.04919, 17.978634], [106.049884, 17.978406], [106.050799, 17.979319], [106.05078, 17.979529], [106.050335, 17.979527], [106.050147, 17.979872], [106.050987, 17.980671], [106.05163, 17.980539], [106.052089, 17.981258], [106.051828, 17.981843], [106.052675, 17.983015], [106.053474, 17.982939], [106.054079, 17.983825], [106.055247, 17.982795], [106.055917, 17.983672], [106.057051, 17.983551], [106.057729, 17.984255], [106.05841, 17.984476], [106.059169, 17.984376], [106.058701, 17.985483], [106.058893, 17.985616], [106.059395, 17.984602], [106.059195, 17.984191], [106.058197, 17.984308], [106.057241, 17.983483], [106.055865, 17.98347], [106.055346, 17.982622], [106.053995, 17.983634], [106.053513, 17.982821], [106.052783, 17.982934], [106.051941, 17.981795], [106.052209, 17.981291], [106.051706, 17.980446], [106.050787, 17.9804], [106.050267, 17.979836], [106.050916, 17.979548], [106.050909, 17.979257], [106.049907, 17.978279], [106.04904, 17.978444], [106.048938, 17.977614], [106.047818, 17.97731], [106.048423, 17.976865], [106.048119, 17.976049], [106.045932, 17.975849], [106.045, 17.974233], [106.043956, 17.97428], [106.04365, 17.973284], [106.041205, 17.973929], [106.039437, 17.973591]]]}}, {"type": "Feature", "properties": {"TENSONG": null}, "geometry": {"type": "Polygon", "coordinates": [[[106.031679, 17.97141], [106.031634, 17.970802], [106.030756, 17.971553], [106.029297, 17.970568], [106.029919, 17.969741], [106.029803, 17.969404], [106.027983, 17.967699], [106.026011, 17.96785], [106.025179, 17.96889], [106.024205, 17.967446], [106.023809, 17.967257], [106.023189, 17.967374], [106.023273, 17.966499], [106.022574, 17.965668], [106.02397, 17.964177], [106.023282, 17.963752], [106.022276, 17.964259], [106.021591, 17.961226], [106.019885, 17.961505], [106.020502, 17.9609], [106.020023, 17.960186], [106.020333, 17.959636], [106.019937, 17.958059], [106.019498, 17.957385], [106.020119, 17.957333], [106.020433, 17.956475], [106.020355, 17.955622], [106.020926, 17.955331], [106.021061, 17.955082], [106.020053, 17.953457], [106.020507, 17.952428], [106.02223, 17.952364], [106.02208, 17.950792], [106.022425, 17.950878], [106.022705, 17.950486], [106.022437, 17.948591], [106.023151, 17.948576], [106.023354, 17.947995], [106.023812, 17.948293], [106.02445, 17.948268], [106.02469, 17.947561], [106.024265, 17.947493], [106.024168, 17.948202], [106.023192, 17.947667], [106.023084, 17.948478], [106.022282, 17.948405], [106.022052, 17.948659], [106.022573, 17.950413], [106.02197, 17.950792], [106.022039, 17.952334], [106.020521, 17.952275], [106.020014, 17.952786], [106.019938, 17.953603], [106.020904, 17.95512], [106.020225, 17.955598], [106.020079, 17.957182], [106.019363, 17.95734], [106.019997, 17.958549], [106.019928, 17.960306], [106.020355, 17.960927], [106.019609, 17.961677], [106.021549, 17.961403], [106.021381, 17.962323], [106.021816, 17.962487], [106.022109, 17.964379], [106.023361, 17.964201], [106.02245, 17.965622], [106.023146, 17.966575], [106.023104, 17.967458], [106.024127, 17.967522], [106.025186, 17.969018], [106.026038, 17.967954], [106.027601, 17.968182], [106.027996, 17.967838], [106.029761, 17.969593], [106.029144, 17.97031], [106.029157, 17.970566], [106.02959, 17.970993], [106.030669, 17.971714], [106.031464, 17.970982], [106.031679, 17.97141]]]}}, {"type": "Feature", "properties": {"TENSONG": null}, "geometry": {"type": "Polygon", "coordinates": [[[106.032039, 17.96891], [106.032491, 17.97104], [106.032549, 17.970209], [106.032146, 17.968907], [106.031994, 17.968636], [106.031546, 17.968516], [106.032989, 17.967236], [106.032934, 17.966681], [106.034483, 17.966315], [106.034541, 17.966008], [106.033862, 17.966141], [106.033716, 17.965369], [106.034274, 17.964733], [106.034401, 17.96404], [106.033579, 17.965201], [106.033664, 17.966305], [106.032747, 17.966566], [106.032758, 17.967058], [106.031701, 17.967654], [106.031453, 17.968689], [106.032039, 17.96891]]]}}, {"type": "Feature", "properties": {"TENSONG": null}, "geometry": {"type": "Polygon", "coordinates": [[[106.029883, 17.968084], [106.029803, 17.969404], [106.030054, 17.968872], [106.030005, 17.968085], [106.029178, 17.966913], [106.0292, 17.966172], [106.028891, 17.965316], [106.028938, 17.966651], [106.029883, 17.968084]]]}}, {"type": "Feature", "properties": {"TENSONG": null}, "geometry": {"type": "Polygon", "coordinates": [[[106.039115, 17.973697], [106.039497, 17.972931], [106.038084, 17.972543], [106.0388, 17.971816], [106.03951, 17.972258], [106.03989, 17.971756], [106.039683, 17.971238], [106.039569, 17.97209], [106.038906, 17.97175], [106.038633, 17.971769], [106.037905, 17.972656], [106.039409, 17.973007], [106.039115, 17.973697]]]}}, {"type": "Feature", "properties": {"TENSONG": null}, "geometry": {"type": "Polygon", "coordinates": [[[106.032386, 17.897171], [106.032116, 17.898995], [106.032558, 17.899764], [106.032704, 17.897993], [106.032386, 17.897171]]]}}, {"type": "Feature", "properties": {"TENSONG": null}, "geometry": {"type": "Polygon", "coordinates": [[[106.219325, 17.640685], [106.218885, 17.640529], [106.218374, 17.641314], [106.217967, 17.644395], [106.216623, 17.647043], [106.215815, 17.647586], [106.215997, 17.648696], [106.214794, 17.649696], [106.213631, 17.65177], [106.213753, 17.652637], [106.215887, 17.653949], [106.215018, 17.655806], [106.212563, 17.658178], [106.201086, 17.657817], [106.199988, 17.658625], [106.199792, 17.660121], [106.197647, 17.660431], [106.194723, 17.65953], [106.192383, 17.657308], [106.187941, 17.657197], [106.18373, 17.659716], [106.182899, 17.660622], [106.181316, 17.659817], [106.1828, 17.66085], [106.183846, 17.659883], [106.188753, 17.657414], [106.19236, 17.657566], [106.194681, 17.65986], [106.198293, 17.660785], [106.199837, 17.660365], [106.201478, 17.658097], [106.206638, 17.658088], [106.211371, 17.659009], [106.212959, 17.658587], [106.215391, 17.656887], [106.21692, 17.654504], [106.216666, 17.653741], [106.213868, 17.652126], [106.214784, 17.650165], [106.216196, 17.649432], [106.216364, 17.648214], [106.217365, 17.647148], [106.218535, 17.643845], [106.218465, 17.642296], [106.219325, 17.640685]]]}}, {"type": "Feature", "properties": {"TENSONG": null}, "geometry": {"type": "Polygon", "coordinates": [[[106.182323, 17.698157], [106.182428, 17.697682], [106.176246, 17.699515], [106.170109, 17.69887], [106.167796, 17.699636], [106.16859, 17.697217], [106.160419, 17.696046], [106.160289, 17.695545], [106.161257, 17.694425], [106.159868, 17.692922], [106.160242, 17.691569], [106.159754, 17.691055], [106.158838, 17.691387], [106.15834, 17.692787], [106.158648, 17.693671], [106.157655, 17.693375], [106.156889, 17.6941], [106.155941, 17.693389], [106.153145, 17.694049], [106.152784, 17.693721], [106.153956, 17.692828], [106.154108, 17.692144], [106.151054, 17.691966], [106.149914, 17.689649], [106.148157, 17.690709], [106.148425, 17.68772], [106.147524, 17.687286], [106.146727, 17.687467], [106.146446, 17.688052], [106.146814, 17.688739], [106.146536, 17.688802], [106.145568, 17.688033], [106.145429, 17.686585], [106.144893, 17.68632], [106.143661, 17.68628], [106.14314, 17.687768], [106.14179, 17.686251], [106.14092, 17.685948], [106.139681, 17.688186], [106.138346, 17.688301], [106.137422, 17.687794], [106.13611, 17.688309], [106.133958, 17.687281], [106.136068, 17.688476], [106.13733, 17.688027], [106.138265, 17.68851], [106.139791, 17.688422], [106.140949, 17.686225], [106.141498, 17.686269], [106.143156, 17.687969], [106.143839, 17.686457], [106.144743, 17.686529], [106.145169, 17.686778], [106.145384, 17.688121], [106.146333, 17.688939], [106.147081, 17.688881], [106.146631, 17.688044], [106.147085, 17.687633], [106.148207, 17.687976], [106.148144, 17.690939], [106.149843, 17.689817], [106.150291, 17.691443], [106.150995, 17.692181], [106.153813, 17.692288], [106.152537, 17.693678], [106.15318, 17.694266], [106.155988, 17.693676], [106.15719, 17.694425], [106.157773, 17.69368], [106.158978, 17.693812], [106.158774, 17.692254], [106.15914, 17.691359], [106.159726, 17.691274], [106.159705, 17.692982], [106.161054, 17.694457], [106.160041, 17.69544], [106.160162, 17.696123], [106.162619, 17.69683], [106.168362, 17.697438], [106.167371, 17.699579], [106.167887, 17.699896], [106.170251, 17.699146], [106.17685, 17.699697], [106.182323, 17.698157]]]}}, {"type": "Feature", "properties": {"TENSONG": null}, "geometry": {"type": "Polygon", "coordinates": [[[106.187941, 17.657197], [106.186629, 17.656738], [106.184322, 17.656776], [106.187681, 17.657426], [106.187941, 17.657197]]]}}, {"type": "Feature", "properties": {"TENSONG": null}, "geometry": {"type": "Polygon", "coordinates": [[[106.218885, 17.640529], [106.219701, 17.6401], [106.218098, 17.639786], [106.21783, 17.641455], [106.217018, 17.641998], [106.216301, 17.64127], [106.215585, 17.639138], [106.214706, 17.638612], [106.213765, 17.638891], [106.213936, 17.639901], [106.213179, 17.640774], [106.213842, 17.640709], [106.214528, 17.638849], [106.215499, 17.63935], [106.216081, 17.641365], [106.216994, 17.64221], [106.218146, 17.641467], [106.218246, 17.639974], [106.218885, 17.640529]]]}}, {"type": "Feature", "properties": {"TENSONG": null}, "geometry": {"type": "Polygon", "coordinates": [[[106.415736, 17.362632], [106.417875, 17.362797], [106.418569, 17.361798], [106.418137, 17.359102], [106.417071, 17.357061], [106.41856, 17.357009], [106.419406, 17.356595], [106.420307, 17.35453], [106.419742, 17.350684], [106.418517, 17.347667], [106.419491, 17.341824], [106.42041, 17.341832], [106.421606, 17.342935], [106.423305, 17.347525], [106.424192, 17.348098], [106.425705, 17.348303], [106.426309, 17.348148], [106.428228, 17.344068], [106.427314, 17.342232], [106.426158, 17.341588], [106.426747, 17.339783], [106.42915, 17.337726], [106.431225, 17.337279], [106.432601, 17.335911], [106.433061, 17.335155], [106.432905, 17.334895], [106.43134, 17.336889], [106.428736, 17.337589], [106.426662, 17.339613], [106.426066, 17.341703], [106.427482, 17.343237], [106.427938, 17.344485], [106.426015, 17.348133], [106.423755, 17.347575], [106.422983, 17.34479], [106.420879, 17.341883], [106.419652, 17.3415], [106.418999, 17.342156], [106.418353, 17.347468], [106.420116, 17.354451], [106.419127, 17.356495], [106.418496, 17.356843], [106.417215, 17.356482], [106.41665, 17.357187], [106.418066, 17.361285], [106.417536, 17.362355], [106.415981, 17.362486], [106.414734, 17.361946], [106.413022, 17.360377], [106.412119, 17.358522], [106.411149, 17.358629], [106.408678, 17.360329], [106.405359, 17.358722], [106.404761, 17.359009], [106.404952, 17.362098], [106.402052, 17.363295], [106.400681, 17.36526], [106.399629, 17.365533], [106.398974, 17.366087], [106.398201, 17.36582], [106.397556, 17.364246], [106.396756, 17.363802], [106.391897, 17.364346], [106.390565, 17.365058], [106.390023, 17.365851], [106.390055, 17.368709], [106.389267, 17.370352], [106.387215, 17.369894], [106.384062, 17.367872], [106.383804, 17.366324], [106.382749, 17.363979], [106.382391, 17.363916], [106.380516, 17.365104], [106.376841, 17.365219], [106.376567, 17.364577], [106.376917, 17.363782], [106.37882, 17.362661], [106.378696, 17.361837], [106.377574, 17.360811], [106.376493, 17.361009], [106.373883, 17.363684], [106.37298, 17.361668], [106.372807, 17.359584], [106.370743, 17.361668], [106.369624, 17.362092], [106.368433, 17.36171], [106.368335, 17.359803], [106.365912, 17.35878], [106.365174, 17.359156], [106.363583, 17.361773], [106.363371, 17.36036], [106.361969, 17.35966], [106.36226, 17.358247], [106.361918, 17.357989], [106.358777, 17.358861], [106.356756, 17.359891], [106.355823, 17.359919], [106.35403, 17.358685], [106.354954, 17.356701], [106.354795, 17.355422], [106.351106, 17.355122], [106.347823, 17.35257], [106.350981, 17.355277], [106.354526, 17.355634], [106.354718, 17.35659], [106.353819, 17.358631], [106.354548, 17.359559], [106.35575, 17.360059], [106.356654, 17.360064], [106.361701, 17.358208], [106.361929, 17.359975], [106.363209, 17.360525], [106.363533, 17.362054], [106.365886, 17.359022], [106.368021, 17.359828], [106.368365, 17.361999], [106.369891, 17.362272], [106.371189, 17.361539], [106.372477, 17.359996], [106.373443, 17.363698], [106.373866, 17.364027], [106.376643, 17.361176], [106.377746, 17.361365], [106.378619, 17.362352], [106.376841, 17.36355], [106.376472, 17.36458], [106.376841, 17.365427], [106.380661, 17.365222], [106.382604, 17.364064], [106.383696, 17.36648], [106.383852, 17.367979], [106.385112, 17.368888], [106.388203, 17.37042], [106.389403, 17.37046], [106.389886, 17.370092], [106.390459, 17.368502], [106.390246, 17.366502], [106.390673, 17.365176], [106.392483, 17.364435], [106.396796, 17.363952], [106.397416, 17.364366], [106.398092, 17.366152], [106.399165, 17.366161], [106.400934, 17.365324], [106.402207, 17.363366], [106.403603, 17.363102], [106.405038, 17.362149], [106.404935, 17.359325], [106.405375, 17.358993], [106.40865, 17.36049], [106.411216, 17.358739], [106.412134, 17.35868], [106.412879, 17.360408], [106.414192, 17.36171], [106.415736, 17.362632]]]}}, {"type": "Feature", "properties": {"TENSONG": null}, "geometry": {"type": "Polygon", "coordinates": [[[106.431045, 17.334616], [106.433311, 17.334624], [106.430882, 17.33439], [106.428524, 17.335649], [106.431045, 17.334616]]]}}, {"type": "Feature", "properties": {"TENSONG": null}, "geometry": {"type": "Polygon", "coordinates": [[[106.451064, 17.335232], [106.451963, 17.335596], [106.452699, 17.333974], [106.454839, 17.334428], [106.456473, 17.333869], [106.45831, 17.335288], [106.460218, 17.338283], [106.461595, 17.339114], [106.462272, 17.339274], [106.462905, 17.338541], [106.463141, 17.336707], [106.464105, 17.335796], [106.464372, 17.334721], [106.464982, 17.334383], [106.466378, 17.334789], [106.466883, 17.334438], [106.466026, 17.334638], [106.465119, 17.334174], [106.464366, 17.334424], [106.463903, 17.335869], [106.463043, 17.336618], [106.462501, 17.338942], [106.462073, 17.339081], [106.460539, 17.338243], [106.458383, 17.335055], [106.456505, 17.333717], [106.454676, 17.334011], [106.45268, 17.333692], [106.451744, 17.335312], [106.451064, 17.335232]]]}}, {"type": "Feature", "properties": {"TENSONG": null}, "geometry": {"type": "Polygon", "coordinates": [[[106.75922, 16.967118], [106.758397, 16.965705], [106.757235, 16.965005], [106.756446, 16.965148], [106.756181, 16.966065], [106.757012, 16.965115], [106.758271, 16.965843], [106.75922, 16.967118]]]}}, {"type": "Feature", "properties": {"TENSONG": null}, "geometry": {"type": "Polygon", "coordinates": [[[106.672469, 17.148463], [106.674005, 17.147802], [106.675343, 17.145606], [106.676872, 17.145804], [106.678469, 17.143744], [106.679955, 17.143602], [106.680756, 17.144232], [106.681894, 17.143131], [106.682484, 17.143594], [106.684183, 17.143649], [106.68259, 17.146254], [106.682637, 17.147037], [106.683628, 17.147153], [106.686527, 17.146186], [106.68791, 17.147161], [106.688906, 17.147339], [106.689425, 17.145867], [106.691615, 17.144366], [106.691804, 17.143126], [106.695214, 17.142562], [106.697166, 17.140628], [106.70072, 17.144227], [106.701445, 17.144661], [106.701867, 17.1446], [106.702044, 17.14233], [106.701661, 17.140657], [106.703818, 17.139327], [106.704133, 17.13892], [106.704273, 17.13736], [106.706014, 17.136312], [106.706722, 17.135484], [106.707357, 17.134216], [106.706826, 17.132131], [106.707956, 17.131189], [106.709221, 17.12917], [106.716119, 17.125458], [106.717091, 17.124618], [106.717061, 17.123995], [106.715759, 17.122338], [106.716093, 17.121837], [106.716448, 17.120412], [106.719058, 17.120081], [106.72063, 17.118534], [106.721897, 17.11932], [106.722621, 17.11916], [106.724361, 17.117612], [106.725184, 17.116027], [106.726392, 17.115213], [106.727135, 17.116328], [106.729116, 17.118018], [106.730554, 17.1183], [106.732358, 17.116391], [106.730818, 17.114363], [106.735417, 17.113793], [106.737343, 17.112041], [106.738421, 17.110034], [106.739762, 17.109044], [106.740474, 17.107811], [106.744763, 17.105813], [106.746668, 17.11022], [106.746614, 17.1114], [106.748324, 17.113183], [106.74951, 17.113302], [106.751433, 17.112188], [106.752655, 17.110057], [106.754335, 17.110508], [106.754335, 17.11031], [106.752767, 17.10985], [106.751787, 17.11059], [106.751538, 17.111901], [106.749355, 17.113202], [106.748309, 17.113026], [106.746834, 17.111283], [106.74673, 17.109992], [106.745043, 17.105823], [106.7446, 17.105674], [106.740293, 17.107699], [106.73958, 17.108964], [106.738329, 17.109899], [106.737351, 17.111763], [106.735025, 17.113787], [106.732407, 17.113769], [106.730654, 17.114296], [106.730502, 17.11468], [106.732126, 17.116303], [106.730646, 17.117951], [106.729178, 17.117757], [106.727315, 17.116178], [106.727056, 17.114978], [106.726645, 17.114899], [106.725109, 17.115726], [106.724193, 17.117463], [106.722633, 17.119006], [106.721855, 17.119118], [106.720521, 17.11833], [106.719008, 17.119861], [106.716359, 17.120328], [106.715535, 17.122313], [106.716807, 17.123993], [106.716778, 17.124746], [106.70919, 17.129037], [106.706744, 17.131973], [106.706508, 17.132688], [106.707157, 17.134243], [106.706596, 17.135324], [106.7041, 17.137263], [106.703826, 17.13912], [106.70156, 17.140606], [106.7019, 17.142285], [106.701495, 17.144454], [106.697146, 17.140377], [106.695171, 17.142323], [106.691678, 17.142951], [106.691485, 17.144269], [106.689301, 17.14569], [106.68853, 17.14708], [106.68658, 17.145931], [106.68302, 17.146958], [106.682834, 17.14626], [106.684555, 17.143398], [106.682367, 17.143361], [106.681891, 17.142817], [106.680974, 17.143844], [106.679772, 17.143352], [106.678391, 17.143643], [106.676708, 17.145708], [106.675176, 17.14542], [106.673931, 17.147586], [106.672703, 17.148317], [106.672557, 17.147041], [106.673196, 17.146283], [106.672876, 17.145988], [106.670065, 17.146922], [106.669444, 17.14758], [106.66707, 17.148245], [106.665869, 17.147785], [106.663245, 17.148032], [106.661864, 17.147162], [106.661331, 17.147141], [106.66072, 17.146425], [106.66102, 17.14577], [106.660115, 17.145049], [106.658603, 17.14538], [106.658139, 17.147392], [106.657286, 17.147165], [106.656552, 17.147419], [106.655583, 17.147996], [106.655376, 17.148787], [106.654214, 17.148514], [106.655298, 17.149041], [106.65642, 17.147645], [106.658027, 17.147651], [106.658396, 17.147285], [106.658947, 17.145501], [106.660054, 17.145172], [106.66075, 17.14573], [106.660558, 17.146502], [106.661116, 17.147181], [106.662979, 17.148244], [106.665901, 17.147926], [106.66698, 17.148459], [106.669577, 17.147731], [106.670034, 17.147085], [106.672793, 17.146079], [106.672284, 17.147553], [106.672469, 17.148463]]]}}, {"type": "Feature", "properties": {"TENSONG": "Sông Lý Hòa"}, "geometry": {"type": "Polygon", "coordinates": [[[106.513435, 17.622541], [106.513558, 17.62014], [106.513102, 17.621033], [106.512313, 17.618435], [106.511476, 17.618588], [106.510726, 17.61692], [106.509036, 17.616825], [106.504518, 17.612237], [106.506508, 17.615202], [106.511684, 17.619641], [106.512478, 17.621906], [106.510992, 17.620763], [106.510794, 17.621103], [106.512616, 17.622734], [106.513569, 17.625195], [106.51473, 17.626753], [106.514885, 17.628563], [106.516729, 17.632672], [106.51613, 17.632923], [106.516775, 17.633074], [106.516693, 17.635006], [106.518462, 17.637461], [106.518509, 17.638226], [106.519397, 17.638914], [106.519313, 17.639801], [106.521936, 17.64219], [106.524835, 17.641836], [106.527865, 17.638109], [106.531031, 17.632562], [106.533495, 17.629988], [106.534159, 17.630099], [106.534791, 17.628491], [106.534666, 17.629525], [106.535182, 17.629724], [106.535783, 17.628803], [106.535474, 17.627876], [106.537363, 17.625949], [106.536397, 17.625908], [106.531324, 17.630952], [106.529128, 17.632136], [106.52709, 17.634657], [106.524675, 17.6393], [106.523467, 17.639816], [106.520201, 17.637733], [106.519357, 17.636567], [106.518202, 17.634161], [106.518115, 17.631974], [106.51719, 17.630971], [106.513437, 17.622805], [106.514815, 17.622042], [106.513435, 17.622541]]]}}, {"type": "Feature", "properties": {"TENSONG": null}, "geometry": {"type": "Polygon", "coordinates": [[[106.760082, 16.966965], [106.758137, 16.967609], [106.758764, 16.969529], [106.758497, 16.970805], [106.7571, 16.971807], [106.756434, 16.970861], [106.755907, 16.971074], [106.755655, 16.972783], [106.755772, 16.974501], [106.757294, 16.975112], [106.75746, 16.975656], [106.756174, 16.976471], [106.754724, 16.975928], [106.75383, 16.977409], [106.752823, 16.976566], [106.751837, 16.977052], [106.752879, 16.976841], [106.753882, 16.977605], [106.754732, 16.976018], [106.756136, 16.976623], [106.757597, 16.975672], [106.757383, 16.975025], [106.755908, 16.974272], [106.756011, 16.971142], [106.75703, 16.971947], [106.758604, 16.970997], [106.758849, 16.969199], [106.758277, 16.967704], [106.760229, 16.967032], [106.76051, 16.9666], [106.760327, 16.965907], [106.759352, 16.96628], [106.759356, 16.963722], [106.758724, 16.96237], [106.759244, 16.961436], [106.758256, 16.961128], [106.758198, 16.960183], [106.756953, 16.959606], [106.756505, 16.958803], [106.757778, 16.958852], [106.758803, 16.957734], [106.759914, 16.958666], [106.76023, 16.958628], [106.762239, 16.956961], [106.762251, 16.956261], [106.761448, 16.956734], [106.760244, 16.955543], [106.761124, 16.954651], [106.760981, 16.952011], [106.760361, 16.9514], [106.761748, 16.95135], [106.763121, 16.951033], [106.763314, 16.950392], [106.762988, 16.948742], [106.763829, 16.947706], [106.763193, 16.947007], [106.764132, 16.944565], [106.764005, 16.944007], [106.76303, 16.943029], [106.761497, 16.943435], [106.759815, 16.943069], [106.759221, 16.941405], [106.757583, 16.940136], [106.757283, 16.939254], [106.755779, 16.938174], [106.755755, 16.938557], [106.757185, 16.939394], [106.757404, 16.940165], [106.758999, 16.94144], [106.759672, 16.943195], [106.761627, 16.943588], [106.762974, 16.943165], [106.763919, 16.944295], [106.76302, 16.947], [106.763603, 16.947722], [106.762826, 16.948589], [106.763055, 16.95072], [106.760178, 16.95128], [106.760793, 16.952091], [106.76096, 16.954678], [106.760014, 16.95548], [106.761417, 16.956916], [106.762064, 16.956437], [106.762161, 16.956743], [106.760136, 16.958475], [106.758686, 16.957589], [106.757772, 16.958656], [106.756584, 16.958575], [106.756339, 16.958911], [106.757003, 16.959823], [106.758075, 16.960292], [106.758199, 16.961257], [106.759033, 16.961567], [106.758579, 16.962578], [106.759165, 16.963683], [106.75922, 16.966384], [106.760189, 16.965985], [106.760356, 16.966327], [106.760082, 16.966965]]]}}, {"type": "Feature", "properties": {"TENSONG": null}, "geometry": {"type": "Polygon", "coordinates": [[[106.751837, 16.977052], [106.748565, 16.976832], [106.748222, 16.977361], [106.748793, 16.978073], [106.747495, 16.978874], [106.745753, 16.977893], [106.745128, 16.977968], [106.744485, 16.978346], [106.744411, 16.979687], [106.743846, 16.980009], [106.743617, 16.980526], [106.743821, 16.981678], [106.744561, 16.98246], [106.743352, 16.983777], [106.743798, 16.986003], [106.741643, 16.989098], [106.741787, 16.990933], [106.74064, 16.992541], [106.741879, 16.991234], [106.741814, 16.989075], [106.743942, 16.986167], [106.743443, 16.983965], [106.744729, 16.982561], [106.743771, 16.981016], [106.743824, 16.980225], [106.744531, 16.979778], [106.744551, 16.97852], [106.745733, 16.978011], [106.746507, 16.97878], [106.747945, 16.979007], [106.749035, 16.977993], [106.74851, 16.977017], [106.751837, 16.977052]]]}}, {"type": "Feature", "properties": {"TENSONG": "Sông Dinh"}, "geometry": {"type": "Polygon", "coordinates": [[[106.581391, 17.551385], [106.576612, 17.550271], [106.576143, 17.550576], [106.574016, 17.549281], [106.574875, 17.55007], [106.574066, 17.549911], [106.572931, 17.548264], [106.570982, 17.541695], [106.56927, 17.540797], [106.566072, 17.541927], [106.561068, 17.545158], [106.558823, 17.544947], [106.557238, 17.542331], [106.554994, 17.542143], [106.55468, 17.542459], [106.555255, 17.542508], [106.554075, 17.543336], [106.554568, 17.5425], [106.554106, 17.542908], [106.553322, 17.544725], [106.554244, 17.549456], [106.553951, 17.550632], [106.552942, 17.55104], [106.552062, 17.550691], [106.547015, 17.547377], [106.544539, 17.544177], [106.539851, 17.540914], [106.539547, 17.539706], [106.536081, 17.538708], [106.533594, 17.537118], [106.531184, 17.533705], [106.528817, 17.531536], [106.526222, 17.531207], [106.526312, 17.530011], [106.52693, 17.52973], [106.53072, 17.530254], [106.531499, 17.530989], [106.532439, 17.53082], [106.533385, 17.530061], [106.533569, 17.527909], [106.532158, 17.525438], [106.530755, 17.524534], [106.527308, 17.523509], [106.52463, 17.520771], [106.524751, 17.519547], [106.52674, 17.517296], [106.524435, 17.518882], [106.523853, 17.520639], [106.525045, 17.5218], [106.525515, 17.523062], [106.530784, 17.525205], [106.5328, 17.527196], [106.532496, 17.527601], [106.532827, 17.528995], [106.531842, 17.53017], [106.530663, 17.529241], [106.526821, 17.529281], [106.525644, 17.52984], [106.525269, 17.531409], [106.52762, 17.53246], [106.528475, 17.532262], [106.52837, 17.532817], [106.530348, 17.533672], [106.530437, 17.534305], [106.533866, 17.538489], [106.538782, 17.539944], [106.54124, 17.542874], [106.544625, 17.545272], [106.54597, 17.546997], [106.552094, 17.552028], [106.554029, 17.55206], [106.555098, 17.550579], [106.554088, 17.545619], [106.55437, 17.544153], [106.555234, 17.543219], [106.556719, 17.543145], [106.558249, 17.545428], [106.561527, 17.545809], [106.562373, 17.545654], [106.563859, 17.54395], [106.568946, 17.542045], [106.570229, 17.542437], [106.571174, 17.547779], [106.573502, 17.551047], [106.579409, 17.552831], [106.582033, 17.554619], [106.582769, 17.552541], [106.581391, 17.551385]]]}}, {"type": "Feature", "properties": {"TENSONG": null}, "geometry": {"type": "Polygon", "coordinates": [[[106.624402, 17.478791], [106.623993, 17.478685], [106.620301, 17.480194], [106.61886, 17.480906], [106.618531, 17.481507], [106.608597, 17.483952], [106.609523, 17.481073], [106.609173, 17.47882], [106.610583, 17.477441], [106.610941, 17.476384], [106.61079, 17.47533], [106.609539, 17.473554], [106.609509, 17.472123], [106.61122, 17.469944], [106.611375, 17.468475], [106.610949, 17.467225], [106.60907, 17.465671], [106.609154, 17.464297], [106.610997, 17.463272], [106.614262, 17.46333], [106.615173, 17.461504], [106.616417, 17.460401], [106.618347, 17.459486], [106.618829, 17.459699], [106.61899, 17.459187], [106.62145, 17.458094], [106.616268, 17.460115], [106.613741, 17.462198], [106.614395, 17.462608], [106.614124, 17.463212], [106.613533, 17.462931], [106.613604, 17.462289], [106.608703, 17.463959], [106.608298, 17.465619], [106.610649, 17.467469], [106.611129, 17.469096], [106.608995, 17.472132], [106.609126, 17.473625], [106.610598, 17.47628], [106.610263, 17.477254], [106.608815, 17.478466], [106.609104, 17.481625], [106.608172, 17.48423], [106.618562, 17.481621], [106.618975, 17.480982], [106.624402, 17.478791]]]}}, {"type": "Feature", "properties": {"TENSONG": null}, "geometry": {"type": "Polygon", "coordinates": [[[106.263883, 17.589969], [106.259523, 17.584176], [106.259606, 17.581245], [106.257832, 17.580466], [106.258824, 17.579186], [106.258219, 17.576853], [106.257256, 17.576601], [106.25558, 17.577081], [106.254084, 17.574314], [106.254222, 17.573845], [106.253655, 17.574258], [106.251211, 17.57338], [106.246762, 17.570146], [106.24143, 17.563262], [106.239985, 17.559087], [106.239366, 17.558732], [106.238226, 17.556377], [106.238028, 17.55398], [106.236855, 17.552572], [106.234975, 17.546942], [106.234017, 17.545736], [106.234828, 17.544857], [106.234939, 17.543756], [106.233929, 17.542896], [106.233911, 17.539742], [106.231984, 17.539581], [106.231429, 17.537092], [106.230839, 17.536275], [106.229469, 17.535464], [106.229143, 17.533301], [106.229187, 17.535319], [106.230711, 17.536561], [106.231005, 17.538604], [106.232067, 17.539916], [106.233642, 17.540024], [106.233704, 17.542877], [106.234671, 17.544241], [106.233745, 17.545603], [106.234656, 17.547013], [106.235545, 17.550396], [106.235233, 17.551151], [106.235508, 17.552558], [106.237064, 17.555897], [106.235948, 17.556194], [106.235733, 17.556522], [106.237339, 17.55619], [106.238126, 17.556908], [106.238892, 17.559735], [106.240544, 17.561198], [106.241086, 17.56313], [106.244475, 17.567197], [106.246306, 17.570307], [106.251446, 17.573957], [106.253564, 17.57472], [106.25551, 17.577767], [106.257695, 17.577507], [106.258323, 17.579052], [106.257333, 17.579751], [106.257253, 17.580652], [106.259115, 17.581594], [106.258829, 17.583566], [106.25915, 17.584602], [106.263198, 17.590116], [106.263883, 17.589969]], [[106.238906, 17.558281], [106.239963, 17.559489], [106.240019, 17.560179], [106.238846, 17.559279], [106.238906, 17.558281]], [[106.237723, 17.556346], [106.23564, 17.552502], [106.235667, 17.550657], [106.237491, 17.554046], [106.237723, 17.556346]]]}}, {"type": "Feature", "properties": {"TENSONG": null}, "geometry": {"type": "Polygon", "coordinates": [[[106.363313, 17.741854], [106.365834, 17.741708], [106.366817, 17.740736], [106.365935, 17.737902], [106.367773, 17.735397], [106.371612, 17.734305], [106.374595, 17.735306], [106.375939, 17.73524], [106.380323, 17.733566], [106.382164, 17.732229], [106.38654, 17.734134], [106.396077, 17.739485], [106.399194, 17.740534], [106.401456, 17.740651], [106.407833, 17.738906], [106.408273, 17.739067], [106.408194, 17.739734], [106.408546, 17.739248], [106.412368, 17.740343], [106.41273, 17.739574], [106.40725, 17.7379], [106.401844, 17.739922], [106.399636, 17.739872], [106.396541, 17.739009], [106.386061, 17.733136], [106.381976, 17.731889], [106.375758, 17.734819], [106.374071, 17.734676], [106.371961, 17.733756], [106.36808, 17.734672], [106.36668, 17.735514], [106.365678, 17.737576], [106.366244, 17.741009], [106.363642, 17.741347], [106.361822, 17.742605], [106.361024, 17.741776], [106.361628, 17.737373], [106.360718, 17.736629], [106.355657, 17.738666], [106.355592, 17.737906], [106.354746, 17.737818], [106.353978, 17.739326], [106.347439, 17.741753], [106.348135, 17.742154], [106.349049, 17.741455], [106.349358, 17.742733], [106.350466, 17.743357], [106.351438, 17.742033], [106.352665, 17.742573], [106.353556, 17.742343], [106.353536, 17.741229], [106.354237, 17.740427], [106.354586, 17.739286], [106.355259, 17.739017], [106.355702, 17.740097], [106.35681, 17.740508], [106.357545, 17.73947], [106.359257, 17.738832], [106.359753, 17.737334], [106.360481, 17.736993], [106.361327, 17.737694], [106.360606, 17.741559], [106.360948, 17.742687], [106.362168, 17.742878], [106.363313, 17.741854]], [[106.358723, 17.738789], [106.357271, 17.7392], [106.356383, 17.740119], [106.355742, 17.738853], [106.359186, 17.737527], [106.358723, 17.738789]], [[106.355312, 17.738811], [106.354515, 17.739075], [106.354546, 17.738221], [106.355298, 17.738028], [106.355312, 17.738811]], [[106.352888, 17.742395], [106.351336, 17.741761], [106.35111, 17.740622], [106.354295, 17.739368], [106.35423, 17.739947], [106.353119, 17.740725], [106.353255, 17.742081], [106.352888, 17.742395]], [[106.350954, 17.741635], [106.350568, 17.743081], [106.349875, 17.742975], [106.349242, 17.742114], [106.349346, 17.741314], [106.350693, 17.740781], [106.350954, 17.741635]]]}}, {"type": "Feature", "properties": {"TENSONG": "Sông Rào Nan"}, "geometry": {"type": "Polygon", "coordinates": [[[106.411848, 17.730619], [106.415665, 17.730166], [106.42312, 17.726988], [106.415069, 17.726844], [106.414551, 17.727672], [106.413251, 17.727787], [106.405686, 17.72577], [106.402488, 17.723976], [106.402182, 17.724399], [106.403113, 17.72477], [106.399505, 17.724657], [106.398071, 17.723812], [106.396693, 17.723745], [106.396755, 17.723271], [106.396514, 17.723741], [106.395161, 17.723646], [106.394465, 17.723306], [106.394696, 17.722932], [106.394274, 17.723236], [106.391196, 17.721495], [106.389502, 17.719676], [106.388686, 17.716253], [106.389781, 17.714484], [106.388568, 17.713239], [106.388118, 17.714521], [106.387611, 17.714695], [106.387268, 17.713734], [106.387839, 17.712489], [106.387195, 17.712082], [106.386725, 17.713697], [106.384378, 17.711514], [106.379468, 17.709444], [106.377924, 17.707886], [106.375727, 17.7068], [106.368551, 17.709758], [106.364151, 17.710216], [106.363059, 17.710921], [106.359065, 17.715579], [106.35612, 17.717165], [106.353186, 17.716699], [106.34884, 17.714568], [106.344218, 17.714439], [106.336196, 17.719672], [106.330208, 17.72196], [106.326937, 17.72536], [106.325232, 17.726215], [106.321728, 17.72635], [106.318424, 17.727099], [106.312483, 17.726775], [106.306092, 17.72706], [106.305572, 17.726529], [106.304934, 17.723183], [106.304033, 17.722375], [106.297639, 17.720352], [106.295992, 17.718935], [106.292316, 17.719819], [106.291137, 17.722046], [106.290234, 17.722546], [106.285811, 17.720828], [106.28419, 17.720887], [106.282344, 17.721762], [106.279283, 17.721307], [106.278088, 17.724413], [106.275155, 17.726766], [106.27338, 17.72622], [106.27323, 17.725608], [106.271673, 17.724632], [106.270757, 17.724901], [106.269466, 17.728941], [106.268177, 17.730412], [106.268127, 17.731264], [106.269321, 17.732617], [106.268991, 17.733346], [106.264998, 17.733522], [106.26166, 17.735538], [106.254613, 17.738205], [106.25273, 17.740278], [106.248901, 17.742923], [106.246239, 17.744135], [106.24538, 17.745378], [106.24402, 17.746218], [106.240164, 17.747832], [106.233638, 17.749005], [106.240235, 17.748274], [106.24523, 17.746138], [106.24641, 17.744541], [106.249804, 17.742792], [106.256131, 17.737811], [106.2597, 17.736936], [106.26588, 17.733534], [106.267283, 17.733975], [106.26997, 17.733694], [106.270373, 17.733357], [106.269834, 17.733376], [106.269814, 17.732581], [106.268336, 17.730897], [106.268871, 17.731128], [106.268844, 17.730284], [106.269732, 17.729614], [106.270985, 17.725674], [106.271662, 17.725339], [106.274301, 17.726804], [106.275567, 17.72687], [106.277991, 17.724995], [106.279551, 17.722134], [106.282281, 17.722562], [106.284296, 17.721407], [106.285615, 17.721301], [106.290299, 17.723283], [106.29254, 17.720507], [106.296023, 17.719567], [106.297547, 17.721158], [106.30124, 17.72186], [106.304165, 17.723327], [106.30482, 17.724919], [106.304711, 17.726983], [106.306113, 17.728393], [106.308656, 17.72771], [106.319296, 17.727958], [106.32248, 17.727022], [106.326605, 17.726777], [106.330726, 17.722576], [106.337228, 17.720503], [106.341236, 17.71754], [106.345225, 17.715524], [106.34881, 17.715598], [106.353315, 17.718088], [106.357116, 17.717947], [106.360268, 17.716296], [106.362829, 17.713073], [106.365163, 17.711258], [106.371074, 17.710148], [106.375632, 17.70824], [106.376843, 17.708556], [106.378471, 17.710421], [106.383033, 17.714089], [106.386275, 17.717945], [106.387743, 17.720768], [106.391203, 17.723756], [106.394331, 17.725255], [106.402535, 17.730558], [106.411848, 17.730619]], [[106.407163, 17.729364], [106.402473, 17.72987], [106.399557, 17.72787], [106.4024, 17.726907], [106.405568, 17.727142], [106.40859, 17.728362], [106.410416, 17.729783], [106.408324, 17.729829], [106.407163, 17.729364]], [[106.407431, 17.729914], [106.406774, 17.729622], [106.407987, 17.729877], [106.407431, 17.729914]], [[106.385241, 17.715465], [106.386421, 17.716118], [106.386778, 17.717547], [106.385484, 17.716321], [106.385241, 17.715465]], [[106.384638, 17.713842], [106.385999, 17.714586], [106.38639, 17.715369], [106.385111, 17.714517], [106.384638, 17.713842]]]}}, {"type": "Feature", "properties": {"TENSONG": "Sông Son"}, "geometry": {"type": "Polygon", "coordinates": [[[106.432667, 17.721674], [106.434411, 17.713787], [106.433247, 17.715151], [106.433504, 17.7164], [106.432584, 17.717572], [106.42558, 17.722767], [106.423298, 17.723229], [106.419902, 17.722828], [106.414971, 17.72393], [106.413016, 17.723453], [106.409093, 17.721127], [106.400623, 17.718433], [106.39797, 17.716721], [106.394506, 17.713374], [106.39289, 17.710798], [106.392073, 17.709102], [106.391956, 17.706889], [106.393923, 17.701213], [106.394971, 17.69923], [106.398731, 17.695192], [106.402182, 17.693068], [106.404872, 17.686803], [106.404474, 17.682981], [106.404835, 17.681446], [106.403346, 17.680116], [106.401688, 17.679399], [106.393728, 17.678309], [106.392358, 17.676751], [106.391854, 17.670561], [106.392183, 17.669092], [106.393502, 17.66844], [106.393806, 17.667064], [106.392237, 17.662252], [106.392046, 17.658125], [106.389198, 17.655903], [106.390014, 17.655501], [106.389847, 17.654663], [106.388779, 17.655753], [106.386658, 17.655071], [106.385393, 17.654004], [106.385144, 17.651302], [106.386914, 17.650181], [106.386283, 17.648532], [106.38088, 17.64791], [106.379068, 17.64665], [106.378005, 17.645151], [106.379765, 17.640986], [106.381893, 17.639475], [106.382367, 17.638328], [106.381881, 17.634483], [106.380548, 17.632394], [106.377737, 17.631191], [106.373293, 17.63085], [106.367635, 17.632252], [106.365121, 17.631736], [106.363797, 17.630758], [106.363565, 17.630067], [106.363373, 17.630413], [106.35832, 17.628065], [106.35709, 17.626832], [106.356933, 17.627132], [106.345581, 17.619587], [106.344173, 17.619218], [106.331327, 17.619558], [106.316629, 17.615432], [106.311964, 17.612606], [106.304768, 17.612671], [106.30261, 17.610346], [106.296517, 17.601641], [106.288442, 17.597743], [106.282232, 17.592394], [106.280608, 17.589899], [106.281449, 17.592406], [106.280326, 17.591526], [106.278865, 17.584873], [106.279316, 17.584274], [106.282456, 17.582964], [106.283333, 17.58197], [106.282858, 17.581261], [106.281834, 17.582887], [106.278536, 17.584191], [106.276453, 17.582714], [106.274556, 17.582429], [106.273032, 17.582872], [106.268183, 17.585995], [106.265145, 17.589853], [106.263106, 17.590223], [106.26326, 17.590648], [106.264234, 17.590776], [106.26531, 17.590459], [106.267653, 17.588962], [106.270695, 17.585408], [106.274306, 17.583575], [106.276139, 17.58367], [106.277895, 17.585119], [106.278758, 17.590482], [106.279677, 17.592146], [106.287636, 17.599259], [106.293918, 17.60209], [106.296394, 17.603971], [106.298291, 17.606171], [106.30179, 17.611984], [106.303284, 17.613436], [106.305083, 17.61407], [106.306107, 17.61354], [106.310997, 17.613882], [106.317626, 17.617421], [106.327623, 17.620561], [106.334971, 17.621261], [106.342945, 17.620701], [106.345202, 17.620966], [106.353175, 17.626759], [106.356587, 17.628683], [106.357111, 17.629435], [106.359419, 17.629757], [106.364012, 17.632754], [106.367041, 17.634022], [106.368476, 17.633608], [106.368948, 17.632835], [106.371712, 17.632674], [106.374239, 17.632842], [106.379287, 17.634217], [106.380772, 17.636751], [106.380569, 17.638201], [106.377355, 17.641949], [106.376407, 17.643975], [106.376724, 17.642447], [106.376501, 17.642661], [106.375794, 17.645071], [106.375473, 17.644079], [106.376765, 17.639511], [106.376529, 17.638659], [106.375986, 17.638447], [106.376352, 17.639382], [106.375321, 17.642671], [106.375374, 17.644836], [106.377855, 17.646342], [106.377902, 17.647174], [106.379354, 17.649014], [106.384195, 17.650032], [106.38319, 17.653616], [106.383653, 17.655062], [106.388586, 17.657375], [106.390235, 17.659071], [106.39095, 17.660625], [106.390847, 17.664092], [106.39186, 17.66659], [106.391805, 17.667677], [106.388377, 17.673174], [106.387793, 17.675464], [106.387965, 17.676735], [106.391494, 17.679259], [106.39551, 17.679914], [106.400728, 17.681641], [106.402241, 17.682655], [106.403261, 17.68435], [106.402732, 17.687431], [106.400385, 17.691603], [106.398235, 17.69356], [106.392918, 17.697069], [106.391202, 17.698932], [106.39102, 17.702611], [106.387872, 17.708462], [106.387195, 17.712082], [106.387839, 17.712489], [106.388481, 17.71129], [106.388823, 17.711903], [106.388436, 17.711965], [106.388568, 17.713239], [106.389781, 17.714484], [106.390396, 17.713269], [106.393142, 17.7162], [106.395378, 17.717523], [106.396513, 17.719069], [106.399932, 17.720571], [106.399633, 17.721204], [106.4005, 17.721116], [106.409799, 17.724024], [106.415069, 17.726844], [106.42312, 17.726988], [106.432667, 17.721674]], [[106.387827, 17.70909], [106.387884, 17.710101], [106.387819, 17.710926], [106.38771, 17.709421], [106.387827, 17.70909]], [[106.389481, 17.673356], [106.390151, 17.676131], [106.391302, 17.678268], [106.388911, 17.676325], [106.388847, 17.674394], [106.389481, 17.673356]], [[106.379073, 17.633645], [106.37614, 17.633125], [106.374677, 17.632555], [106.376842, 17.632671], [106.379073, 17.633645]], [[106.297476, 17.60408], [106.294341, 17.601699], [106.295526, 17.601962], [106.297476, 17.60408]]]}}, {"type": "Feature", "properties": {"TENSONG": null}, "geometry": {"type": "Polygon", "coordinates": [[[106.257924, 17.650934], [106.257412, 17.651158], [106.257312, 17.651765], [106.258528, 17.653005], [106.259856, 17.653377], [106.262211, 17.652221], [106.262222, 17.651044], [106.26357, 17.651136], [106.264424, 17.650536], [106.265921, 17.650855], [106.266269, 17.651542], [106.265625, 17.653469], [106.263631, 17.653606], [106.262769, 17.654509], [106.264092, 17.656861], [106.265034, 17.656668], [106.265427, 17.65631], [106.267337, 17.656535], [106.270205, 17.655807], [106.270767, 17.65543], [106.271696, 17.656384], [106.270586, 17.65622], [106.270466, 17.656669], [106.273206, 17.657603], [106.274447, 17.65756], [106.275965, 17.658775], [106.275577, 17.659567], [106.272322, 17.661105], [106.272015, 17.663229], [106.269448, 17.664258], [106.266555, 17.667049], [106.26603, 17.668373], [106.265994, 17.6703], [106.26676, 17.67236], [106.263656, 17.673481], [106.262644, 17.672808], [106.262101, 17.671501], [106.262657, 17.671029], [106.261613, 17.6698], [106.259844, 17.669323], [106.258722, 17.669438], [106.258162, 17.669657], [106.257925, 17.670425], [106.257021, 17.671038], [106.250402, 17.674062], [106.248178, 17.674776], [106.246124, 17.674761], [106.245321, 17.675779], [106.245515, 17.677241], [106.244428, 17.679377], [106.241728, 17.678752], [106.238137, 17.676899], [106.236075, 17.67689], [106.23412, 17.677755], [106.231638, 17.679624], [106.22779, 17.681568], [106.225488, 17.684829], [106.223072, 17.686505], [106.222346, 17.687567], [106.222443, 17.690062], [106.219204, 17.688674], [106.21756, 17.689566], [106.216078, 17.691378], [106.214439, 17.692366], [106.206329, 17.691924], [106.197663, 17.692776], [106.182863, 17.696682], [106.182431, 17.697072], [106.181298, 17.703428], [106.180447, 17.703727], [106.177727, 17.703205], [106.176558, 17.704145], [106.176808, 17.704602], [106.17834, 17.70549], [106.177903, 17.707286], [106.178281, 17.708374], [106.17682, 17.708546], [106.173666, 17.706866], [106.172608, 17.706686], [106.171894, 17.705155], [106.170912, 17.70491], [106.170475, 17.705573], [106.171315, 17.707074], [106.171138, 17.708517], [106.170051, 17.708387], [106.168256, 17.709288], [106.166055, 17.708955], [106.163393, 17.70906], [106.161831, 17.709201], [106.161067, 17.709702], [106.16039, 17.710898], [106.162138, 17.711533], [106.162086, 17.713972], [106.161226, 17.715118], [106.159606, 17.715816], [106.15875, 17.717184], [106.158249, 17.716843], [106.158428, 17.715506], [106.158063, 17.71504], [106.155857, 17.716778], [106.15492, 17.716509], [106.153938, 17.715152], [106.153141, 17.715443], [106.152617, 17.716355], [106.151657, 17.716432], [106.151299, 17.71613], [106.151474, 17.715088], [106.150829, 17.714734], [106.14917, 17.715694], [106.147873, 17.715839], [106.146381, 17.717641], [106.14479, 17.712581], [106.143903, 17.711438], [106.140717, 17.712551], [106.138619, 17.711278], [106.137407, 17.711823], [106.136136, 17.713127], [106.134506, 17.711857], [106.133055, 17.713193], [106.131016, 17.713246], [106.131084, 17.712074], [106.130013, 17.711643], [106.1297, 17.710712], [106.131541, 17.707066], [106.133555, 17.707188], [106.133937, 17.70603], [106.133462, 17.704258], [106.132233, 17.703483], [106.133078, 17.702628], [106.133171, 17.701989], [106.131926, 17.701641], [106.131008, 17.700269], [106.12975, 17.699593], [106.129088, 17.700775], [106.12803, 17.700304], [106.126545, 17.701069], [106.127561, 17.701088], [106.127999, 17.700594], [106.12924, 17.700928], [106.129735, 17.699881], [106.1318, 17.701839], [106.132842, 17.70197], [106.131965, 17.703527], [106.133236, 17.704456], [106.133693, 17.706279], [106.133309, 17.707038], [106.131986, 17.706744], [106.131109, 17.707142], [106.129522, 17.710685], [106.129847, 17.711783], [106.130797, 17.71219], [106.130792, 17.713355], [106.131854, 17.713547], [106.133132, 17.713426], [106.134509, 17.712192], [106.136138, 17.713342], [106.138758, 17.71157], [106.140894, 17.712861], [106.143825, 17.711797], [106.14624, 17.717953], [106.14795, 17.716101], [106.149315, 17.715932], [106.150806, 17.715062], [106.151496, 17.716702], [106.152824, 17.716569], [106.153099, 17.715736], [106.15399, 17.715438], [106.154508, 17.716547], [106.155559, 17.717037], [106.156544, 17.716888], [106.158018, 17.715367], [106.158112, 17.717089], [106.158956, 17.717489], [106.15974, 17.716043], [106.161861, 17.714949], [106.16243, 17.713884], [106.162529, 17.711739], [106.162188, 17.711152], [106.160711, 17.710781], [106.161137, 17.709952], [106.163127, 17.709289], [106.168352, 17.709502], [106.169911, 17.708646], [106.171333, 17.708695], [106.171577, 17.707022], [106.170825, 17.705319], [106.171649, 17.705465], [106.172475, 17.706945], [106.173752, 17.707114], [106.176377, 17.708581], [106.177611, 17.708827], [106.178551, 17.708439], [106.178176, 17.707542], [106.178479, 17.705092], [106.176828, 17.704279], [106.177969, 17.703612], [106.180531, 17.703963], [106.181397, 17.703692], [106.182796, 17.697689], [106.183537, 17.696757], [106.18819, 17.695942], [106.197673, 17.692974], [106.206437, 17.692156], [106.213959, 17.692986], [106.217185, 17.691096], [106.21847, 17.689211], [106.219048, 17.689016], [106.219909, 17.689029], [106.22244, 17.690413], [106.222996, 17.688301], [106.222625, 17.687809], [106.223387, 17.686505], [106.227337, 17.684911], [106.228049, 17.684087], [106.227806, 17.68265], [106.228342, 17.681708], [106.231988, 17.680257], [106.235825, 17.67723], [106.238717, 17.677371], [106.243821, 17.680297], [106.245205, 17.679311], [106.245941, 17.677854], [106.246158, 17.676807], [106.245445, 17.676536], [106.246099, 17.675057], [106.248695, 17.674999], [106.252589, 17.673737], [106.258067, 17.670873], [106.258352, 17.669635], [106.260089, 17.669667], [106.259665, 17.670595], [106.258654, 17.670681], [106.257564, 17.671696], [106.257314, 17.672909], [106.257892, 17.671514], [106.258892, 17.670695], [106.25983, 17.670761], [106.260431, 17.669793], [106.261481, 17.670188], [106.262224, 17.672433], [106.262677, 17.67304], [106.263636, 17.673651], [106.266823, 17.672557], [106.267067, 17.671695], [106.266191, 17.669826], [106.266445, 17.667829], [106.270675, 17.664085], [106.272211, 17.663801], [106.272982, 17.661206], [106.275946, 17.659612], [106.276376, 17.658384], [106.274342, 17.657124], [106.272231, 17.656689], [106.270806, 17.65531], [106.267484, 17.656245], [106.265386, 17.655771], [106.264933, 17.656576], [106.264161, 17.656752], [106.263032, 17.654379], [106.263645, 17.653872], [106.265832, 17.653604], [106.266481, 17.651568], [106.266174, 17.650635], [106.264242, 17.650361], [106.263438, 17.650946], [106.262207, 17.650878], [106.261875, 17.65223], [106.259942, 17.653138], [106.258809, 17.652989], [106.257805, 17.652072], [106.257924, 17.650934]], [[106.227265, 17.684686], [106.225846, 17.685215], [106.225835, 17.684492], [106.227552, 17.682909], [106.227265, 17.684686]], [[106.217413, 17.690617], [106.217081, 17.690623], [106.217744, 17.690017], [106.217413, 17.690617]]]}}, {"type": "Feature", "properties": {"TENSONG": null}, "geometry": {"type": "Polygon", "coordinates": [[[106.349991, 17.581671], [106.351218, 17.584953], [106.352117, 17.585604], [106.352795, 17.585796], [106.35407, 17.585207], [106.354982, 17.585652], [106.355147, 17.589715], [106.357251, 17.592569], [106.359075, 17.592449], [106.359617, 17.593838], [106.362665, 17.596269], [106.362965, 17.597587], [106.367192, 17.597513], [106.368614, 17.598492], [106.368585, 17.599514], [106.366221, 17.602194], [106.366453, 17.603206], [106.368424, 17.603767], [106.368577, 17.604194], [106.366895, 17.605977], [106.366618, 17.606904], [106.369479, 17.608759], [106.369719, 17.609446], [106.370016, 17.609257], [106.370514, 17.610765], [106.370292, 17.612089], [106.369073, 17.612408], [106.368286, 17.613241], [106.368168, 17.614401], [106.368921, 17.615142], [106.369106, 17.616344], [106.3684, 17.617797], [106.365923, 17.619517], [106.361111, 17.619672], [106.360397, 17.620607], [106.356933, 17.622525], [106.356055, 17.623772], [106.356025, 17.626466], [106.356629, 17.626809], [106.357285, 17.624242], [106.356844, 17.623271], [106.357654, 17.622519], [106.362289, 17.620276], [106.366869, 17.619741], [106.369247, 17.617596], [106.369585, 17.616459], [106.368907, 17.614257], [106.369098, 17.612996], [106.370462, 17.61231], [106.370877, 17.61163], [106.370228, 17.608573], [106.367658, 17.606995], [106.367977, 17.60551], [106.369026, 17.60397], [106.366539, 17.602574], [106.368989, 17.599516], [106.368882, 17.598264], [106.367004, 17.596807], [106.365152, 17.596902], [106.364758, 17.597299], [106.363351, 17.597114], [106.361403, 17.594354], [106.359243, 17.592283], [106.357581, 17.592504], [106.357061, 17.592137], [106.355145, 17.589293], [106.355656, 17.587218], [106.355248, 17.585256], [106.354386, 17.584755], [106.352824, 17.585645], [106.351535, 17.584924], [106.351163, 17.583103], [106.350297, 17.581909], [106.35051, 17.581104], [106.352282, 17.579308], [106.350534, 17.578249], [106.349922, 17.576972], [106.350742, 17.574785], [106.352489, 17.573726], [106.353244, 17.572597], [106.353535, 17.570845], [106.353002, 17.56967], [106.353146, 17.568539], [106.354713, 17.568069], [106.356837, 17.566017], [106.355615, 17.564983], [106.354725, 17.565061], [106.354406, 17.56441], [106.354804, 17.563094], [106.355578, 17.562449], [106.359633, 17.561295], [106.362013, 17.559801], [106.362027, 17.558613], [106.361422, 17.558113], [106.360106, 17.557361], [106.358085, 17.557894], [106.357746, 17.557294], [106.360971, 17.555268], [106.362195, 17.553543], [106.365227, 17.553602], [106.367566, 17.551871], [106.36726, 17.550549], [106.364185, 17.550106], [106.363061, 17.547286], [106.364653, 17.543569], [106.366512, 17.541356], [106.366596, 17.540581], [106.366076, 17.539084], [106.367283, 17.537757], [106.367621, 17.536804], [106.36717, 17.533563], [106.368762, 17.530851], [106.367415, 17.529739], [106.367772, 17.527444], [106.366678, 17.525313], [106.368144, 17.523462], [106.368227, 17.522732], [106.367217, 17.521578], [106.365603, 17.515503], [106.365475, 17.516322], [106.367015, 17.521563], [106.368072, 17.522948], [106.366426, 17.525207], [106.367571, 17.527608], [106.367242, 17.529745], [106.368483, 17.531159], [106.367064, 17.532707], [106.367315, 17.537251], [106.365784, 17.538622], [106.36546, 17.541823], [106.364517, 17.542394], [106.36282, 17.547197], [106.363708, 17.550157], [106.365606, 17.55153], [106.366651, 17.550686], [106.367067, 17.551548], [106.365372, 17.553144], [106.362357, 17.552696], [106.360874, 17.555124], [106.357107, 17.557001], [106.357636, 17.558201], [106.358843, 17.558436], [106.359415, 17.5577], [106.3606, 17.557853], [106.36179, 17.5587], [106.36184, 17.559593], [106.357906, 17.561347], [106.355513, 17.561644], [106.354352, 17.563081], [106.354313, 17.564629], [106.354767, 17.565322], [106.35604, 17.565507], [106.356015, 17.566231], [106.353438, 17.56751], [106.35274, 17.568412], [106.35305, 17.572343], [106.352268, 17.573562], [106.350463, 17.57474], [106.349605, 17.5767], [106.349866, 17.578271], [106.351693, 17.579226], [106.351561, 17.579975], [106.350458, 17.580759], [106.349991, 17.581671]], [[106.355412, 17.566796], [106.355135, 17.567542], [106.353254, 17.568335], [106.353772, 17.567578], [106.355412, 17.566796]], [[106.366129, 17.539911], [106.366416, 17.541132], [106.365943, 17.541827], [106.365598, 17.540669], [106.366129, 17.539911]], [[106.361862, 17.620079], [106.361008, 17.620522], [106.360703, 17.620548], [106.361162, 17.6198], [106.361862, 17.620079]], [[106.35657, 17.625051], [106.35641, 17.624382], [106.356503, 17.6237], [106.356961, 17.623944], [106.35657, 17.625051]]]}}, {"type": "Feature", "properties": {"TENSONG": null}, "geometry": {"type": "Polygon", "coordinates": [[[106.234702, 17.749005], [106.233321, 17.749321], [106.233145, 17.751988], [106.22842, 17.754463], [106.226828, 17.756925], [106.220589, 17.755006], [106.21909, 17.755698], [106.216471, 17.75815], [106.211644, 17.758804], [106.21089, 17.760256], [106.211546, 17.763718], [106.206536, 17.767311], [106.203335, 17.76763], [106.197402, 17.766379], [106.196486, 17.765335], [106.195289, 17.76182], [106.194482, 17.76121], [106.192849, 17.761067], [106.191611, 17.761694], [106.191085, 17.763347], [106.191904, 17.764568], [106.193877, 17.765557], [106.193894, 17.767563], [106.192613, 17.768441], [106.186254, 17.769781], [106.185566, 17.769369], [106.184717, 17.766769], [106.182883, 17.766782], [106.181182, 17.767378], [106.180839, 17.768019], [106.179668, 17.767992], [106.178039, 17.767162], [106.17626, 17.765218], [106.175338, 17.765081], [106.174448, 17.765851], [106.172153, 17.765136], [106.168131, 17.762827], [106.167355, 17.762934], [106.16655, 17.761329], [106.165484, 17.76041], [106.162411, 17.759799], [106.160749, 17.760838], [106.158912, 17.762977], [106.156266, 17.762773], [106.154934, 17.764097], [106.154024, 17.764324], [106.152006, 17.763102], [106.151121, 17.763394], [106.150323, 17.766002], [106.149499, 17.772082], [106.147423, 17.772693], [106.146335, 17.77239], [106.14422, 17.772708], [106.142323, 17.77456], [106.141241, 17.77262], [106.140349, 17.772056], [106.137938, 17.771973], [106.130362, 17.769102], [106.126651, 17.768923], [106.125323, 17.768171], [106.123449, 17.767818], [106.122747, 17.767306], [106.122471, 17.765442], [106.119111, 17.762037], [106.122476, 17.765882], [106.122731, 17.767467], [106.124091, 17.768263], [106.124899, 17.768179], [106.127195, 17.769313], [106.129996, 17.769519], [106.12735, 17.771242], [106.128147, 17.773451], [106.127994, 17.774533], [106.128321, 17.773364], [106.127506, 17.771324], [106.130279, 17.769558], [106.130973, 17.770737], [106.133594, 17.770608], [106.135567, 17.77135], [106.136545, 17.772913], [106.137289, 17.772397], [106.14058, 17.77254], [106.141664, 17.774796], [106.142327, 17.775165], [106.143511, 17.774488], [106.14442, 17.773075], [106.149406, 17.772759], [106.150051, 17.771644], [106.150527, 17.767841], [106.151297, 17.765817], [106.152257, 17.764787], [106.154779, 17.764446], [106.156489, 17.76303], [106.158943, 17.763524], [106.161223, 17.761187], [106.162781, 17.760315], [106.164572, 17.760433], [106.165688, 17.761268], [106.165844, 17.76284], [106.166476, 17.76432], [106.169006, 17.764085], [106.174111, 17.766546], [106.175891, 17.765326], [106.178399, 17.767746], [106.180382, 17.768523], [106.180991, 17.768447], [106.181316, 17.767455], [106.184518, 17.766879], [106.185336, 17.769409], [106.186209, 17.770013], [106.193878, 17.768243], [106.194508, 17.767058], [106.194076, 17.764841], [106.193679, 17.764276], [106.191935, 17.764005], [106.191472, 17.763197], [106.19199, 17.761864], [106.193343, 17.761398], [106.195094, 17.762114], [106.19576, 17.765015], [106.196976, 17.766707], [106.202853, 17.76807], [106.206274, 17.7679], [106.211816, 17.764128], [106.212092, 17.762254], [106.211387, 17.760002], [106.211783, 17.759354], [106.216541, 17.758706], [106.219609, 17.755864], [106.220545, 17.75551], [106.224217, 17.757014], [106.226802, 17.757477], [106.228002, 17.756664], [106.229121, 17.754686], [106.233564, 17.752374], [106.233993, 17.75143], [106.23384, 17.749706], [106.234702, 17.749005]], [[106.169622, 17.764029], [106.168096, 17.763741], [106.16659, 17.76423], [106.166029, 17.762986], [106.166163, 17.761745], [106.167178, 17.763021], [106.168233, 17.763106], [106.169622, 17.764029]], [[106.152736, 17.764091], [106.151314, 17.765269], [106.150924, 17.76525], [106.15114, 17.763683], [106.152191, 17.76353], [106.152736, 17.764091]], [[106.136921, 17.772382], [106.136486, 17.772714], [106.136114, 17.771731], [106.137223, 17.772017], [106.136657, 17.772071], [106.136921, 17.772382]]]}}, {"type": "Feature", "properties": {"TENSONG": "Sông Kiến Giang"}, "geometry": {"type": "Polygon", "coordinates": [[[106.674032, 17.353454], [106.676544, 17.352284], [106.678175, 17.350857], [106.681596, 17.345938], [106.683376, 17.344509], [106.685168, 17.344114], [106.68866, 17.345563], [106.692027, 17.345613], [106.696209, 17.342777], [106.697809, 17.340282], [106.696606, 17.339722], [106.695692, 17.341188], [106.694085, 17.342515], [106.69615, 17.338634], [106.69821, 17.339528], [106.698885, 17.338], [106.699872, 17.334343], [106.700479, 17.32882], [106.701964, 17.324637], [106.703847, 17.32269], [106.705355, 17.322046], [106.709807, 17.321425], [106.711198, 17.321948], [106.712625, 17.321257], [106.714185, 17.319761], [106.714598, 17.318228], [106.716418, 17.315528], [106.72075, 17.310821], [106.720555, 17.310524], [106.721581, 17.309348], [106.721623, 17.308607], [106.727321, 17.298633], [106.727942, 17.298496], [106.728068, 17.297317], [106.727539, 17.29702], [106.727414, 17.290617], [106.728722, 17.287394], [106.730892, 17.285633], [106.739379, 17.283524], [106.745191, 17.280527], [106.75006, 17.275733], [106.754348, 17.269484], [106.755132, 17.269702], [106.755368, 17.269347], [106.754633, 17.268898], [106.755445, 17.26723], [106.756431, 17.267711], [106.756672, 17.267346], [106.755679, 17.266763], [106.757195, 17.263315], [106.754719, 17.259565], [106.755526, 17.257517], [106.752225, 17.254941], [106.748144, 17.25298], [106.74667, 17.251676], [106.744976, 17.251551], [106.745034, 17.24911], [106.744505, 17.250539], [106.744321, 17.249638], [106.745299, 17.246998], [106.747719, 17.2456], [106.750644, 17.242261], [106.757107, 17.241615], [106.758181, 17.237828], [106.764306, 17.231032], [106.766819, 17.233109], [106.767775, 17.233249], [106.774055, 17.228618], [106.777388, 17.225438], [106.781264, 17.223912], [106.788902, 17.222782], [106.79164, 17.220382], [106.796978, 17.214118], [106.800317, 17.21219], [106.810747, 17.207808], [106.812691, 17.206691], [106.813032, 17.205989], [106.813304, 17.203271], [106.812122, 17.201379], [106.804304, 17.196843], [106.797912, 17.188812], [106.797969, 17.186917], [106.799574, 17.182558], [106.799515, 17.17827], [106.799357, 17.176177], [106.797032, 17.169912], [106.804139, 17.16193], [106.805875, 17.158906], [106.806326, 17.152354], [106.80514, 17.148502], [106.804758, 17.147921], [106.803325, 17.148123], [106.799171, 17.151287], [106.793398, 17.154146], [106.791754, 17.158095], [106.788378, 17.158874], [106.787367, 17.157685], [106.787928, 17.155382], [106.787007, 17.156999], [106.786695, 17.15449], [106.787204, 17.153942], [106.787984, 17.154266], [106.787262, 17.151574], [106.786605, 17.151123], [106.786151, 17.151378], [106.782316, 17.154687], [106.781892, 17.154278], [106.781254, 17.150519], [106.777859, 17.151155], [106.775981, 17.150789], [106.775774, 17.149655], [106.77644, 17.149336], [106.777495, 17.147489], [106.776765, 17.146303], [106.774888, 17.146364], [106.774912, 17.146917], [106.774095, 17.147235], [106.773273, 17.147092], [106.772704, 17.146374], [106.770253, 17.145918], [106.770093, 17.14551], [106.770609, 17.145105], [106.769693, 17.144267], [106.769956, 17.143699], [106.7696, 17.143458], [106.7678, 17.143288], [106.76833, 17.143768], [106.767523, 17.144504], [106.766812, 17.145881], [106.767184, 17.145728], [106.767067, 17.146307], [106.765835, 17.147438], [106.764204, 17.150904], [106.761776, 17.149494], [106.761286, 17.148686], [106.75994, 17.148264], [106.758021, 17.145552], [106.759758, 17.142785], [106.759098, 17.143364], [106.758997, 17.141904], [106.757686, 17.139172], [106.755283, 17.136234], [106.755385, 17.134406], [106.757263, 17.133132], [106.757452, 17.132638], [106.756976, 17.132236], [106.754956, 17.131641], [106.757203, 17.12837], [106.757482, 17.125757], [106.75821, 17.124976], [106.758285, 17.124493], [106.757994, 17.124156], [106.756453, 17.123885], [106.754795, 17.122005], [106.754321, 17.120671], [106.755119, 17.117886], [106.754265, 17.115171], [106.754864, 17.114334], [106.755246, 17.114896], [106.756904, 17.112415], [106.755774, 17.111895], [106.754823, 17.110349], [106.754869, 17.109356], [106.755773, 17.108369], [106.754252, 17.106418], [106.751097, 17.10569], [106.749206, 17.104116], [106.749797, 17.102935], [106.749229, 17.100234], [106.751011, 17.100272], [106.752632, 17.099442], [106.752552, 17.099064], [106.749015, 17.100213], [106.749424, 17.102872], [106.748929, 17.104351], [106.750903, 17.105946], [106.753869, 17.106529], [106.754885, 17.107737], [106.754223, 17.110043], [106.755648, 17.11287], [106.754012, 17.115285], [106.754538, 17.118952], [106.753854, 17.121017], [106.755482, 17.124149], [106.757805, 17.124325], [106.758118, 17.124777], [106.757162, 17.125598], [106.755644, 17.130273], [106.755057, 17.130775], [106.754878, 17.130179], [106.754415, 17.130723], [106.754659, 17.131276], [106.754176, 17.132805], [106.755148, 17.131912], [106.757205, 17.132856], [106.755197, 17.134235], [106.755102, 17.136236], [106.757568, 17.139426], [106.75828, 17.141336], [106.757471, 17.140612], [106.757186, 17.140646], [106.758938, 17.142178], [106.757688, 17.145601], [106.759655, 17.148365], [106.763282, 17.15038], [106.764087, 17.151335], [106.765709, 17.14925], [106.767662, 17.145912], [106.767819, 17.144452], [106.76846, 17.144005], [106.770321, 17.1451], [106.769799, 17.145863], [106.770162, 17.1464], [106.774137, 17.14748], [106.77572, 17.146914], [106.776526, 17.147359], [106.776721, 17.147827], [106.775269, 17.149643], [106.775091, 17.150975], [106.777182, 17.151621], [106.78038, 17.151081], [106.781042, 17.15234], [106.781159, 17.155125], [106.782004, 17.155731], [106.786011, 17.152375], [106.786779, 17.152264], [106.787095, 17.153753], [106.786553, 17.153636], [106.78617, 17.154181], [106.786709, 17.157737], [106.787893, 17.159523], [106.788709, 17.159885], [106.789274, 17.159249], [106.790085, 17.1594], [106.791464, 17.158512], [106.790507, 17.159478], [106.791247, 17.159586], [106.793835, 17.157573], [106.79491, 17.156283], [106.794023, 17.156635], [106.793509, 17.157542], [106.793291, 17.156719], [106.794728, 17.154358], [106.797507, 17.153114], [106.796552, 17.153941], [106.796497, 17.154552], [106.802974, 17.149533], [106.804114, 17.149444], [106.804532, 17.149842], [106.804556, 17.159358], [106.803074, 17.16166], [106.797954, 17.166541], [106.796014, 17.169086], [106.795904, 17.170516], [106.798055, 17.178254], [106.798303, 17.182258], [106.79683, 17.186563], [106.796147, 17.1863], [106.796041, 17.186928], [106.796897, 17.189915], [106.799587, 17.192837], [106.802261, 17.198055], [106.805173, 17.200115], [106.808722, 17.201225], [106.811224, 17.202804], [106.812126, 17.203745], [106.81217, 17.205229], [106.811546, 17.206261], [106.810344, 17.206996], [106.799434, 17.211128], [106.796669, 17.212658], [106.792865, 17.217335], [106.787623, 17.222211], [106.781129, 17.223454], [106.77706, 17.225128], [106.773565, 17.228467], [106.767822, 17.232813], [106.766816, 17.232736], [106.764796, 17.230632], [106.764029, 17.230818], [106.757889, 17.237541], [106.756919, 17.241428], [106.750571, 17.241927], [106.747691, 17.245203], [106.744614, 17.247176], [106.744033, 17.249595], [106.744701, 17.252044], [106.746563, 17.252038], [106.755058, 17.257645], [106.754349, 17.259398], [106.756692, 17.262765], [106.756636, 17.263817], [106.754136, 17.268294], [106.753496, 17.268161], [106.75401, 17.268594], [106.7519, 17.272141], [106.745613, 17.279147], [106.739597, 17.282299], [106.731291, 17.284363], [106.731037, 17.283906], [106.728115, 17.285924], [106.726073, 17.28921], [106.726365, 17.289478], [106.725887, 17.291054], [106.725826, 17.296591], [106.724315, 17.300725], [106.71714, 17.311838], [106.705766, 17.318881], [106.705857, 17.319371], [106.702232, 17.322327], [106.700035, 17.324963], [106.699479, 17.325813], [106.697926, 17.332882], [106.69264, 17.34305], [106.691101, 17.343818], [106.687596, 17.343386], [106.687279, 17.343045], [106.689467, 17.342716], [106.686243, 17.342625], [106.686252, 17.341814], [106.685408, 17.340978], [106.686007, 17.342658], [106.682309, 17.343858], [106.678566, 17.347085], [106.675474, 17.350834], [106.672867, 17.352156], [106.669782, 17.351854], [106.657771, 17.345564], [106.653315, 17.344608], [106.650553, 17.344631], [106.647251, 17.345378], [106.642411, 17.347303], [106.637811, 17.3479], [106.635811, 17.349178], [106.637817, 17.351343], [106.643043, 17.35059], [106.645098, 17.349977], [106.649623, 17.34747], [106.648951, 17.347373], [106.646516, 17.348525], [106.647896, 17.346652], [106.652153, 17.346189], [106.654122, 17.346592], [106.668262, 17.352925], [106.670574, 17.353512], [106.674032, 17.353454]], [[106.646219, 17.348519], [106.642445, 17.350211], [106.640462, 17.350219], [106.64204, 17.348881], [106.647364, 17.346682], [106.646219, 17.348519]], [[106.709517, 17.320846], [106.71078, 17.318938], [106.712638, 17.317958], [106.713353, 17.318235], [106.711381, 17.320941], [106.709517, 17.320846]], [[106.713616, 17.318015], [106.713017, 17.317578], [106.714098, 17.316646], [106.713616, 17.318015]], [[106.712368, 17.317134], [106.711914, 17.316717], [106.713176, 17.316283], [106.713163, 17.316398], [106.712368, 17.317134]], [[106.711759, 17.31702], [106.711759, 17.317725], [106.708604, 17.320041], [106.709175, 17.31888], [106.711759, 17.31702]], [[106.805551, 17.198481], [106.806682, 17.198905], [106.808044, 17.200087], [106.806557, 17.199523], [106.805551, 17.198481]], [[106.805564, 17.151839], [106.805932, 17.152263], [106.805633, 17.152504], [106.805564, 17.151839]], [[106.767567, 17.145729], [106.767262, 17.146055], [106.767252, 17.145408], [106.767567, 17.145729]]]}}, {"type": "Feature", "properties": {"TENSONG": null}, "geometry": {"type": "Polygon", "coordinates": [[[106.762709, 17.024464], [106.761665, 17.024599], [106.761026, 17.025207], [106.7607, 17.027771], [106.761579, 17.028463], [106.761409, 17.029073], [106.760127, 17.029081], [106.759477, 17.029782], [106.756504, 17.028377], [106.756658, 17.026309], [106.757332, 17.025591], [106.757128, 17.024454], [106.756407, 17.02381], [106.753676, 17.022847], [106.753065, 17.023126], [106.752672, 17.024791], [106.753293, 17.026471], [106.752326, 17.026948], [106.75112, 17.025883], [106.750265, 17.026543], [106.748243, 17.029583], [106.747543, 17.029654], [106.746713, 17.027811], [106.745477, 17.026394], [106.744934, 17.024491], [106.742771, 17.022756], [106.739884, 17.018115], [106.738283, 17.017497], [106.737675, 17.01482], [106.735583, 17.01316], [106.735387, 17.010785], [106.736408, 17.009593], [106.737187, 17.007126], [106.736153, 17.004926], [106.736883, 17.003839], [106.738155, 17.003809], [106.739012, 17.002975], [106.737828, 17.000625], [106.740155, 17.000064], [106.741063, 16.999399], [106.739018, 16.997272], [106.739293, 16.996062], [106.740924, 16.99563], [106.741244, 16.99524], [106.740299, 16.99362], [106.740718, 16.992392], [106.740112, 16.989953], [106.739851, 16.989687], [106.739484, 16.989663], [106.737473, 16.991485], [106.736417, 16.991764], [106.736448, 16.990449], [106.735799, 16.989886], [106.732601, 16.99298], [106.730601, 16.994159], [106.730864, 16.993268], [106.73028, 16.99293], [106.726541, 16.993583], [106.721906, 16.992748], [106.719408, 16.99306], [106.718369, 16.992754], [106.71886, 16.991637], [106.718773, 16.991283], [106.718225, 16.991273], [106.71743, 16.991973], [106.716556, 16.990641], [106.717395, 16.989461], [106.71678, 16.989], [106.716702, 16.986612], [106.717919, 16.986824], [106.71819, 16.986445], [106.717263, 16.984874], [106.718068, 16.983259], [106.716797, 16.983744], [106.716454, 16.982536], [106.716868, 16.9815], [106.718256, 16.981153], [106.717819, 16.980489], [106.717993, 16.978762], [106.716992, 16.976415], [106.717215, 16.975277], [106.717961, 16.974783], [106.718131, 16.974347], [106.7173, 16.97295], [106.71792, 16.972316], [106.717497, 16.972369], [106.71711, 16.972959], [106.718001, 16.974265], [106.717015, 16.975348], [106.716803, 16.976341], [106.717744, 16.978657], [106.717603, 16.980423], [106.718067, 16.981166], [106.716577, 16.981569], [106.716294, 16.98269], [106.716672, 16.983892], [106.717858, 16.983516], [106.717086, 16.985221], [106.718044, 16.986462], [106.716594, 16.986541], [106.716615, 16.988904], [106.717253, 16.989408], [106.716423, 16.990589], [106.717431, 16.99225], [106.718629, 16.991377], [106.718079, 16.992429], [106.718287, 16.992949], [106.719703, 16.99323], [106.721904, 16.992901], [106.726138, 16.99372], [106.730275, 16.993078], [106.730626, 16.993233], [106.730415, 16.994369], [106.732602, 16.993167], [106.735794, 16.990122], [106.736325, 16.990612], [106.736007, 16.99187], [106.736557, 16.991905], [106.737555, 16.991638], [106.739514, 16.989778], [106.739996, 16.989995], [106.740538, 16.992106], [106.740061, 16.993738], [106.741005, 16.995211], [106.7392, 16.995843], [106.738811, 16.997082], [106.740864, 16.999415], [106.737444, 17.000372], [106.738606, 17.002958], [106.738064, 17.003518], [106.736744, 17.003677], [106.73588, 17.004894], [106.736801, 17.007153], [106.736269, 17.009301], [106.735105, 17.010763], [106.73528, 17.01264], [106.735519, 17.013534], [106.737437, 17.014953], [106.738156, 17.017799], [106.739566, 17.018103], [106.741894, 17.022076], [106.74465, 17.024572], [106.745567, 17.026917], [106.746549, 17.027755], [106.747395, 17.030066], [106.748772, 17.029498], [106.748836, 17.028834], [106.750881, 17.0263], [106.751515, 17.026254], [106.752387, 17.027163], [106.753737, 17.02642], [106.752854, 17.025041], [106.753139, 17.023283], [106.753693, 17.023046], [106.757028, 17.024532], [106.757074, 17.025589], [106.756504, 17.026285], [106.756307, 17.028331], [106.758515, 17.029789], [106.75964, 17.029935], [106.760091, 17.029258], [106.761324, 17.029305], [106.761866, 17.028607], [106.76084, 17.027602], [106.761678, 17.02473], [106.762323, 17.024795], [106.762828, 17.026247], [106.765459, 17.027154], [106.76567, 17.028756], [106.765148, 17.030151], [106.763108, 17.032096], [106.763156, 17.03307], [106.763733, 17.03366], [106.764738, 17.033669], [106.76516, 17.033357], [106.765649, 17.032603], [106.76598, 17.030776], [106.766695, 17.029979], [106.768336, 17.029744], [106.76916, 17.030617], [106.769104, 17.032469], [106.767709, 17.033661], [106.766218, 17.038662], [106.764412, 17.037396], [106.762048, 17.037922], [106.760656, 17.037392], [106.760345, 17.037605], [106.760116, 17.03883], [106.760386, 17.039678], [106.762985, 17.043175], [106.762946, 17.044642], [106.760407, 17.045941], [106.758538, 17.047835], [106.756721, 17.051545], [106.757578, 17.053146], [106.75538, 17.059139], [106.753989, 17.06024], [106.750827, 17.059687], [106.750122, 17.060775], [106.750311, 17.062387], [106.749314, 17.063714], [106.74963, 17.064666], [106.750229, 17.065117], [106.753569, 17.066271], [106.754812, 17.068435], [106.757143, 17.066281], [106.758629, 17.067185], [106.758021, 17.069833], [106.758368, 17.071245], [106.757985, 17.071301], [106.758809, 17.071667], [106.760084, 17.071335], [106.762174, 17.072163], [106.762029, 17.073121], [106.761078, 17.073956], [106.760677, 17.074677], [106.762396, 17.076168], [106.763521, 17.076326], [106.7658, 17.07862], [106.763496, 17.080534], [106.759707, 17.081529], [106.757362, 17.082585], [106.757255, 17.084797], [106.757, 17.084367], [106.7568, 17.084468], [106.75734, 17.086917], [106.756777, 17.08964], [106.755706, 17.091769], [106.755989, 17.094186], [106.755231, 17.096808], [106.753467, 17.098831], [106.752552, 17.099064], [106.752632, 17.099442], [106.753875, 17.098651], [106.755413, 17.096827], [106.756275, 17.093438], [106.757365, 17.091651], [106.756908, 17.090402], [106.75758, 17.086795], [106.757708, 17.082718], [106.759517, 17.082233], [106.759144, 17.082776], [106.761074, 17.082039], [106.759086, 17.08208], [106.763465, 17.080941], [106.766066, 17.078962], [106.765624, 17.07789], [106.763671, 17.076226], [106.760955, 17.074684], [106.762226, 17.073109], [106.762365, 17.071861], [106.760095, 17.070991], [106.758502, 17.071263], [106.758296, 17.069935], [106.758928, 17.067311], [106.757927, 17.066156], [106.756784, 17.066162], [106.754882, 17.068005], [106.754011, 17.066281], [106.750481, 17.064958], [106.749496, 17.063978], [106.750623, 17.062353], [106.750298, 17.061016], [106.750795, 17.059915], [106.75375, 17.060516], [106.755716, 17.059071], [106.75777, 17.053137], [106.756941, 17.051486], [106.757764, 17.049772], [106.759804, 17.046745], [106.761088, 17.045889], [106.761766, 17.046175], [106.763177, 17.044593], [106.762942, 17.042333], [106.761637, 17.041337], [106.760446, 17.03934], [106.760491, 17.037613], [106.761861, 17.038057], [106.764275, 17.037701], [106.766258, 17.038862], [106.767912, 17.033574], [106.769332, 17.032386], [106.769264, 17.030471], [106.768455, 17.029557], [106.767596, 17.029598], [106.766491, 17.029942], [106.765827, 17.030602], [106.764961, 17.033365], [106.763696, 17.033495], [106.763269, 17.032173], [106.765346, 17.030301], [106.765818, 17.028686], [106.765731, 17.027363], [106.765379, 17.026979], [106.76287, 17.02608], [106.762709, 17.024464]], [[106.756257, 17.093238], [106.755937, 17.091731], [106.756747, 17.090613], [106.7572, 17.091681], [106.756257, 17.093238]]]}}, {"type": "Feature", "properties": {"TENSONG": null}, "geometry": {"type": "Polygon", "coordinates": [[[106.804, 17.147917], [106.802988, 17.146571], [106.801177, 17.142144], [106.801633, 17.140304], [106.803479, 17.140707], [106.806919, 17.138108], [106.810629, 17.139506], [106.813157, 17.139856], [106.819213, 17.135065], [106.818485, 17.131994], [106.816399, 17.131809], [106.81781, 17.129684], [106.82048, 17.129837], [106.820851, 17.129116], [106.8172, 17.126685], [106.817736, 17.125788], [106.817618, 17.124872], [106.81657, 17.125362], [106.816126, 17.124807], [106.817436, 17.124], [106.817484, 17.123218], [106.816388, 17.12161], [106.814856, 17.120437], [106.815452, 17.119012], [106.817225, 17.118882], [106.817854, 17.118229], [106.81788, 17.117644], [106.817172, 17.118776], [106.815494, 17.118763], [106.814725, 17.120524], [106.816269, 17.121672], [106.817319, 17.123177], [106.817293, 17.123969], [106.815974, 17.124797], [106.816324, 17.125443], [106.81756, 17.125217], [106.817067, 17.126691], [106.820633, 17.129253], [106.820358, 17.129607], [106.817792, 17.129486], [106.816346, 17.131145], [106.81633, 17.132304], [106.818227, 17.132244], [106.818933, 17.134869], [106.813071, 17.139616], [106.810744, 17.139256], [106.806941, 17.13782], [106.803422, 17.140383], [106.80146, 17.13992], [106.800495, 17.140797], [106.800735, 17.142164], [106.803325, 17.148123], [106.804, 17.147917]], [[106.800854, 17.141285], [106.801174, 17.14126], [106.800935, 17.142005], [106.800854, 17.141285]]]}}, {"type": "Feature", "properties": {"TENSONG": "Sông Dinh"}, "geometry": {"type": "Polygon", "coordinates": [[[106.526547, 17.517177], [106.527359, 17.517011], [106.528748, 17.515434], [106.529435, 17.512415], [106.52857, 17.511397], [106.526188, 17.511122], [106.525577, 17.511477], [106.52462, 17.510211], [106.525292, 17.505551], [106.526019, 17.503993], [106.525719, 17.501549], [106.52474, 17.49953], [106.522387, 17.499022], [106.517081, 17.499415], [106.511705, 17.497631], [106.510295, 17.498622], [106.5099, 17.500648], [106.508037, 17.501374], [106.505076, 17.500164], [106.504508, 17.498646], [106.504078, 17.498847], [106.504164, 17.497835], [106.501769, 17.496016], [106.501704, 17.494992], [106.504872, 17.491732], [106.505362, 17.489976], [106.506111, 17.489701], [106.5059, 17.490351], [106.507443, 17.489257], [106.505415, 17.489696], [106.507146, 17.483384], [106.506768, 17.483378], [106.506984, 17.481585], [106.506242, 17.483001], [106.506399, 17.481331], [106.507065, 17.480208], [106.506333, 17.474804], [106.505316, 17.473512], [106.506038, 17.474823], [106.502691, 17.471764], [106.501267, 17.46906], [106.501129, 17.46759], [106.500486, 17.46656], [106.498965, 17.466843], [106.498183, 17.465407], [106.497343, 17.465037], [106.497622, 17.463411], [106.497198, 17.465113], [106.497978, 17.465369], [106.498966, 17.466933], [106.499778, 17.467286], [106.50029, 17.466902], [106.500983, 17.467637], [106.501083, 17.46895], [106.497601, 17.467275], [106.494957, 17.463066], [106.494856, 17.461765], [106.496575, 17.45795], [106.49661, 17.455124], [106.496234, 17.453731], [106.496278, 17.454818], [106.495751, 17.454352], [106.496046, 17.453615], [106.49526, 17.450733], [106.491104, 17.449624], [106.486998, 17.449621], [106.486202, 17.44784], [106.486019, 17.446374], [106.486392, 17.447075], [106.486456, 17.446435], [106.485952, 17.444475], [106.479668, 17.440521], [106.479338, 17.439852], [106.477757, 17.439135], [106.476232, 17.439244], [106.47584, 17.438037], [106.469973, 17.440073], [106.468692, 17.439849], [106.468216, 17.43826], [106.469479, 17.437655], [106.469996, 17.436776], [106.468412, 17.434937], [106.46967, 17.433974], [106.470681, 17.433694], [106.471024, 17.434208], [106.471766, 17.433767], [106.472511, 17.43205], [106.472135, 17.431041], [106.47329, 17.429098], [106.472022, 17.430978], [106.472387, 17.432008], [106.471573, 17.433819], [106.471059, 17.434084], [106.470592, 17.433599], [106.469543, 17.433913], [106.468406, 17.434689], [106.468417, 17.435409], [106.466459, 17.435935], [106.468839, 17.435472], [106.469763, 17.436785], [106.469391, 17.437438], [106.467877, 17.437819], [106.468411, 17.439792], [106.469021, 17.440378], [106.470312, 17.440493], [106.471506, 17.439604], [106.475154, 17.438328], [106.47643, 17.439678], [106.477391, 17.439844], [106.478337, 17.439561], [106.479687, 17.440849], [106.483456, 17.443003], [106.483979, 17.443937], [106.485643, 17.444696], [106.486256, 17.44884], [106.487055, 17.449877], [106.490437, 17.449885], [106.494971, 17.451091], [106.496075, 17.457784], [106.49564, 17.459495], [106.49424, 17.461872], [106.494343, 17.462967], [106.497003, 17.467729], [106.501425, 17.469877], [106.501603, 17.470273], [106.500992, 17.469948], [106.502197, 17.472198], [106.500119, 17.471197], [106.498467, 17.471363], [106.497517, 17.470677], [106.495536, 17.471287], [106.496196, 17.470591], [106.495938, 17.469527], [106.493908, 17.469905], [106.493001, 17.470429], [106.491975, 17.469272], [106.491177, 17.468948], [106.488618, 17.471189], [106.488002, 17.472231], [106.487345, 17.472327], [106.48651, 17.472972], [106.486492, 17.473814], [106.486096, 17.473556], [106.485035, 17.474151], [106.48609, 17.473669], [106.486503, 17.473963], [106.486608, 17.473058], [106.488137, 17.472332], [106.488741, 17.47123], [106.491275, 17.469148], [106.492739, 17.470528], [106.492398, 17.470889], [106.492704, 17.472637], [106.492841, 17.470663], [106.495869, 17.469733], [106.495895, 17.470629], [106.495224, 17.470891], [106.495278, 17.471444], [106.497617, 17.471002], [106.497021, 17.471531], [106.497768, 17.471264], [106.49895, 17.472303], [106.499781, 17.471846], [106.502103, 17.4726], [106.506205, 17.476126], [106.506049, 17.481071], [106.505443, 17.480144], [106.505846, 17.478185], [106.505103, 17.479286], [106.5056, 17.481777], [106.505301, 17.483976], [106.503878, 17.482892], [106.503453, 17.48327], [106.503242, 17.48248], [106.502463, 17.482577], [106.502425, 17.481439], [106.502205, 17.482508], [106.502647, 17.48311], [106.499598, 17.482237], [106.499272, 17.482611], [106.502607, 17.483405], [106.503227, 17.482692], [106.503287, 17.483327], [106.505306, 17.484176], [106.504554, 17.488953], [106.503874, 17.488987], [106.503942, 17.490712], [106.503247, 17.491718], [106.502681, 17.491795], [106.502271, 17.491395], [106.503186, 17.490382], [106.501925, 17.488712], [106.501809, 17.4891], [106.500273, 17.489458], [106.499043, 17.488168], [106.497155, 17.488245], [106.497055, 17.488999], [106.49786, 17.48839], [106.499353, 17.489005], [106.499848, 17.489806], [106.501189, 17.489846], [106.501864, 17.489342], [106.502907, 17.490562], [106.502394, 17.490673], [106.502066, 17.491713], [106.502872, 17.492007], [106.500851, 17.49274], [106.499524, 17.494682], [106.498818, 17.491515], [106.497923, 17.491789], [106.498572, 17.491815], [106.499071, 17.493167], [106.499302, 17.495791], [106.497704, 17.49602], [106.497509, 17.497544], [106.497006, 17.497685], [106.496891, 17.497037], [106.496264, 17.497212], [106.494404, 17.495696], [106.494302, 17.496066], [106.495849, 17.496966], [106.496502, 17.498219], [106.495012, 17.499439], [106.494785, 17.500627], [106.493261, 17.501102], [106.494599, 17.500939], [106.49499, 17.501707], [106.494906, 17.500924], [106.495606, 17.499658], [106.496247, 17.49965], [106.498511, 17.497772], [106.498213, 17.496737], [106.49977, 17.498928], [106.498873, 17.49655], [106.498859, 17.496156], [106.499581, 17.496002], [106.501568, 17.496872], [106.500898, 17.497695], [106.501353, 17.497946], [106.502091, 17.497245], [106.503229, 17.497494], [106.504904, 17.501025], [106.505519, 17.50045], [106.507601, 17.501728], [106.509795, 17.501048], [106.51101, 17.498997], [106.512275, 17.498324], [106.514021, 17.498527], [106.516594, 17.499747], [106.524336, 17.499706], [106.525556, 17.503789], [106.52463, 17.507464], [106.524197, 17.507601], [106.524702, 17.508523], [106.523991, 17.510024], [106.524312, 17.511349], [106.525141, 17.512088], [106.527586, 17.511827], [106.52896, 17.512155], [106.52782, 17.516004], [106.526547, 17.517177]], [[106.501323, 17.49329], [106.501975, 17.492952], [106.501395, 17.493658], [106.501323, 17.49329]], [[106.477362, 17.439409], [106.47679, 17.439374], [106.477697, 17.439238], [106.477362, 17.439409]]]}}, {"type": "Feature", "properties": {"TENSONG": "Sông Lý Hòa"}, "geometry": {"type": "Polygon", "coordinates": [[[106.52371, 17.605503], [106.526161, 17.601727], [106.525155, 17.600228], [106.523697, 17.599447], [106.520054, 17.599777], [106.51927, 17.598599], [106.519866, 17.597838], [106.523241, 17.597867], [106.524481, 17.597457], [106.524669, 17.595836], [106.523018, 17.593313], [106.524006, 17.592154], [106.524014, 17.590873], [106.522801, 17.59321], [106.521363, 17.59147], [106.520002, 17.592365], [106.518467, 17.591504], [106.516895, 17.591271], [106.51616, 17.590541], [106.515341, 17.59116], [106.515043, 17.591747], [106.515181, 17.592205], [106.51468, 17.592635], [106.514855, 17.593384], [106.512777, 17.593991], [106.511958, 17.593539], [106.509771, 17.590489], [106.508967, 17.590509], [106.508615, 17.589128], [106.508309, 17.588718], [106.507841, 17.588646], [106.507836, 17.589388], [106.506197, 17.589254], [106.505103, 17.588541], [106.503781, 17.588713], [106.502443, 17.58793], [106.501429, 17.588744], [106.499941, 17.588328], [106.49891, 17.586622], [106.499126, 17.585096], [106.498989, 17.584437], [106.497821, 17.584234], [106.497499, 17.583702], [106.497732, 17.584321], [106.49895, 17.584685], [106.498799, 17.586694], [106.4998, 17.588372], [106.501326, 17.588931], [106.502385, 17.588142], [106.503535, 17.588862], [106.505127, 17.588728], [106.505929, 17.589378], [106.507887, 17.589671], [106.508172, 17.588812], [106.508897, 17.590621], [106.510132, 17.591239], [106.510472, 17.59204], [106.510858, 17.592094], [106.511816, 17.593561], [106.512583, 17.594029], [106.514693, 17.59369], [106.515167, 17.593141], [106.514792, 17.592592], [106.515279, 17.592229], [106.515387, 17.591271], [106.516126, 17.590741], [106.516659, 17.591372], [106.51807, 17.591523], [106.519965, 17.592552], [106.52177, 17.592124], [106.52367, 17.594732], [106.524278, 17.596304], [106.523981, 17.597273], [106.519678, 17.597553], [106.519024, 17.598132], [106.519078, 17.599129], [106.520388, 17.60023], [106.521829, 17.599904], [106.522969, 17.601677], [106.522941, 17.602736], [106.523744, 17.602217], [106.523582, 17.601117], [106.522437, 17.600606], [106.5226, 17.600038], [106.52467, 17.600186], [106.525919, 17.601992], [106.524113, 17.602505], [106.523448, 17.604118], [106.520461, 17.607499], [106.520555, 17.607125], [106.515065, 17.609807], [106.51373, 17.611173], [106.513909, 17.620797], [106.514303, 17.620239], [106.513945, 17.620314], [106.513893, 17.618268], [106.515391, 17.61798], [106.513921, 17.6181], [106.513978, 17.611133], [106.515641, 17.609685], [106.518997, 17.608474], [106.515559, 17.609939], [106.514153, 17.611246], [106.514095, 17.611414], [106.514408, 17.611696], [106.514292, 17.61113], [106.515323, 17.610391], [106.520681, 17.607767], [106.521932, 17.606705], [106.522597, 17.607408], [106.522305, 17.606363], [106.52371, 17.605503]], [[106.522855, 17.605533], [106.523081, 17.604982], [106.524278, 17.604327], [106.523277, 17.605321], [106.522855, 17.605533]], [[106.522003, 17.606321], [106.522336, 17.60581], [106.522675, 17.605774], [106.522614, 17.605915], [106.522003, 17.606321]]]}}, {"type": "Feature", "properties": {"TENSONG": null}, "geometry": {"type": "Polygon", "coordinates": [[[106.26326, 17.590648], [106.263106, 17.590223], [106.261901, 17.590513], [106.259929, 17.591487], [106.26078, 17.594948], [106.258766, 17.596808], [106.258616, 17.598078], [106.259744, 17.599046], [106.263008, 17.599969], [106.26558, 17.602085], [106.266087, 17.604871], [106.265366, 17.609392], [106.267386, 17.613362], [106.269491, 17.613884], [106.269503, 17.617187], [106.271289, 17.619885], [106.268797, 17.621346], [106.265262, 17.62025], [106.263091, 17.62061], [106.262262, 17.621828], [106.262277, 17.622965], [106.26306, 17.624001], [106.263421, 17.624001], [106.262572, 17.622925], [106.262659, 17.621452], [106.263591, 17.620793], [106.26561, 17.620733], [106.26892, 17.621659], [106.271586, 17.619966], [106.269778, 17.616963], [106.269851, 17.61354], [106.267854, 17.613099], [106.265813, 17.609334], [106.266535, 17.605382], [106.266189, 17.602257], [106.263997, 17.600046], [106.260683, 17.598515], [106.259638, 17.598495], [106.258996, 17.597885], [106.259287, 17.596798], [106.261408, 17.594914], [106.260355, 17.591832], [106.26326, 17.590648]], [[106.264955, 17.620605], [106.265364, 17.620463], [106.265406, 17.620535], [106.264955, 17.620605]]]}}, {"type": "Feature", "properties": {"TENSONG": "Sông Nhật Lệ"}, "geometry": {"type": "Polygon", "coordinates": [[[106.633883, 17.385578], [106.633487, 17.385918], [106.631144, 17.382859], [106.629537, 17.378513], [106.628777, 17.373538], [106.628577, 17.362156], [106.62893, 17.361117], [106.633611, 17.355202], [106.637817, 17.351343], [106.635811, 17.349178], [106.634383, 17.349416], [106.634755, 17.348271], [106.628958, 17.354717], [106.625367, 17.364138], [106.624213, 17.368766], [106.623466, 17.375055], [106.623449, 17.378987], [106.624213, 17.38497], [106.624715, 17.386179], [106.62819, 17.387954], [106.630823, 17.390601], [106.63557, 17.397021], [106.638795, 17.399771], [106.63938, 17.399737], [106.638825, 17.400707], [106.639613, 17.400222], [106.642508, 17.402209], [106.642368, 17.403184], [106.642897, 17.403222], [106.64281, 17.402655], [106.643764, 17.405242], [106.643515, 17.405611], [106.643762, 17.406538], [106.64377, 17.405573], [106.645489, 17.408666], [106.646441, 17.412884], [106.645157, 17.418161], [106.641506, 17.423342], [106.640905, 17.423387], [106.640639, 17.424396], [106.638619, 17.426504], [106.635514, 17.433139], [106.635317, 17.435465], [106.63473, 17.435536], [106.635186, 17.435694], [106.63451, 17.440165], [106.635403, 17.44908], [106.635002, 17.452235], [106.634135, 17.452183], [106.634857, 17.452612], [106.634483, 17.453609], [106.630661, 17.46017], [106.629146, 17.460697], [106.627794, 17.464694], [106.624637, 17.470126], [106.623973, 17.47413], [106.624337, 17.478603], [106.625176, 17.479762], [106.625281, 17.481203], [106.626061, 17.482627], [106.628082, 17.483348], [106.628506, 17.485345], [106.630838, 17.484691], [106.629322, 17.483249], [106.629866, 17.48279], [106.628948, 17.476217], [106.62957, 17.473891], [106.638427, 17.452069], [106.639715, 17.43989], [106.639897, 17.439132], [106.640385, 17.439033], [106.63988, 17.438934], [106.639955, 17.437377], [106.640419, 17.437281], [106.64, 17.43715], [106.640137, 17.436269], [106.638826, 17.438387], [106.639544, 17.43457], [106.643341, 17.428103], [106.645073, 17.428835], [106.645849, 17.428392], [106.647113, 17.426306], [106.64622, 17.425542], [106.647301, 17.423626], [106.64639, 17.423146], [106.650336, 17.417201], [106.651439, 17.414304], [106.652336, 17.40968], [106.652159, 17.406046], [106.650468, 17.402566], [106.648391, 17.400464], [106.642368, 17.397463], [106.640762, 17.395323], [106.638436, 17.390671], [106.635274, 17.387586], [106.638064, 17.391221], [106.640584, 17.396678], [106.637225, 17.393999], [106.634665, 17.390118], [106.633804, 17.387332], [106.634446, 17.386763], [106.633883, 17.385578]], [[106.627289, 17.386937], [106.625216, 17.386016], [106.624693, 17.383989], [106.626657, 17.386024], [106.627289, 17.386937]], [[106.62946, 17.384816], [106.626072, 17.381782], [106.625687, 17.377566], [106.626081, 17.377132], [106.627193, 17.377566], [106.62761, 17.378292], [106.62946, 17.384816]], [[106.648417, 17.410259], [106.645179, 17.404655], [106.643943, 17.401432], [106.645471, 17.401826], [106.64792, 17.404842], [106.648801, 17.407925], [106.648417, 17.410259]], [[106.635899, 17.350854], [106.635556, 17.351459], [106.632152, 17.353444], [106.632145, 17.352701], [106.635899, 17.350854]]]}}, {"type": "Feature", "properties": {"TENSONG": "Sông Long Đại"}, "geometry": {"type": "Polygon", "coordinates": [[[106.642212, 17.347211], [106.644793, 17.341494], [106.644621, 17.335326], [106.643327, 17.33237], [106.640034, 17.327137], [106.639854, 17.323004], [106.638567, 17.321857], [106.635614, 17.320932], [106.631188, 17.3208], [106.62886, 17.321713], [106.629227, 17.321946], [106.631266, 17.321149], [106.634716, 17.321335], [106.638643, 17.322343], [106.639689, 17.323589], [106.639281, 17.326002], [106.639663, 17.328137], [106.633016, 17.324619], [106.628386, 17.324164], [106.627338, 17.323743], [106.627364, 17.323288], [106.623623, 17.323995], [106.622934, 17.322769], [106.623014, 17.320627], [106.623855, 17.317621], [106.625267, 17.315215], [106.625208, 17.31274], [106.624436, 17.311452], [106.619689, 17.30922], [106.615934, 17.309078], [106.614617, 17.309989], [106.614033, 17.311538], [106.613691, 17.316417], [106.611759, 17.322007], [106.610754, 17.323268], [106.607742, 17.32524], [106.605754, 17.325802], [106.595998, 17.330714], [106.592172, 17.331508], [106.590147, 17.330461], [106.589863, 17.329644], [106.590535, 17.328351], [106.596723, 17.325944], [106.597397, 17.324963], [106.597226, 17.323264], [106.590071, 17.31924], [106.586679, 17.318098], [106.581237, 17.317449], [106.575717, 17.312923], [106.573718, 17.312232], [106.572159, 17.312905], [106.571234, 17.313898], [106.568627, 17.318227], [106.568647, 17.320542], [106.570594, 17.323052], [106.570307, 17.32437], [106.56434, 17.325185], [106.562099, 17.326891], [106.559589, 17.326699], [106.557061, 17.325833], [106.554208, 17.323646], [106.552201, 17.320742], [106.552167, 17.316665], [106.551618, 17.314811], [106.550696, 17.313161], [106.547656, 17.311054], [106.546481, 17.309166], [106.545519, 17.304843], [106.543947, 17.30154], [106.544158, 17.300502], [106.543763, 17.299752], [106.541864, 17.29828], [106.540055, 17.295789], [106.540101, 17.296387], [106.539229, 17.295801], [106.539036, 17.294568], [106.53603, 17.291144], [106.534389, 17.290713], [106.531767, 17.291148], [106.529241, 17.290956], [106.523292, 17.279729], [106.522557, 17.279394], [106.519751, 17.279664], [106.518208, 17.280707], [106.517042, 17.283052], [106.516768, 17.286369], [106.515542, 17.288388], [106.514559, 17.288285], [106.511766, 17.286295], [106.507144, 17.285133], [106.502247, 17.282723], [106.498102, 17.276737], [106.496219, 17.27497], [106.496004, 17.275389], [106.494307, 17.273262], [106.492992, 17.27052], [106.491737, 17.263676], [106.491822, 17.260901], [106.492785, 17.258446], [106.491867, 17.256998], [106.489067, 17.256854], [106.484102, 17.258163], [106.48131, 17.258315], [106.478831, 17.259969], [106.477707, 17.260162], [106.475518, 17.261936], [106.474717, 17.261871], [106.47233, 17.263082], [106.46932, 17.263268], [106.465854, 17.26211], [106.464172, 17.260903], [106.460832, 17.254899], [106.458818, 17.253854], [106.457716, 17.25155], [106.459707, 17.245663], [106.462913, 17.239465], [106.46589, 17.238005], [106.465757, 17.235874], [106.46197, 17.232568], [106.461846, 17.23198], [106.459734, 17.231262], [106.451572, 17.230181], [106.45226, 17.228416], [106.452899, 17.228465], [106.45308, 17.224362], [106.454408, 17.223903], [106.455028, 17.223006], [106.454332, 17.220061], [106.454541, 17.215372], [106.459129, 17.210262], [106.46059, 17.209966], [106.46226, 17.207795], [106.462002, 17.204476], [106.460598, 17.202546], [106.460839, 17.198944], [106.463683, 17.198112], [106.465825, 17.199072], [106.466303, 17.200189], [106.467143, 17.200728], [106.47026, 17.201079], [106.480197, 17.1906], [106.482698, 17.187282], [106.48639, 17.185135], [106.487987, 17.183215], [106.489179, 17.182999], [106.490187, 17.182138], [106.49175, 17.179334], [106.490645, 17.176168], [106.491865, 17.172693], [106.491093, 17.17049], [106.49132, 17.169323], [106.493154, 17.167452], [106.497155, 17.167811], [106.498887, 17.167311], [106.497563, 17.163039], [106.49485, 17.161356], [106.495368, 17.158256], [106.498869, 17.153762], [106.50083, 17.152109], [106.505552, 17.152788], [106.507321, 17.150366], [106.507005, 17.149511], [106.505399, 17.148613], [106.499776, 17.149472], [106.497817, 17.148052], [106.495799, 17.140175], [106.495008, 17.138721], [106.493948, 17.137647], [106.493937, 17.13629], [106.496308, 17.134891], [106.500421, 17.129449], [106.500961, 17.127967], [106.502087, 17.127654], [106.502772, 17.126683], [106.502264, 17.124959], [106.498421, 17.124718], [106.496203, 17.123995], [106.495296, 17.123199], [106.494208, 17.119592], [106.494284, 17.118293], [106.49505, 17.117097], [106.496691, 17.116477], [106.50092, 17.116718], [106.503853, 17.115614], [106.506594, 17.112695], [106.5071, 17.11068], [106.508231, 17.109527], [106.508737, 17.109894], [106.508484, 17.111504], [106.508992, 17.111992], [106.510548, 17.112176], [106.513038, 17.111889], [106.517186, 17.109784], [106.51841, 17.109756], [106.521234, 17.1069], [106.52516, 17.107846], [106.535526, 17.106119], [106.536284, 17.105287], [106.536694, 17.10118], [106.537605, 17.10037], [106.538273, 17.100932], [106.538343, 17.104377], [106.539628, 17.104953], [106.54228, 17.103438], [106.546016, 17.1028], [106.547403, 17.101634], [106.547998, 17.100045], [106.549004, 17.099384], [106.549489, 17.099624], [106.55001, 17.10125], [106.550388, 17.103852], [106.552131, 17.105901], [106.555336, 17.106106], [106.558938, 17.10746], [106.561499, 17.109942], [106.563272, 17.11077], [106.565756, 17.111166], [106.568743, 17.113621], [106.575154, 17.116697], [106.575343, 17.117705], [106.574113, 17.120186], [106.575657, 17.121339], [106.575899, 17.12209], [106.575232, 17.122838], [106.575715, 17.123385], [106.57619, 17.121544], [106.579216, 17.11756], [106.583413, 17.116375], [106.584785, 17.113963], [106.583947, 17.107211], [106.584178, 17.105603], [106.58358, 17.103992], [106.583882, 17.102021], [106.583223, 17.101345], [106.581667, 17.101094], [106.58075, 17.099948], [106.578618, 17.098864], [106.578297, 17.09797], [106.578955, 17.097283], [106.581347, 17.096188], [106.58171, 17.096908], [106.583708, 17.096896], [106.586204, 17.09512], [106.587903, 17.094682], [106.592767, 17.09497], [106.5949, 17.094356], [106.596401, 17.093392], [106.596656, 17.092656], [106.595437, 17.090698], [106.595557, 17.090201], [106.598699, 17.08977], [106.597985, 17.087192], [106.598445, 17.086418], [106.602343, 17.085725], [106.606597, 17.08668], [106.608415, 17.085938], [106.608998, 17.084931], [106.608876, 17.083731], [106.606958, 17.081879], [106.609996, 17.079296], [106.612067, 17.079056], [106.615795, 17.077544], [106.617469, 17.07936], [106.61742, 17.079727], [106.616834, 17.079641], [106.617821, 17.081126], [106.618862, 17.081627], [106.622285, 17.080516], [106.628962, 17.079325], [106.629434, 17.078695], [106.628813, 17.077543], [106.627976, 17.076834], [106.626599, 17.076833], [106.625283, 17.0756], [106.625642, 17.074701], [106.630089, 17.073108], [106.635577, 17.074572], [106.637369, 17.072246], [106.640935, 17.070473], [106.640751, 17.070212], [106.637141, 17.071571], [106.635582, 17.074265], [106.630263, 17.072746], [106.628257, 17.073116], [106.624674, 17.074496], [106.624305, 17.074965], [106.624846, 17.075893], [106.626582, 17.077048], [106.628214, 17.077435], [106.628857, 17.07847], [106.628612, 17.078914], [106.624619, 17.079942], [106.623775, 17.079533], [106.618907, 17.081109], [106.618145, 17.080691], [106.617112, 17.078296], [106.616127, 17.077172], [106.609743, 17.077835], [106.606842, 17.080544], [106.606892, 17.082308], [106.608729, 17.084035], [106.608597, 17.085291], [106.607822, 17.08606], [106.605941, 17.086458], [106.60438, 17.08565], [106.601911, 17.085411], [106.598338, 17.086214], [106.597772, 17.08677], [106.597828, 17.089336], [106.595001, 17.090143], [106.595729, 17.092254], [106.596152, 17.092157], [106.596393, 17.092681], [106.594963, 17.094097], [106.592251, 17.094656], [106.586922, 17.094405], [106.583103, 17.096558], [106.582104, 17.096597], [106.581307, 17.095959], [106.578376, 17.097455], [106.578124, 17.098414], [106.578886, 17.099557], [106.58062, 17.100242], [106.581478, 17.101384], [106.583098, 17.101952], [106.58449, 17.113627], [106.582933, 17.116161], [106.578876, 17.117155], [106.575999, 17.121372], [106.574429, 17.120201], [106.575892, 17.117816], [106.574651, 17.115774], [106.571085, 17.114606], [106.567851, 17.112647], [106.565742, 17.110722], [106.562849, 17.110247], [106.559319, 17.107264], [106.555061, 17.105731], [106.552637, 17.105779], [106.550764, 17.103559], [106.549805, 17.099685], [106.54898, 17.099142], [106.547934, 17.099682], [106.545997, 17.102189], [106.542348, 17.102892], [106.539693, 17.104383], [106.538958, 17.10412], [106.538527, 17.100895], [106.537656, 17.100005], [106.536453, 17.101096], [106.536088, 17.105157], [106.53522, 17.105873], [106.525159, 17.107471], [106.521249, 17.106745], [106.519716, 17.107586], [106.518149, 17.109348], [106.514548, 17.11043], [106.51291, 17.111677], [106.509045, 17.111789], [106.508713, 17.111264], [106.509065, 17.109721], [106.508757, 17.109196], [106.508033, 17.109187], [106.507187, 17.109739], [106.506477, 17.11229], [106.503537, 17.115306], [106.501244, 17.116195], [106.495224, 17.116246], [106.493602, 17.117836], [106.4935, 17.118693], [106.494441, 17.122588], [106.495362, 17.124211], [106.49619, 17.12477], [106.497109, 17.124584], [106.49909, 17.125161], [106.49964, 17.125761], [106.499893, 17.125233], [106.501837, 17.125252], [106.502249, 17.126521], [106.501837, 17.127279], [106.500782, 17.127698], [106.495493, 17.135074], [106.49365, 17.135882], [106.492496, 17.137606], [106.494478, 17.13835], [106.495448, 17.140215], [106.496783, 17.14665], [106.497569, 17.148256], [106.50014, 17.149715], [106.50592, 17.149148], [106.506755, 17.15008], [106.506266, 17.151547], [106.505065, 17.152456], [106.501551, 17.151645], [106.500305, 17.151973], [106.496607, 17.155528], [106.494615, 17.158276], [106.494092, 17.160087], [106.49426, 17.161247], [106.497396, 17.163959], [106.498374, 17.166874], [106.497007, 17.167498], [106.492867, 17.167349], [106.49109, 17.169126], [106.490777, 17.170517], [106.491092, 17.172515], [106.490328, 17.176444], [106.491211, 17.179404], [106.489257, 17.182622], [106.487737, 17.182764], [106.486275, 17.183972], [106.48609, 17.1848], [106.482923, 17.186218], [106.478805, 17.191105], [106.469717, 17.200339], [106.466717, 17.199892], [106.46601, 17.198661], [106.463499, 17.197625], [106.461537, 17.197751], [106.460045, 17.198845], [106.460009, 17.202855], [106.461333, 17.204194], [106.461811, 17.207464], [106.460502, 17.208254], [106.455175, 17.213599], [106.453981, 17.215516], [106.45394, 17.217878], [106.452965, 17.219668], [106.451326, 17.22131], [106.451811, 17.223667], [106.452927, 17.224789], [106.452573, 17.227307], [106.451624, 17.229061], [106.451523, 17.230511], [106.457751, 17.231858], [106.459101, 17.231697], [106.461167, 17.232414], [106.463408, 17.234485], [106.464501, 17.234893], [106.465476, 17.236414], [106.4648, 17.237803], [106.462412, 17.238916], [106.462253, 17.240112], [106.458513, 17.246829], [106.457243, 17.251821], [106.458224, 17.253954], [106.460467, 17.255823], [106.463632, 17.261657], [106.4664, 17.26342], [106.467271, 17.262735], [106.468989, 17.263554], [106.468576, 17.26413], [106.469624, 17.264041], [106.474995, 17.262613], [106.477459, 17.260681], [106.481748, 17.258698], [106.489222, 17.25754], [106.490679, 17.257486], [106.492006, 17.258108], [106.491281, 17.25984], [106.491084, 17.264417], [106.49236, 17.270957], [106.494286, 17.274117], [106.496576, 17.276769], [106.498052, 17.277789], [106.498865, 17.279897], [106.501062, 17.282552], [106.503804, 17.284476], [106.510984, 17.287091], [106.513717, 17.28894], [106.515784, 17.289227], [106.516992, 17.288423], [106.518347, 17.281827], [106.519941, 17.280468], [106.521699, 17.280288], [106.522396, 17.279765], [106.523081, 17.280008], [106.525227, 17.2838], [106.52656, 17.288423], [106.528458, 17.291414], [106.531575, 17.292191], [106.533028, 17.292186], [106.533876, 17.291489], [106.535626, 17.291847], [106.543011, 17.301589], [106.544685, 17.305523], [106.545632, 17.310439], [106.550651, 17.31494], [106.551264, 17.317828], [106.55117, 17.320995], [106.553536, 17.324513], [106.55544, 17.326098], [106.55932, 17.327792], [106.562292, 17.32801], [106.564504, 17.326292], [106.570452, 17.325437], [106.571549, 17.324502], [106.571701, 17.323705], [106.569798, 17.319873], [106.569626, 17.31853], [106.573637, 17.313204], [106.57495, 17.313708], [106.577083, 17.316346], [106.579904, 17.318414], [106.587625, 17.31978], [106.590864, 17.321229], [106.595817, 17.324468], [106.595899, 17.325044], [106.595246, 17.325641], [106.591227, 17.326297], [106.589366, 17.3275], [106.588541, 17.330435], [106.589216, 17.331329], [106.592032, 17.332564], [106.598598, 17.331902], [106.602981, 17.329214], [106.60882, 17.326671], [106.611028, 17.325], [106.612785, 17.322484], [106.615668, 17.316088], [106.61566, 17.311795], [106.616674, 17.310326], [106.617876, 17.310357], [106.622407, 17.312906], [106.623935, 17.314718], [106.621049, 17.319711], [106.621023, 17.323212], [106.622212, 17.325284], [106.625879, 17.325715], [106.629571, 17.3275], [106.635763, 17.328831], [106.64069, 17.332416], [106.642461, 17.336605], [106.642357, 17.33873], [106.640646, 17.344805], [106.639452, 17.346599], [106.637811, 17.3479], [106.642212, 17.347211]], [[106.635882, 17.327366], [106.632206, 17.326462], [106.629933, 17.327193], [106.627629, 17.326052], [106.628457, 17.325329], [106.630202, 17.325346], [106.634435, 17.326281], [106.635882, 17.327366]], [[106.453753, 17.218409], [106.45439, 17.223486], [106.452761, 17.224284], [106.451916, 17.223214], [106.45158, 17.221266], [106.45342, 17.219547], [106.453753, 17.218409]], [[106.609722, 17.078283], [106.612691, 17.077655], [106.612998, 17.078135], [106.611901, 17.078904], [106.609725, 17.079136], [106.607039, 17.081472], [106.606988, 17.080576], [106.609722, 17.078283]], [[106.625774, 17.07415], [106.625051, 17.075345], [106.62479, 17.075305], [106.624624, 17.074799], [106.625774, 17.07415]]]}}, {"type": "Feature", "properties": {"TENSONG": "Sông Ròn"}, "geometry": {"type": "Polygon", "coordinates": [[[106.422723, 17.892476], [106.425576, 17.891661], [106.427374, 17.8888], [106.42918, 17.882247], [106.433025, 17.876893], [106.43404, 17.876198], [106.436344, 17.876157], [106.439618, 17.878966], [106.442318, 17.88001], [106.442481, 17.880596], [106.441924, 17.881484], [106.446751, 17.877334], [106.448937, 17.876491], [106.451758, 17.878043], [106.451589, 17.878511], [106.452079, 17.878858], [106.449975, 17.880093], [106.450181, 17.880692], [106.451666, 17.879292], [106.452671, 17.879318], [106.455732, 17.880995], [106.458063, 17.88005], [106.45746, 17.879672], [106.456064, 17.879979], [106.457186, 17.8791], [106.457192, 17.878565], [106.455415, 17.877617], [106.455046, 17.876561], [106.453388, 17.876615], [106.453474, 17.875441], [106.45293, 17.875047], [106.448469, 17.875025], [106.444566, 17.876686], [106.443538, 17.878122], [106.442203, 17.878501], [106.440199, 17.878049], [106.437106, 17.875282], [106.435499, 17.874887], [106.433784, 17.875175], [106.428425, 17.878906], [106.426732, 17.883559], [106.426257, 17.887605], [106.424402, 17.890273], [106.421939, 17.891362], [106.420307, 17.890867], [106.418059, 17.888677], [106.410233, 17.88856], [106.405414, 17.886809], [106.403336, 17.885259], [106.401732, 17.881235], [106.401642, 17.879422], [106.403813, 17.874004], [106.403367, 17.87242], [106.402059, 17.871485], [106.393476, 17.868837], [106.389719, 17.869954], [106.384155, 17.869628], [106.383206, 17.869692], [106.382961, 17.870295], [106.380777, 17.869488], [106.376402, 17.870755], [106.368844, 17.871035], [106.368744, 17.873235], [106.371794, 17.875283], [106.371954, 17.875847], [106.371622, 17.876576], [106.368525, 17.877886], [106.368026, 17.882039], [106.368741, 17.880718], [106.368892, 17.877999], [106.371905, 17.876679], [106.37087, 17.879986], [106.369365, 17.880563], [106.371024, 17.880537], [106.371452, 17.880158], [106.371643, 17.877674], [106.372306, 17.876178], [106.371993, 17.874997], [106.369447, 17.872571], [106.369607, 17.871502], [106.375272, 17.871678], [106.380518, 17.870604], [106.389679, 17.871212], [106.395012, 17.870387], [106.398879, 17.872209], [106.40142, 17.875723], [106.400205, 17.880437], [106.400375, 17.882679], [106.401203, 17.884564], [106.404493, 17.888133], [106.407141, 17.889633], [106.411793, 17.891099], [106.413335, 17.891306], [106.414996, 17.890334], [106.417138, 17.890056], [106.418237, 17.890317], [106.420631, 17.892113], [106.422723, 17.892476]], [[106.400465, 17.871412], [106.403156, 17.872686], [106.403513, 17.874155], [106.403167, 17.875056], [106.400465, 17.871412]]]}}, {"type": "Feature", "properties": {"TENSONG": null}, "geometry": {"type": "Polygon", "coordinates": [[[106.412467, 17.929128], [106.412767, 17.927455], [106.413639, 17.928074], [106.41283, 17.927059], [106.414009, 17.924708], [106.415369, 17.923601], [106.417354, 17.923726], [106.417881, 17.923383], [106.416945, 17.92153], [106.419329, 17.919354], [106.420513, 17.917136], [106.421006, 17.914279], [106.421815, 17.913241], [106.422563, 17.911867], [106.422665, 17.909689], [106.421837, 17.906706], [106.422008, 17.905462], [106.422931, 17.904025], [106.422941, 17.902604], [106.422053, 17.899074], [106.424706, 17.894199], [106.425576, 17.891661], [106.424211, 17.892211], [106.423882, 17.894992], [106.422814, 17.896033], [106.421496, 17.899322], [106.422388, 17.903684], [106.421449, 17.907009], [106.422356, 17.910517], [106.422091, 17.911738], [106.420585, 17.913939], [106.42015, 17.917572], [106.418239, 17.920311], [106.41745, 17.920374], [106.417691, 17.920597], [106.416798, 17.921345], [106.41738, 17.923512], [106.415406, 17.92344], [106.413937, 17.92466], [106.412649, 17.92684], [106.412179, 17.928699], [106.412467, 17.929128]], [[106.42216, 17.912163], [106.421307, 17.913795], [106.420778, 17.914026], [106.420796, 17.913906], [106.42216, 17.912163]]]}}, {"type": "Feature", "properties": {"TENSONG": null}, "geometry": {"type": "Polygon", "coordinates": [[[106.427622, 17.933916], [106.426595, 17.933619], [106.425216, 17.936554], [106.425283, 17.937433], [106.42626, 17.938439], [106.428227, 17.93966], [106.429346, 17.939502], [106.429746, 17.940066], [106.431765, 17.939931], [106.433712, 17.941466], [106.4341, 17.942505], [106.433745, 17.942979], [106.433889, 17.944195], [106.432914, 17.946783], [106.433048, 17.947196], [106.434846, 17.943063], [106.434124, 17.942356], [106.43375, 17.94103], [106.433128, 17.940196], [106.431182, 17.93955], [106.429892, 17.939954], [106.429373, 17.93939], [106.428372, 17.939514], [106.425705, 17.937593], [106.42548, 17.936839], [106.426178, 17.936272], [106.426698, 17.936502], [106.426458, 17.935723], [106.427622, 17.933916]], [[106.433127, 17.940315], [106.433491, 17.941165], [106.432287, 17.940053], [106.433127, 17.940315]], [[106.434115, 17.943708], [106.433872, 17.943334], [106.434213, 17.942664], [106.43459, 17.9432], [106.434115, 17.943708]]]}}, {"type": "Feature", "properties": {"TENSONG": null}, "geometry": {"type": "Polygon", "coordinates": [[[106.440137, 17.86399], [106.442055, 17.863096], [106.440736, 17.863418], [106.439872, 17.862834], [106.440076, 17.858443], [106.441219, 17.858503], [106.442553, 17.853964], [106.441489, 17.853032], [106.440633, 17.85368], [106.440033, 17.852558], [106.437717, 17.85099], [106.438817, 17.84902], [106.438981, 17.847083], [106.437681, 17.846063], [106.435983, 17.842604], [106.4348, 17.841676], [106.433947, 17.839452], [106.434854, 17.838638], [106.436085, 17.839002], [106.436762, 17.837046], [106.438265, 17.835845], [106.437141, 17.833837], [106.437712, 17.83266], [106.437889, 17.829586], [106.436683, 17.829003], [106.435539, 17.826479], [106.436132, 17.825607], [106.436269, 17.821274], [106.435405, 17.82091], [106.434423, 17.81798], [106.434991, 17.814569], [106.434512, 17.814353], [106.434578, 17.813675], [106.435848, 17.812257], [106.437108, 17.806351], [106.439016, 17.805969], [106.439702, 17.804918], [106.439118, 17.802364], [106.439911, 17.800062], [106.438404, 17.79756], [106.437265, 17.789562], [106.437773, 17.78267], [106.438997, 17.777161], [106.437564, 17.782354], [106.437027, 17.789397], [106.438087, 17.797251], [106.439663, 17.800215], [106.438875, 17.802508], [106.439517, 17.80487], [106.438959, 17.805754], [106.43684, 17.806356], [106.435958, 17.811015], [106.434359, 17.813294], [106.433791, 17.812075], [106.431987, 17.812059], [106.433471, 17.81234], [106.434211, 17.813456], [106.433881, 17.814889], [106.434474, 17.815046], [106.434606, 17.815605], [106.43424, 17.819], [106.436222, 17.822432], [106.435734, 17.823709], [106.435833, 17.825261], [106.435259, 17.825638], [106.435227, 17.826359], [106.435817, 17.828407], [106.437572, 17.829696], [106.437483, 17.832196], [106.436848, 17.833707], [106.438003, 17.835854], [106.436759, 17.836584], [106.43593, 17.838806], [106.434673, 17.838435], [106.433646, 17.838866], [106.433489, 17.839521], [106.437204, 17.84588], [106.438761, 17.847246], [106.438584, 17.848882], [106.437392, 17.851115], [106.436596, 17.851278], [106.436355, 17.851621], [106.436519, 17.852021], [106.434788, 17.852665], [106.434394, 17.850904], [106.433395, 17.852068], [106.434144, 17.851874], [106.434591, 17.852855], [106.435604, 17.852824], [106.436671, 17.851994], [106.436686, 17.851348], [106.437505, 17.851299], [106.439843, 17.852793], [106.440286, 17.853846], [106.441607, 17.853545], [106.441946, 17.855388], [106.440874, 17.85806], [106.439946, 17.858133], [106.439716, 17.859971], [106.439177, 17.859971], [106.439649, 17.860283], [106.439707, 17.861322], [106.439276, 17.8613], [106.439738, 17.861497], [106.439559, 17.862894], [106.440137, 17.86399]]]}}, {"type": "Feature", "properties": {"TENSONG": null}, "geometry": {"type": "Polygon", "coordinates": [[[106.342472, 17.819233], [106.342065, 17.818129], [106.342434, 17.817373], [106.343262, 17.817143], [106.343636, 17.81657], [106.344705, 17.816309], [106.345317, 17.815756], [106.346282, 17.816192], [106.347061, 17.815879], [106.347322, 17.815464], [106.349947, 17.817846], [106.350421, 17.817918], [106.351337, 17.817084], [106.353098, 17.81804], [106.354612, 17.818093], [106.354968, 17.817269], [106.35634, 17.816665], [106.356969, 17.815666], [106.356701, 17.814589], [106.357899, 17.814195], [106.358291, 17.814608], [106.358764, 17.814258], [106.360525, 17.812008], [106.360961, 17.811233], [106.361012, 17.810312], [106.362291, 17.810916], [106.363436, 17.81055], [106.363643, 17.810183], [106.364775, 17.81056], [106.365818, 17.810514], [106.366188, 17.809877], [106.366924, 17.809785], [106.367529, 17.809007], [106.367254, 17.80832], [106.368695, 17.806162], [106.369975, 17.805816], [106.370591, 17.806256], [106.371096, 17.806067], [106.372945, 17.803839], [106.372996, 17.803566], [106.370688, 17.802707], [106.372732, 17.799433], [106.374399, 17.798851], [106.375046, 17.798071], [106.376286, 17.798168], [106.377708, 17.797428], [106.379075, 17.797218], [106.381983, 17.797732], [106.382822, 17.79726], [106.389152, 17.781649], [106.391182, 17.778797], [106.397346, 17.765843], [106.40641, 17.762523], [106.409976, 17.760429], [106.415915, 17.759651], [106.416981, 17.758515], [106.417014, 17.756784], [106.416655, 17.75681], [106.416402, 17.758862], [106.415886, 17.759212], [106.410943, 17.759928], [106.407436, 17.759081], [106.40674, 17.759964], [106.406281, 17.762227], [106.397008, 17.765846], [106.391056, 17.778733], [106.389136, 17.781358], [106.382412, 17.797373], [106.379068, 17.797122], [106.377785, 17.797322], [106.376233, 17.798032], [106.374963, 17.797962], [106.374421, 17.798685], [106.372564, 17.799407], [106.370518, 17.802641], [106.369974, 17.802474], [106.372657, 17.803527], [106.371159, 17.805828], [106.370543, 17.806116], [106.369995, 17.805627], [106.367088, 17.806243], [106.366807, 17.806768], [106.36697, 17.807018], [106.367357, 17.806209], [106.368522, 17.806019], [106.367124, 17.808297], [106.367318, 17.808933], [106.36677, 17.809697], [106.366097, 17.809742], [106.365732, 17.810339], [106.363541, 17.809995], [106.363066, 17.810504], [106.362443, 17.810251], [106.362243, 17.810735], [106.360872, 17.810214], [106.36078, 17.811156], [106.35885, 17.813943], [106.356527, 17.814482], [106.356711, 17.815639], [106.356102, 17.816569], [106.354892, 17.817161], [106.354578, 17.817974], [106.353225, 17.817954], [106.351331, 17.816949], [106.349935, 17.817667], [106.347297, 17.815346], [106.346205, 17.815992], [106.345429, 17.815572], [106.342332, 17.817226], [106.341869, 17.818169], [106.342472, 17.819233]], [[106.407893, 17.759375], [106.409588, 17.760202], [106.406981, 17.761735], [106.407145, 17.760357], [106.407893, 17.759375]]]}}, {"type": "Feature", "properties": {"TENSONG": null}, "geometry": {"type": "Polygon", "coordinates": [[[106.619424, 17.425759], [106.618883, 17.425831], [106.618441, 17.427341], [106.617914, 17.427688], [106.613032, 17.426682], [106.610306, 17.430176], [106.606903, 17.431697], [106.606598, 17.432203], [106.606702, 17.432969], [106.608289, 17.433591], [106.608306, 17.436482], [106.606376, 17.437509], [106.604984, 17.440716], [106.603027, 17.442266], [106.602711, 17.445208], [106.601301, 17.445017], [106.600591, 17.447299], [106.598031, 17.448332], [106.59713, 17.449673], [106.593502, 17.44937], [106.592518, 17.449821], [106.591054, 17.448205], [106.590553, 17.448674], [106.590504, 17.450214], [106.589302, 17.449523], [106.587635, 17.451455], [106.583819, 17.451191], [106.582795, 17.450537], [106.58248, 17.451578], [106.583149, 17.452614], [106.580665, 17.456056], [106.579757, 17.456535], [106.576507, 17.456829], [106.575517, 17.457217], [106.575825, 17.458824], [106.577584, 17.460914], [106.57623, 17.461336], [106.573097, 17.463835], [106.570917, 17.463942], [106.570465, 17.464444], [106.56976, 17.465972], [106.568999, 17.46609], [106.568424, 17.466662], [106.568622, 17.468505], [106.56792, 17.468607], [106.566285, 17.467861], [106.565804, 17.467987], [106.56538, 17.468577], [106.565183, 17.471231], [106.562711, 17.469804], [106.562542, 17.468524], [106.561927, 17.468059], [106.561007, 17.468655], [106.560063, 17.468211], [106.560056, 17.466698], [106.558361, 17.466212], [106.557729, 17.465384], [106.556483, 17.466046], [106.552002, 17.46509], [106.553493, 17.465795], [106.556259, 17.466144], [106.557764, 17.466082], [106.559909, 17.466711], [106.560034, 17.468276], [106.560899, 17.468727], [106.562028, 17.468246], [106.562467, 17.468575], [106.56251, 17.469796], [106.564616, 17.471322], [106.565314, 17.471359], [106.565697, 17.468293], [106.566138, 17.467976], [106.566833, 17.468617], [106.568677, 17.468649], [106.568967, 17.467832], [106.568552, 17.466694], [106.569815, 17.466159], [106.570835, 17.46418], [106.573291, 17.463911], [106.576463, 17.46135], [106.577768, 17.460948], [106.576097, 17.458827], [106.57566, 17.45731], [106.580017, 17.456662], [106.580713, 17.456263], [106.583346, 17.452919], [106.58273, 17.45154], [106.58287, 17.450786], [106.583941, 17.451495], [106.587654, 17.451737], [106.589357, 17.449826], [106.590701, 17.45044], [106.591012, 17.448596], [106.592534, 17.450064], [106.595383, 17.449613], [106.597021, 17.450037], [106.598464, 17.44836], [106.600786, 17.447598], [106.601428, 17.445531], [106.603052, 17.445335], [106.603264, 17.442321], [106.605014, 17.441145], [106.606564, 17.437672], [106.608508, 17.436555], [106.608569, 17.433758], [106.60819, 17.433158], [106.606991, 17.432763], [106.606932, 17.431949], [106.61023, 17.430592], [106.613231, 17.426902], [106.617821, 17.427937], [106.618641, 17.427386], [106.619424, 17.425759]], [[106.557516, 17.46554], [106.557822, 17.465825], [106.557832, 17.466007], [106.557339, 17.4659], [106.557516, 17.46554]]]}}, {"type": "Feature", "properties": {"TENSONG": null}, "geometry": {"type": "Polygon", "coordinates": [[[106.741256, 17.210307], [106.737483, 17.205176], [106.737208, 17.202967], [106.735968, 17.201382], [106.737117, 17.197195], [106.736376, 17.197076], [106.737697, 17.196778], [106.737125, 17.196199], [106.736356, 17.196258], [106.735775, 17.195354], [106.736195, 17.193524], [106.735829, 17.193154], [106.735166, 17.193064], [106.733307, 17.193706], [106.732403, 17.192748], [106.733335, 17.191363], [106.735798, 17.191485], [106.735395, 17.190322], [106.733995, 17.188932], [106.736294, 17.188745], [106.737045, 17.187949], [106.737703, 17.188527], [106.737792, 17.189703], [106.738972, 17.188932], [106.739017, 17.188243], [106.738415, 17.187682], [106.738972, 17.187017], [106.738555, 17.185923], [106.738978, 17.185618], [106.738917, 17.18511], [106.739888, 17.185177], [106.740181, 17.185016], [106.740002, 17.184562], [106.739353, 17.184249], [106.739142, 17.183612], [106.740087, 17.183733], [106.740331, 17.183487], [106.740351, 17.182915], [106.740176, 17.183544], [106.739213, 17.183403], [106.739033, 17.183667], [106.739268, 17.18433], [106.740065, 17.184978], [106.738812, 17.184991], [106.738412, 17.185877], [106.73885, 17.186982], [106.738231, 17.187762], [106.738834, 17.188173], [106.738873, 17.188828], [106.73787, 17.189568], [106.737905, 17.1886], [106.736934, 17.187685], [106.736259, 17.188597], [106.733727, 17.188891], [106.73562, 17.191285], [106.733162, 17.191207], [106.732203, 17.192707], [106.733252, 17.193913], [106.735151, 17.193273], [106.735981, 17.1935], [106.735599, 17.195671], [106.736491, 17.198623], [106.735722, 17.201383], [106.737002, 17.202975], [106.737041, 17.204747], [106.737913, 17.206105], [106.737539, 17.208278], [106.739106, 17.207978], [106.740962, 17.210507], [106.741256, 17.210307]], [[106.738961, 17.207748], [106.737854, 17.208084], [106.738163, 17.206495], [106.738961, 17.207748]]]}}, {"type": "Feature", "properties": {"TENSONG": null}, "geometry": {"type": "Polygon", "coordinates": [[[106.451344, 17.335619], [106.450407, 17.334346], [106.450438, 17.332293], [106.44961, 17.329602], [106.447618, 17.328304], [106.446116, 17.328467], [106.443819, 17.325965], [106.443429, 17.324442], [106.444079, 17.323159], [106.443648, 17.320831], [106.445315, 17.320899], [106.447265, 17.322077], [106.452996, 17.323764], [106.45855, 17.32451], [106.460374, 17.324116], [106.461171, 17.323119], [106.460566, 17.321195], [106.455538, 17.317564], [106.454994, 17.316681], [106.455614, 17.315425], [106.457467, 17.314339], [106.457717, 17.313354], [106.456667, 17.312694], [106.455456, 17.312977], [106.454703, 17.313404], [106.453423, 17.315227], [106.452423, 17.315479], [106.450717, 17.314523], [106.447665, 17.31054], [106.447884, 17.309221], [106.449646, 17.307303], [106.448817, 17.304421], [106.45093, 17.305405], [106.455206, 17.305398], [106.455786, 17.305002], [106.455759, 17.304189], [106.449729, 17.300345], [106.44911, 17.300414], [106.447602, 17.302455], [106.446375, 17.303129], [106.445372, 17.302835], [106.444595, 17.301512], [106.444749, 17.300152], [106.44577, 17.298964], [106.448667, 17.298269], [106.450566, 17.295969], [106.45122, 17.295654], [106.453658, 17.29611], [106.455225, 17.295391], [106.457457, 17.293036], [106.45782, 17.291756], [106.455315, 17.286715], [106.456121, 17.283694], [106.456016, 17.28302], [106.452861, 17.277051], [106.454307, 17.273593], [106.454091, 17.271385], [106.451778, 17.268207], [106.446358, 17.264272], [106.445245, 17.258336], [106.446667, 17.256863], [106.448473, 17.256807], [106.449351, 17.258292], [106.449486, 17.263712], [106.450995, 17.264848], [106.453405, 17.264673], [106.454711, 17.263185], [106.454991, 17.260766], [106.451821, 17.2555], [106.451832, 17.253789], [106.453221, 17.252868], [106.457481, 17.252896], [106.457243, 17.251821], [106.452112, 17.25267], [106.451252, 17.253724], [106.451185, 17.255446], [106.454146, 17.260143], [106.453956, 17.262907], [106.453113, 17.264047], [106.451742, 17.264386], [106.450169, 17.263623], [106.449982, 17.258479], [106.448969, 17.256635], [106.448307, 17.256293], [106.44648, 17.256557], [106.445058, 17.257655], [106.444854, 17.258349], [106.445272, 17.262617], [106.446147, 17.264824], [106.45086, 17.267978], [106.452961, 17.270186], [106.453993, 17.272351], [106.454109, 17.273781], [106.453893, 17.272961], [106.452265, 17.27715], [106.455573, 17.283662], [106.455942, 17.283666], [106.454606, 17.286424], [106.456415, 17.289413], [106.457182, 17.292002], [106.454569, 17.295164], [106.453459, 17.295559], [106.450444, 17.295296], [106.44856, 17.298072], [106.445581, 17.298628], [106.444542, 17.300151], [106.444398, 17.301458], [106.444917, 17.302812], [106.445861, 17.303483], [106.447633, 17.302754], [106.449284, 17.301035], [106.450085, 17.301014], [106.455123, 17.304312], [106.454789, 17.305074], [106.451177, 17.304948], [106.449105, 17.303628], [106.448468, 17.303836], [106.448109, 17.304714], [106.449122, 17.307417], [106.447417, 17.309312], [106.447177, 17.31049], [106.449362, 17.313612], [106.452186, 17.315642], [106.453505, 17.315609], [106.45504, 17.313421], [106.456669, 17.312949], [106.457293, 17.314058], [106.455514, 17.315303], [106.454729, 17.316193], [106.454754, 17.316857], [106.455277, 17.31749], [106.458163, 17.319825], [106.460478, 17.321332], [106.460823, 17.322993], [106.459502, 17.324046], [106.458267, 17.32423], [106.450725, 17.322875], [106.445425, 17.320755], [106.443661, 17.320553], [106.443435, 17.322077], [106.443996, 17.32315], [106.443158, 17.324277], [106.443562, 17.326268], [106.446119, 17.328583], [106.447834, 17.32871], [106.449316, 17.32962], [106.450187, 17.331999], [106.450259, 17.334795], [106.451251, 17.335864], [106.453541, 17.33697], [106.454139, 17.33777], [106.453067, 17.339595], [106.451765, 17.340391], [106.450741, 17.339969], [106.450218, 17.337802], [106.448854, 17.335485], [106.44902, 17.33456], [106.447774, 17.333259], [106.445522, 17.333437], [106.440298, 17.340171], [106.438535, 17.338926], [106.435644, 17.335291], [106.434182, 17.334641], [106.432905, 17.334895], [106.435313, 17.335258], [106.438788, 17.339694], [106.440052, 17.340603], [106.441274, 17.340116], [106.440876, 17.339683], [106.446228, 17.33355], [106.448128, 17.334078], [106.450683, 17.340177], [106.451142, 17.340558], [106.45223, 17.340463], [106.453176, 17.339722], [106.454418, 17.337734], [106.453454, 17.336715], [106.451344, 17.335619]], [[106.454764, 17.286135], [106.455163, 17.285801], [106.455014, 17.286568], [106.454764, 17.286135]]]}}, {"type": "Feature", "properties": {"TENSONG": null}, "geometry": {"type": "Polygon", "coordinates": [[[106.442324, 17.864107], [106.442316, 17.864559], [106.442881, 17.864498], [106.442948, 17.864347], [106.442324, 17.864107]]]}}, {"type": "Feature", "properties": {"TENSONG": null}, "geometry": {"type": "Polygon", "coordinates": [[[106.444566, 17.876686], [106.443277, 17.87613], [106.442867, 17.874426], [106.441822, 17.873443], [106.441892, 17.8718], [106.443142, 17.870212], [106.440911, 17.866252], [106.441885, 17.864451], [106.442316, 17.864559], [106.442055, 17.863096], [106.44149, 17.86336], [106.441829, 17.864264], [106.440865, 17.863651], [106.440137, 17.86399], [106.440646, 17.866843], [106.442714, 17.870075], [106.442568, 17.870643], [106.441173, 17.871439], [106.441544, 17.873584], [106.442404, 17.8741], [106.442907, 17.875351], [106.4427, 17.87589], [106.441885, 17.875707], [106.443781, 17.876804], [106.444566, 17.876686]]]}}, {"type": "Feature", "properties": {"TENSONG": null}, "geometry": {"type": "Polygon", "coordinates": [[[106.245702, 17.681741], [106.24501, 17.681301], [106.242987, 17.682495], [106.244319, 17.68334], [106.245702, 17.681741]]]}}, {"type": "Feature", "properties": {"TENSONG": null}, "geometry": {"type": "Polygon", "coordinates": [[[106.253646, 17.679883], [106.252718, 17.679893], [106.253257, 17.681584], [106.253683, 17.680902], [106.253646, 17.679883]]]}}, {"type": "Feature", "properties": {"TENSONG": null}, "geometry": {"type": "Polygon", "coordinates": [[[106.227012, 17.679583], [106.227571, 17.679281], [106.226763, 17.67926], [106.227012, 17.679583]]]}}, {"type": "Feature", "properties": {"TENSONG": null}, "geometry": {"type": "Polygon", "coordinates": [[[106.184369, 17.770852], [106.182401, 17.770454], [106.181235, 17.768923], [106.182373, 17.77087], [106.184186, 17.771186], [106.184369, 17.770852]]]}}, {"type": "Feature", "properties": {"TENSONG": null}, "geometry": {"type": "Polygon", "coordinates": [[[106.205209, 17.803409], [106.203295, 17.803847], [106.203256, 17.803943], [106.204473, 17.803854], [106.205209, 17.803409]]]}}, {"type": "Feature", "properties": {"TENSONG": null}, "geometry": {"type": "Polygon", "coordinates": [[[106.194749, 17.808534], [106.194419, 17.808529], [106.194035, 17.808718], [106.194279, 17.808767], [106.194749, 17.808534]]]}}, {"type": "Feature", "properties": {"TENSONG": null}, "geometry": {"type": "Polygon", "coordinates": [[[106.038006, 17.901849], [106.037482, 17.90146], [106.037901, 17.901981], [106.038006, 17.901849]]]}}, {"type": "Feature", "properties": {"TENSONG": null}, "geometry": {"type": "Polygon", "coordinates": [[[106.355065, 17.803691], [106.354955, 17.803993], [106.355303, 17.803918], [106.355065, 17.803691]]]}}, {"type": "Feature", "properties": {"TENSONG": null}, "geometry": {"type": "Polygon", "coordinates": [[[106.428411, 17.760765], [106.428842, 17.758186], [106.428262, 17.758008], [106.427412, 17.761558], [106.4279, 17.761611], [106.428411, 17.760765]]]}}, {"type": "Feature", "properties": {"TENSONG": null}, "geometry": {"type": "Polygon", "coordinates": [[[106.358127, 17.585974], [106.358032, 17.584817], [106.357674, 17.585938], [106.358127, 17.585974]]]}}, {"type": "Feature", "properties": {"TENSONG": null}, "geometry": {"type": "Polygon", "coordinates": [[[106.394302, 17.590949], [106.395057, 17.590799], [106.395118, 17.590492], [106.394302, 17.590949]]]}}, {"type": "Feature", "properties": {"TENSONG": null}, "geometry": {"type": "Polygon", "coordinates": [[[106.450528, 17.564082], [106.449847, 17.56441], [106.449632, 17.564985], [106.450528, 17.564082]]]}}, {"type": "Feature", "properties": {"TENSONG": null}, "geometry": {"type": "Polygon", "coordinates": [[[106.49239, 17.434488], [106.492631, 17.434248], [106.492134, 17.433704], [106.49239, 17.434488]]]}}, {"type": "Feature", "properties": {"TENSONG": null}, "geometry": {"type": "Polygon", "coordinates": [[[106.257464, 17.596114], [106.257873, 17.595789], [106.257695, 17.595516], [106.257464, 17.596114]]]}}, {"type": "Feature", "properties": {"TENSONG": null}, "geometry": {"type": "Polygon", "coordinates": [[[107.061322, 16.388512], [107.059634, 16.387929], [107.058663, 16.384582], [107.054383, 16.381445], [107.052834, 16.381209], [107.049342, 16.382132], [107.045591, 16.380314], [107.043566, 16.375923], [107.040612, 16.372848], [107.040269, 16.372163], [107.040109, 16.370521], [107.039725, 16.369656], [107.039043, 16.369211], [107.03799, 16.370153], [107.039118, 16.369392], [107.039771, 16.369877], [107.040386, 16.372773], [107.043476, 16.37608], [107.045502, 16.380495], [107.047893, 16.381449], [107.049315, 16.382605], [107.052414, 16.381452], [107.054424, 16.381645], [107.058343, 16.384586], [107.059528, 16.38878], [107.061297, 16.389069], [107.061322, 16.388512]]]}}, {"type": "Feature", "properties": {"TENSONG": null}, "geometry": {"type": "Polygon", "coordinates": [[[107.232156, 16.580674], [107.230861, 16.580432], [107.229648, 16.581154], [107.229766, 16.581362], [107.232156, 16.580674]]]}}, {"type": "Feature", "properties": {"TENSONG": null}, "geometry": {"type": "Polygon", "coordinates": [[[107.322872, 16.653698], [107.321247, 16.652461], [107.317698, 16.651736], [107.316231, 16.648801], [107.307813, 16.640971], [107.307179, 16.639281], [107.307921, 16.6375], [107.30897, 16.63647], [107.312085, 16.635771], [107.313177, 16.637135], [107.312293, 16.640324], [107.312896, 16.641809], [107.313576, 16.642265], [107.312699, 16.643164], [107.315647, 16.640738], [107.31631, 16.639542], [107.316226, 16.637812], [107.310665, 16.625318], [107.313312, 16.623539], [107.319011, 16.62164], [107.320585, 16.62058], [107.322645, 16.617909], [107.323567, 16.614183], [107.330204, 16.606526], [107.328327, 16.607863], [107.323516, 16.613857], [107.322194, 16.618188], [107.320705, 16.620079], [107.319295, 16.62117], [107.311504, 16.623996], [107.31016, 16.625383], [107.315895, 16.638309], [107.315386, 16.640355], [107.313281, 16.641262], [107.313411, 16.636876], [107.313069, 16.636135], [107.31159, 16.635387], [107.308738, 16.636241], [107.307286, 16.637921], [107.306811, 16.639253], [107.306952, 16.640726], [107.314655, 16.648351], [107.317253, 16.651766], [107.318315, 16.652384], [107.32133, 16.652869], [107.322107, 16.653832], [107.322872, 16.653698]]]}}, {"type": "Feature", "properties": {"TENSONG": "Sông Ô lâu"}, "geometry": {"type": "Polygon", "coordinates": [[[107.358231, 16.699268], [107.362737, 16.694988], [107.364019, 16.694589], [107.364289, 16.695167], [107.366407, 16.694535], [107.370912, 16.694675], [107.374646, 16.694158], [107.378189, 16.692604], [107.382374, 16.689862], [107.38392, 16.689459], [107.387356, 16.686691], [107.387412, 16.680993], [107.384304, 16.687259], [107.377905, 16.690292], [107.375239, 16.692252], [107.364914, 16.692791], [107.36129, 16.694422], [107.358732, 16.698046], [107.35432, 16.697845], [107.353274, 16.698268], [107.349848, 16.696338], [107.347864, 16.692335], [107.346321, 16.691478], [107.343874, 16.690879], [107.342144, 16.687715], [107.341254, 16.686736], [107.339263, 16.684971], [107.336975, 16.683993], [107.335912, 16.680955], [107.334105, 16.67923], [107.333929, 16.675767], [107.332383, 16.674269], [107.331591, 16.673938], [107.330494, 16.6718], [107.332052, 16.669808], [107.33185, 16.668328], [107.33055, 16.666109], [107.328833, 16.665191], [107.32259, 16.664888], [107.320528, 16.662454], [107.318583, 16.662107], [107.31934, 16.65937], [107.322256, 16.656708], [107.323764, 16.65715], [107.324323, 16.657029], [107.325055, 16.655941], [107.324988, 16.654646], [107.324274, 16.656995], [107.322164, 16.656522], [107.319278, 16.659079], [107.318468, 16.660584], [107.318297, 16.66229], [107.320566, 16.662835], [107.322371, 16.665014], [107.324642, 16.665483], [107.32857, 16.665322], [107.330534, 16.666352], [107.331415, 16.667859], [107.331699, 16.669519], [107.331424, 16.670458], [107.33015, 16.671516], [107.33091, 16.673498], [107.33369, 16.675717], [107.333975, 16.679218], [107.335847, 16.681126], [107.336742, 16.683921], [107.339256, 16.68513], [107.34143, 16.687059], [107.343525, 16.690818], [107.347767, 16.692426], [107.349198, 16.695781], [107.350137, 16.696766], [107.351479, 16.697586], [107.353323, 16.6984], [107.355054, 16.698169], [107.358145, 16.698606], [107.357747, 16.700186], [107.357953, 16.700801], [107.358231, 16.699268]]]}}, {"type": "Feature", "properties": {"TENSONG": null}, "geometry": {"type": "Polygon", "coordinates": [[[107.045513, 17.014133], [107.044304, 17.013377], [107.044932, 17.015219], [107.044528, 17.016434], [107.042709, 17.017869], [107.040445, 17.018572], [107.039481, 17.018543], [107.038668, 17.01779], [107.036253, 17.016726], [107.033912, 17.01676], [107.032635, 17.016256], [107.029185, 17.013633], [107.027743, 17.01402], [107.025437, 17.017653], [107.022937, 17.018055], [107.021458, 17.019439], [107.020043, 17.019255], [107.017831, 17.017384], [107.016485, 17.017139], [107.013748, 17.018433], [107.012757, 17.018285], [107.012177, 17.018869], [107.009838, 17.018548], [107.008969, 17.019035], [107.008162, 17.017924], [107.006758, 17.018588], [107.005735, 17.017786], [107.005458, 17.017908], [107.005335, 17.018464], [107.004627, 17.018208], [107.004428, 17.018683], [107.003271, 17.018728], [107.003023, 17.019251], [107.000743, 17.017822], [106.999491, 17.017387], [106.998649, 17.017417], [106.997999, 17.016519], [107.000152, 17.01361], [106.999973, 17.013298], [106.997772, 17.01649], [106.997174, 17.016296], [106.997835, 17.015286], [106.996849, 17.016039], [106.996098, 17.015898], [106.99539, 17.016309], [106.994926, 17.015683], [106.994612, 17.015583], [106.994225, 17.016314], [106.993743, 17.016124], [106.994328, 17.014823], [106.993928, 17.014124], [106.993066, 17.014062], [106.991202, 17.014672], [106.98809, 17.013732], [106.98758, 17.013993], [106.986893, 17.014944], [106.985115, 17.015248], [106.984348, 17.016025], [106.984038, 17.015767], [106.984364, 17.014153], [106.983947, 17.013574], [106.983502, 17.013528], [106.983021, 17.014187], [106.981614, 17.013767], [106.981442, 17.013199], [106.980423, 17.01294], [106.980526, 17.012172], [106.980159, 17.011681], [106.978687, 17.011906], [106.9778, 17.010946], [106.978534, 17.012005], [106.979974, 17.011822], [106.980429, 17.012344], [106.980283, 17.012998], [106.981327, 17.013301], [106.981391, 17.013805], [106.983056, 17.01434], [106.983799, 17.01367], [106.984176, 17.014236], [106.983854, 17.015849], [106.984267, 17.016189], [106.985318, 17.015355], [106.98689, 17.015169], [106.988031, 17.013906], [106.990979, 17.014787], [106.993778, 17.014278], [106.994133, 17.014958], [106.993613, 17.016222], [106.994237, 17.016467], [106.994786, 17.015788], [106.995439, 17.016476], [106.996617, 17.016048], [106.998061, 17.016794], [106.998543, 17.017557], [107.000759, 17.01796], [107.003031, 17.019398], [107.003411, 17.018827], [107.00445, 17.018819], [107.004775, 17.018299], [107.005359, 17.018607], [107.005708, 17.01794], [107.006596, 17.018818], [107.008047, 17.018095], [107.008969, 17.019242], [107.012134, 17.019116], [107.016537, 17.01737], [107.017736, 17.017582], [107.019977, 17.019616], [107.021305, 17.019813], [107.023567, 17.018309], [107.025464, 17.018353], [107.027458, 17.015611], [107.028708, 17.014661], [107.029793, 17.014732], [107.033224, 17.017051], [107.03752, 17.018773], [107.040215, 17.019059], [107.042287, 17.018544], [107.044845, 17.016783], [107.045513, 17.014133]], [[107.035171, 17.017055], [107.036237, 17.01707], [107.038832, 17.018357], [107.03633, 17.017332], [107.035171, 17.017055]]]}}, {"type": "Feature", "properties": {"TENSONG": null}, "geometry": {"type": "Polygon", "coordinates": [[[106.978609, 17.047068], [106.979984, 17.047375], [106.978624, 17.04688], [106.975649, 17.047553], [106.97285, 17.045482], [106.971746, 17.043998], [106.972522, 17.041749], [106.971302, 17.04072], [106.970335, 17.038833], [106.969222, 17.038383], [106.967604, 17.038599], [106.966939, 17.039589], [106.966228, 17.038894], [106.96488, 17.039055], [106.964223, 17.037854], [106.962826, 17.037062], [106.962892, 17.036201], [106.962788, 17.035754], [106.9618, 17.03516], [106.962338, 17.034715], [106.9627, 17.034009], [106.962584, 17.033701], [106.962051, 17.034183], [106.961968, 17.031638], [106.961463, 17.031446], [106.96078, 17.031524], [106.959949, 17.032588], [106.959648, 17.032261], [106.960116, 17.031531], [106.959964, 17.031269], [106.959605, 17.03125], [106.958486, 17.031885], [106.957431, 17.030138], [106.956615, 17.029765], [106.954879, 17.03059], [106.954462, 17.031305], [106.953725, 17.030311], [106.95486, 17.028793], [106.953855, 17.028141], [106.953257, 17.028293], [106.953073, 17.029337], [106.953949, 17.029151], [106.953267, 17.028601], [106.953611, 17.028285], [106.954652, 17.028812], [106.953581, 17.030345], [106.954452, 17.031449], [106.956538, 17.029885], [106.957478, 17.030367], [106.958435, 17.03205], [106.959905, 17.031375], [106.959528, 17.032257], [106.959871, 17.032717], [106.960881, 17.031589], [106.961882, 17.031711], [106.961616, 17.032983], [106.962209, 17.034641], [106.961674, 17.035203], [106.962732, 17.03588], [106.962745, 17.036228], [106.962217, 17.03612], [106.962709, 17.036454], [106.962509, 17.036994], [106.964107, 17.037932], [106.964712, 17.039153], [106.966399, 17.039173], [106.966871, 17.039738], [106.967725, 17.038785], [106.970121, 17.038999], [106.969707, 17.039012], [106.968555, 17.040958], [106.969952, 17.039295], [106.97037, 17.039411], [106.970847, 17.040599], [106.972307, 17.042008], [106.971736, 17.043504], [106.970077, 17.042784], [106.969693, 17.043052], [106.971528, 17.043572], [106.971584, 17.044228], [106.973048, 17.046054], [106.975644, 17.047752], [106.978609, 17.047068]]]}}, {"type": "Feature", "properties": {"TENSONG": "Sông Sa Lung"}, "geometry": {"type": "Polygon", "coordinates": [[[106.971995, 17.053991], [106.976079, 17.049709], [106.983909, 17.046639], [106.987166, 17.044024], [106.992169, 17.045532], [106.994614, 17.047008], [106.999029, 17.045862], [107.003064, 17.043769], [107.010165, 17.04544], [107.013053, 17.044205], [107.020457, 17.039204], [107.025672, 17.036952], [107.028072, 17.03405], [107.03315, 17.025862], [107.039375, 17.022416], [107.043273, 17.01939], [107.046402, 17.018257], [107.047768, 17.017216], [107.048032, 17.015523], [107.043619, 17.010663], [107.042884, 17.007643], [107.043687, 17.006156], [107.045247, 17.005098], [107.050395, 17.004302], [107.04958, 17.002737], [107.044337, 17.004606], [107.042555, 17.006287], [107.041877, 17.007957], [107.042562, 17.011075], [107.044304, 17.013377], [107.047323, 17.015416], [107.047254, 17.016511], [107.045985, 17.017507], [107.04161, 17.019095], [107.038901, 17.021531], [107.032282, 17.02537], [107.030558, 17.027327], [107.027283, 17.033941], [107.025316, 17.036154], [107.018123, 17.039581], [107.010657, 17.044734], [107.003316, 17.043145], [106.995113, 17.046558], [106.990786, 17.044392], [106.98694, 17.04359], [106.98355, 17.046199], [106.975955, 17.049187], [106.973789, 17.051], [106.971986, 17.053352], [106.970199, 17.053841], [106.965891, 17.050574], [106.964406, 17.050078], [106.960672, 17.051527], [106.957337, 17.051443], [106.95208, 17.04755], [106.949277, 17.046509], [106.948425, 17.043502], [106.948795, 17.04304], [106.949757, 17.043072], [106.950162, 17.042178], [106.949363, 17.042655], [106.948454, 17.042399], [106.948424, 17.040723], [106.94771, 17.040413], [106.947938, 17.043073], [106.945883, 17.043587], [106.945438, 17.04298], [106.945555, 17.043858], [106.948004, 17.043913], [106.947651, 17.045051], [106.946477, 17.0456], [106.944753, 17.045431], [106.943659, 17.044797], [106.943803, 17.044178], [106.94255, 17.043231], [106.942996, 17.042705], [106.943033, 17.040978], [106.942494, 17.042825], [106.939406, 17.040908], [106.9404, 17.041933], [106.941763, 17.042461], [106.942214, 17.043867], [106.943228, 17.043929], [106.94348, 17.044387], [106.937995, 17.044752], [106.936813, 17.044126], [106.936046, 17.042842], [106.936643, 17.044224], [106.936202, 17.044897], [106.937189, 17.044728], [106.937405, 17.045157], [106.936631, 17.045449], [106.938042, 17.045515], [106.938097, 17.045918], [106.937369, 17.046281], [106.934867, 17.045755], [106.932929, 17.04334], [106.930937, 17.042301], [106.928296, 17.039715], [106.926743, 17.036901], [106.928248, 17.0366], [106.928318, 17.035474], [106.928853, 17.035109], [106.928573, 17.034703], [106.928155, 17.035392], [106.928084, 17.036515], [106.926689, 17.036718], [106.925576, 17.035115], [106.923328, 17.034738], [106.922857, 17.033821], [106.922015, 17.033169], [106.921161, 17.033142], [106.921037, 17.033405], [106.921596, 17.034056], [106.92126, 17.03332], [106.922182, 17.033422], [106.922826, 17.034772], [106.92076, 17.035466], [106.918286, 17.034492], [106.917154, 17.033459], [106.917235, 17.032627], [106.918236, 17.031377], [106.918242, 17.030457], [106.920313, 17.030213], [106.920406, 17.02987], [106.917768, 17.030083], [106.915451, 17.027757], [106.915345, 17.026984], [106.915986, 17.025999], [106.915292, 17.023754], [106.91181, 17.022733], [106.911987, 17.021662], [106.912528, 17.021227], [106.912286, 17.020802], [106.90989, 17.020824], [106.909272, 17.019476], [106.909764, 17.017919], [106.907421, 17.014728], [106.906517, 17.014721], [106.904714, 17.016435], [106.903301, 17.015773], [106.902408, 17.017097], [106.901567, 17.017487], [106.898881, 17.016628], [106.897931, 17.017295], [106.896992, 17.016574], [106.893769, 17.01796], [106.893122, 17.015994], [106.892457, 17.015301], [106.890747, 17.015741], [106.88858, 17.015528], [106.887894, 17.014746], [106.887026, 17.014545], [106.886465, 17.014924], [106.886264, 17.015715], [106.884282, 17.015347], [106.88331, 17.015619], [106.88252, 17.017509], [106.880743, 17.016719], [106.879222, 17.017374], [106.878433, 17.016871], [106.877981, 17.015741], [106.878372, 17.014722], [106.877907, 17.014418], [106.876752, 17.014985], [106.876127, 17.017465], [106.875655, 17.01767], [106.875554, 17.016768], [106.874996, 17.016056], [106.873584, 17.01597], [106.873046, 17.015462], [106.873982, 17.013082], [106.873728, 17.012573], [106.872439, 17.012307], [106.871557, 17.013057], [106.870332, 17.012834], [106.870445, 17.012182], [106.871395, 17.011796], [106.871368, 17.011215], [106.870275, 17.009781], [106.867751, 17.00881], [106.868352, 17.006734], [106.867678, 17.005767], [106.866509, 17.005137], [106.865684, 17.00528], [106.863456, 17.004533], [106.860476, 17.005332], [106.858539, 17.001232], [106.857022, 17.000577], [106.856037, 17.000794], [106.855126, 17.001684], [106.8543, 17.001219], [106.85412, 17.000338], [106.85499, 17.000097], [106.855656, 16.998534], [106.854524, 16.998522], [106.853238, 16.996537], [106.852953, 16.995426], [106.853345, 16.99481], [106.851328, 16.993909], [106.849631, 16.994448], [106.84964, 16.995094], [106.848962, 16.99574], [106.847512, 16.995248], [106.844436, 16.995238], [106.844258, 16.99367], [106.843775, 16.992849], [106.842894, 16.992325], [106.841609, 16.993021], [106.840767, 16.992648], [106.839755, 16.98918], [106.841643, 16.986302], [106.841896, 16.984038], [106.841253, 16.983955], [106.838905, 16.985851], [106.838585, 16.98546], [106.839124, 16.984508], [106.838704, 16.98418], [106.836095, 16.984989], [106.836236, 16.983615], [106.835725, 16.981401], [106.836085, 16.98039], [106.835845, 16.979554], [106.833945, 16.976847], [106.832693, 16.976258], [106.831999, 16.976332], [106.83181, 16.97687], [106.83277, 16.978406], [106.828839, 16.977504], [106.829776, 16.973507], [106.828947, 16.973182], [106.828655, 16.978037], [106.830194, 16.977828], [106.832778, 16.978954], [106.833069, 16.97805], [106.832131, 16.976647], [106.833904, 16.976969], [106.835859, 16.979919], [106.835516, 16.981385], [106.836102, 16.983727], [106.835903, 16.985119], [106.838653, 16.984333], [106.838901, 16.98461], [106.838289, 16.98572], [106.838901, 16.986135], [106.841807, 16.984107], [106.841318, 16.986671], [106.83944, 16.989069], [106.840787, 16.992886], [106.841613, 16.993322], [106.842978, 16.992563], [106.844087, 16.993701], [106.844109, 16.995163], [106.844736, 16.995491], [106.847573, 16.995466], [106.849138, 16.996029], [106.850034, 16.994435], [106.851677, 16.994222], [106.852955, 16.994761], [106.852695, 16.996288], [106.854421, 16.998734], [106.855453, 16.998593], [106.854828, 16.999975], [106.853973, 17.000327], [106.854133, 17.001368], [106.855133, 17.001888], [106.856697, 17.000831], [106.858412, 17.001375], [106.859217, 17.003966], [106.86054, 17.005627], [106.863527, 17.004773], [106.865682, 17.005465], [106.866611, 17.005395], [106.867571, 17.006012], [106.868066, 17.006835], [106.867494, 17.009211], [106.869364, 17.009438], [106.871297, 17.011419], [106.869601, 17.012865], [106.871563, 17.013248], [106.872938, 17.012577], [106.873696, 17.012774], [106.872915, 17.015698], [106.873895, 17.016291], [106.874972, 17.016356], [106.875536, 17.017945], [106.876457, 17.017563], [106.876597, 17.015601], [106.877854, 17.014548], [106.878255, 17.014835], [106.877817, 17.015533], [106.877923, 17.016045], [106.878439, 17.017182], [106.87918, 17.0176], [106.880844, 17.016897], [106.882685, 17.017652], [106.883522, 17.015743], [106.884389, 17.015507], [106.886422, 17.015967], [106.886845, 17.015504], [106.88665, 17.014927], [106.887144, 17.014759], [106.88854, 17.01566], [106.891003, 17.015954], [106.892593, 17.015722], [106.893722, 17.018171], [106.897101, 17.016783], [106.897926, 17.017467], [106.898867, 17.016892], [106.901643, 17.017641], [106.902552, 17.017215], [106.903328, 17.016026], [106.904735, 17.016665], [106.907179, 17.014929], [106.909352, 17.01798], [106.909044, 17.019431], [106.90967, 17.021149], [106.911449, 17.02111], [106.911482, 17.023055], [106.914673, 17.024104], [106.915585, 17.025843], [106.914975, 17.02674], [106.914944, 17.027867], [106.91777, 17.030758], [106.916419, 17.032827], [106.91494, 17.03286], [106.914207, 17.033837], [106.913943, 17.033244], [106.914326, 17.032552], [106.913699, 17.03223], [106.913743, 17.031613], [106.912038, 17.030573], [106.911769, 17.03059], [106.911715, 17.031088], [106.911132, 17.030926], [106.910789, 17.031413], [106.911212, 17.031002], [106.911738, 17.031399], [106.911949, 17.030699], [106.912522, 17.031324], [106.912958, 17.031177], [106.91369, 17.031744], [106.913554, 17.032296], [106.914181, 17.032541], [106.913686, 17.033239], [106.913989, 17.03384], [106.913243, 17.034263], [106.91295, 17.034801], [106.913077, 17.03502], [106.913408, 17.034371], [106.914749, 17.03377], [106.914968, 17.033038], [106.915645, 17.032901], [106.918157, 17.035067], [106.919904, 17.035889], [106.923431, 17.035284], [106.925555, 17.035708], [106.926059, 17.037542], [106.926818, 17.03808], [106.927739, 17.039928], [106.926128, 17.039843], [106.92566, 17.040084], [106.925568, 17.040544], [106.925943, 17.040763], [106.925759, 17.040284], [106.92616, 17.040044], [106.928113, 17.040481], [106.928381, 17.040949], [106.927892, 17.041551], [106.928581, 17.041087], [106.932974, 17.044292], [106.933569, 17.045376], [106.933312, 17.0458], [106.932292, 17.045645], [106.932755, 17.046063], [106.933833, 17.045942], [106.937953, 17.047013], [106.938725, 17.046661], [106.938985, 17.045205], [106.942302, 17.045249], [106.945835, 17.046501], [106.946198, 17.047497], [106.945276, 17.047287], [106.944613, 17.04799], [106.94561, 17.047595], [106.945941, 17.0479], [106.946021, 17.049144], [106.945315, 17.049444], [106.945157, 17.050359], [106.944633, 17.05077], [106.944733, 17.049869], [106.94374, 17.049812], [106.94383, 17.050276], [106.944436, 17.050106], [106.943888, 17.05048], [106.942852, 17.049767], [106.940756, 17.051388], [106.942826, 17.050373], [106.944389, 17.05086], [106.9438, 17.051485], [106.944617, 17.051104], [106.945113, 17.051564], [106.94551, 17.050102], [106.946591, 17.05073], [106.945864, 17.049607], [106.9465, 17.049848], [106.946999, 17.049399], [106.94668, 17.048511], [106.947604, 17.048304], [106.947075, 17.046747], [106.948923, 17.048006], [106.949165, 17.047157], [106.95179, 17.047895], [106.957179, 17.05187], [106.960638, 17.052027], [106.964612, 17.050566], [106.969966, 17.054234], [106.970696, 17.054488], [106.971995, 17.053991]]]}}, {"type": "Feature", "properties": {"TENSONG": null}, "geometry": {"type": "Polygon", "coordinates": [[[107.015011, 17.05779], [107.016232, 17.055738], [107.017725, 17.055871], [107.018364, 17.054284], [107.019641, 17.053902], [107.021795, 17.052017], [107.023197, 17.048485], [107.024567, 17.046498], [107.024434, 17.045142], [107.021577, 17.04224], [107.021963, 17.041526], [107.021546, 17.041905], [107.021373, 17.041556], [107.022053, 17.040486], [107.022307, 17.039104], [107.023879, 17.037858], [107.022512, 17.038227], [107.021489, 17.03986], [107.022102, 17.039609], [107.021835, 17.04035], [107.021341, 17.040015], [107.021064, 17.039036], [107.020551, 17.039212], [107.021131, 17.042106], [107.024316, 17.045445], [107.024264, 17.046508], [107.022903, 17.048407], [107.021616, 17.051836], [107.019506, 17.053673], [107.018208, 17.054077], [107.01778, 17.055526], [107.016116, 17.055536], [107.015207, 17.057347], [107.010439, 17.059954], [107.005099, 17.064802], [107.002265, 17.066114], [107.000125, 17.067978], [106.999031, 17.067988], [106.997312, 17.069049], [106.99614, 17.068368], [106.991647, 17.067275], [106.991544, 17.067557], [106.997244, 17.069289], [106.999073, 17.068227], [107.000114, 17.068254], [107.002422, 17.066335], [107.00522, 17.06504], [107.010705, 17.06012], [107.015011, 17.05779]]]}}, {"type": "Feature", "properties": {"TENSONG": null}, "geometry": {"type": "Polygon", "coordinates": [[[106.964734, 17.095223], [106.96392, 17.092241], [106.9646, 17.09525], [106.96236, 17.10892], [106.962598, 17.109847], [106.963028, 17.110476], [106.96249, 17.108904], [106.964734, 17.095223]]]}}, {"type": "Feature", "properties": {"TENSONG": null}, "geometry": {"type": "Polygon", "coordinates": [[[106.96777, 17.052671], [106.96742, 17.052358], [106.965872, 17.053484], [106.965237, 17.054529], [106.965249, 17.055819], [106.964729, 17.05634], [106.961916, 17.057022], [106.960752, 17.057627], [106.961335, 17.058991], [106.960852, 17.059411], [106.96062, 17.060385], [106.960867, 17.060781], [106.959462, 17.062253], [106.960892, 17.060988], [106.960969, 17.059547], [106.961531, 17.059078], [106.960858, 17.057763], [106.964675, 17.056538], [106.965343, 17.055936], [106.965356, 17.054533], [106.966078, 17.053493], [106.96777, 17.052671]]]}}, {"type": "Feature", "properties": {"TENSONG": null}, "geometry": {"type": "Polygon", "coordinates": [[[106.947728, 17.060026], [106.94942, 17.060162], [106.950134, 17.059968], [106.948663, 17.059749], [106.947728, 17.060026]]]}}, {"type": "Feature", "properties": {"TENSONG": null}, "geometry": {"type": "Polygon", "coordinates": [[[106.944956, 17.058535], [106.944596, 17.058276], [106.943282, 17.058335], [106.942462, 17.056965], [106.941791, 17.056573], [106.941374, 17.057242], [106.940378, 17.056876], [106.938498, 17.057262], [106.940309, 17.057072], [106.941043, 17.05748], [106.941459, 17.057361], [106.941932, 17.056829], [106.943138, 17.05838], [106.944807, 17.058573], [106.9451, 17.059542], [106.944956, 17.058535]]]}}, {"type": "Feature", "properties": {"TENSONG": null}, "geometry": {"type": "Polygon", "coordinates": [[[106.945354, 17.06022], [106.947618, 17.060209], [106.945402, 17.059777], [106.945354, 17.06022]]]}}, {"type": "Feature", "properties": {"TENSONG": null}, "geometry": {"type": "Polygon", "coordinates": [[[106.707349, 16.902393], [106.708838, 16.900909], [106.707248, 16.902085], [106.707251, 16.902523], [106.707644, 16.902799], [106.708263, 16.902596], [106.708982, 16.901983], [106.709198, 16.902247], [106.708181, 16.903749], [106.706406, 16.904955], [106.706414, 16.905594], [106.708071, 16.904125], [106.709169, 16.9027], [106.7094, 16.902141], [106.708982, 16.901733], [106.708097, 16.902551], [106.707349, 16.902393]]]}}, {"type": "Feature", "properties": {"TENSONG": null}, "geometry": {"type": "Polygon", "coordinates": [[[107.10702, 16.862134], [107.108403, 16.859478], [107.110203, 16.861016], [107.111152, 16.861406], [107.112546, 16.860282], [107.112587, 16.859146], [107.112111, 16.858442], [107.110603, 16.858171], [107.107784, 16.856511], [107.109968, 16.849882], [107.111352, 16.849284], [107.112553, 16.850564], [107.112237, 16.851185], [107.112664, 16.851846], [107.114097, 16.852259], [107.115393, 16.85185], [107.116067, 16.850987], [107.117922, 16.84525], [107.120301, 16.844978], [107.12043, 16.843781], [107.119158, 16.843888], [107.117368, 16.844956], [107.116511, 16.846752], [107.115835, 16.850707], [107.115247, 16.851491], [107.11434, 16.851888], [107.113404, 16.851582], [107.112545, 16.849833], [107.11136, 16.848865], [107.109904, 16.849249], [107.1092, 16.850419], [107.107346, 16.856759], [107.108028, 16.857364], [107.112141, 16.858798], [107.112348, 16.860279], [107.111645, 16.861001], [107.110695, 16.861063], [107.108422, 16.859343], [107.107799, 16.859749], [107.107006, 16.861961], [107.106747, 16.861561], [107.107261, 16.860952], [107.106974, 16.860677], [107.106634, 16.860756], [107.106134, 16.861433], [107.104411, 16.861664], [107.10397, 16.861393], [107.104106, 16.860699], [107.103644, 16.860154], [107.101726, 16.85988], [107.102742, 16.858505], [107.102693, 16.858193], [107.102196, 16.85773], [107.101623, 16.857754], [107.101415, 16.858231], [107.099582, 16.857183], [107.09905, 16.857387], [107.098933, 16.858205], [107.100073, 16.85849], [107.099384, 16.859647], [107.098684, 16.85932], [107.098035, 16.85941], [107.096336, 16.85826], [107.094674, 16.858059], [107.095152, 16.859286], [107.093771, 16.860868], [107.092457, 16.861299], [107.091606, 16.863017], [107.089524, 16.862958], [107.088834, 16.863753], [107.086347, 16.864812], [107.086709, 16.867767], [107.084795, 16.869198], [107.0827, 16.87013], [107.081021, 16.869588], [107.078717, 16.870254], [107.077548, 16.869421], [107.076657, 16.870065], [107.075601, 16.869747], [107.074059, 16.869598], [107.073622, 16.871143], [107.07197, 16.872648], [107.071042, 16.874773], [107.069975, 16.874015], [107.068688, 16.873987], [107.07009, 16.874178], [107.071103, 16.874868], [107.072252, 16.872612], [107.073806, 16.87117], [107.07427, 16.869751], [107.076702, 16.870226], [107.07767, 16.869686], [107.078606, 16.870413], [107.081245, 16.869778], [107.082693, 16.870309], [107.084833, 16.869389], [107.086858, 16.867957], [107.086636, 16.864824], [107.088811, 16.863979], [107.089517, 16.863194], [107.091899, 16.86313], [107.092593, 16.861485], [107.093781, 16.861102], [107.095176, 16.859554], [107.095443, 16.858996], [107.094993, 16.858167], [107.096606, 16.858575], [107.098031, 16.859647], [107.099355, 16.859782], [107.100213, 16.85843], [107.098998, 16.858086], [107.099119, 16.85751], [107.101523, 16.858483], [107.101942, 16.857816], [107.102596, 16.858508], [107.101527, 16.859928], [107.103611, 16.860298], [107.103949, 16.86075], [107.103792, 16.861334], [107.1041, 16.861751], [107.106091, 16.861633], [107.106991, 16.860832], [107.106543, 16.861571], [107.10702, 16.862134]]]}}, {"type": "Feature", "properties": {"TENSONG": null}, "geometry": {"type": "Polygon", "coordinates": [[[107.107506, 16.863207], [107.106682, 16.86256], [107.10698, 16.863954], [107.105332, 16.863816], [107.104355, 16.864447], [107.104523, 16.865006], [107.103947, 16.865837], [107.104993, 16.866156], [107.103714, 16.867686], [107.104038, 16.867895], [107.105166, 16.866294], [107.105, 16.865934], [107.104167, 16.865722], [107.105094, 16.865051], [107.104598, 16.864415], [107.106045, 16.863952], [107.106482, 16.864464], [107.107281, 16.86427], [107.107506, 16.863207]]]}}, {"type": "Feature", "properties": {"TENSONG": null}, "geometry": {"type": "Polygon", "coordinates": [[[107.065219, 16.876274], [107.066456, 16.874899], [107.066738, 16.873988], [107.067861, 16.873697], [107.066655, 16.87379], [107.065248, 16.876057], [107.064302, 16.876045], [107.064408, 16.876467], [107.065219, 16.876274]]]}}, {"type": "Feature", "properties": {"TENSONG": "Sông Vĩnh Phước"}, "geometry": {"type": "Polygon", "coordinates": [[[107.148841, 16.804281], [107.148559, 16.803167], [107.146888, 16.802528], [107.146666, 16.802915], [107.143685, 16.80269], [107.13922, 16.799079], [107.134277, 16.798159], [107.132417, 16.795259], [107.129006, 16.792821], [107.127406, 16.790822], [107.126172, 16.788178], [107.126158, 16.785676], [107.123916, 16.781214], [107.121347, 16.778244], [107.11876, 16.776885], [107.117101, 16.776966], [107.115153, 16.776114], [107.1098, 16.772552], [107.107714, 16.772252], [107.107019, 16.772792], [107.106236, 16.774173], [107.106, 16.776477], [107.104465, 16.777262], [107.099595, 16.776309], [107.099349, 16.773113], [107.097994, 16.772573], [107.097069, 16.772821], [107.09665, 16.774295], [107.096883, 16.777557], [107.095735, 16.77832], [107.09345, 16.777754], [107.092999, 16.780588], [107.092311, 16.781248], [107.091568, 16.78099], [107.08943, 16.778492], [107.088034, 16.778603], [107.086381, 16.779511], [107.084629, 16.777884], [107.082248, 16.777631], [107.081134, 16.775739], [107.080703, 16.773668], [107.078763, 16.774373], [107.075632, 16.773262], [107.074482, 16.773427], [107.07323, 16.772272], [107.071781, 16.771861], [107.07144, 16.770842], [107.072785, 16.770773], [107.073467, 16.770061], [107.073315, 16.767928], [107.072172, 16.766437], [107.073523, 16.764959], [107.073446, 16.763443], [107.072714, 16.763315], [107.070184, 16.765557], [107.069197, 16.765632], [107.068784, 16.765215], [107.069133, 16.764205], [107.068986, 16.763515], [107.066561, 16.764801], [107.065498, 16.763233], [107.063374, 16.761933], [107.063507, 16.761226], [107.065329, 16.759474], [107.064987, 16.759053], [107.062978, 16.758849], [107.063071, 16.756193], [107.061871, 16.755067], [107.063249, 16.753976], [107.063238, 16.753322], [107.062566, 16.752987], [107.062728, 16.752272], [107.062312, 16.751015], [107.062017, 16.750919], [107.06148, 16.751133], [107.060392, 16.752919], [107.059603, 16.752542], [107.059039, 16.751358], [107.055216, 16.752069], [107.054603, 16.751591], [107.053131, 16.746723], [107.05087, 16.746144], [107.049285, 16.746425], [107.048569, 16.745601], [107.047605, 16.745277], [107.045977, 16.743319], [107.044743, 16.743984], [107.044294, 16.74543], [107.042963, 16.744143], [107.041055, 16.74366], [107.038609, 16.744843], [107.035556, 16.74521], [107.035313, 16.745668], [107.035259, 16.747012], [107.034029, 16.747954], [107.033077, 16.747327], [107.032631, 16.745609], [107.032138, 16.745556], [107.031228, 16.747233], [107.030851, 16.750544], [107.030092, 16.751685], [107.028724, 16.751418], [107.027421, 16.750245], [107.025321, 16.750185], [107.025084, 16.751273], [107.026111, 16.751655], [107.026057, 16.752516], [107.024519, 16.752873], [107.023916, 16.752471], [107.023279, 16.752503], [107.02235, 16.753236], [107.022412, 16.752193], [107.021823, 16.751726], [107.020575, 16.752026], [107.019907, 16.753429], [107.018894, 16.752718], [107.018089, 16.75296], [107.017912, 16.754526], [107.016996, 16.754667], [107.015805, 16.753679], [107.015528, 16.753589], [107.01456, 16.754941], [107.011444, 16.752352], [107.009688, 16.752823], [107.009742, 16.752448], [107.00917, 16.752057], [107.009848, 16.750439], [107.009334, 16.749617], [107.008691, 16.749408], [107.008447, 16.74883], [107.008919, 16.748525], [107.009228, 16.747871], [107.009125, 16.745769], [107.010092, 16.744989], [107.010477, 16.744411], [107.010435, 16.744209], [107.008505, 16.742314], [107.006804, 16.742034], [107.005408, 16.742485], [107.005445, 16.741232], [107.003989, 16.740973], [107.004593, 16.739457], [107.004407, 16.739204], [107.003533, 16.739232], [107.002036, 16.740731], [107.000852, 16.740311], [107.000746, 16.739901], [107.001728, 16.738952], [107.00166, 16.738605], [107.001123, 16.738004], [107.000222, 16.737905], [107.000477, 16.736912], [107.00041, 16.736643], [106.999464, 16.736985], [106.999065, 16.73647], [106.998713, 16.73629], [106.99842, 16.733813], [106.997818, 16.732863], [106.997856, 16.731547], [106.996336, 16.73092], [106.996522, 16.730481], [106.996397, 16.729892], [106.995919, 16.729699], [106.995729, 16.728768], [106.998384, 16.724746], [106.998676, 16.723419], [107.000542, 16.722145], [107.000854, 16.721494], [107.001356, 16.721358], [107.001455, 16.72081], [107.000832, 16.719749], [107.00115, 16.719165], [107.001548, 16.719426], [107.002065, 16.719126], [107.001956, 16.718657], [107.001245, 16.717845], [107.00171, 16.716626], [107.001815, 16.715454], [107.001655, 16.714193], [107.001013, 16.713983], [107.000237, 16.714154], [106.999968, 16.713666], [106.999589, 16.713502], [106.999736, 16.712224], [106.999106, 16.710944], [106.999935, 16.710397], [107.001494, 16.710723], [107.001714, 16.710479], [107.001276, 16.709627], [107.000595, 16.709218], [106.997738, 16.709485], [106.997853, 16.708875], [106.997047, 16.707907], [106.996076, 16.708071], [106.994144, 16.710378], [106.993431, 16.710364], [106.992881, 16.708409], [106.990748, 16.708226], [106.990157, 16.707927], [106.988995, 16.706543], [106.9886, 16.706388], [106.989436, 16.705203], [106.989278, 16.70461], [106.98893, 16.70436], [106.987922, 16.704449], [106.987065, 16.704061], [106.986282, 16.701513], [106.988636, 16.701312], [106.989563, 16.700765], [106.989454, 16.700129], [106.988797, 16.699832], [106.987291, 16.699693], [106.986275, 16.70007], [106.985732, 16.699002], [106.986291, 16.697745], [106.987349, 16.697578], [106.988197, 16.697099], [106.98849, 16.696691], [106.987839, 16.695333], [106.989123, 16.69476], [106.989523, 16.694388], [106.989609, 16.694048], [106.989387, 16.693872], [106.98681, 16.693616], [106.98575, 16.69264], [106.984642, 16.692452], [106.985037, 16.690659], [106.984737, 16.690183], [106.983768, 16.689722], [106.982435, 16.689766], [106.981047, 16.691159], [106.979675, 16.690339], [106.979139, 16.690238], [106.978605, 16.690523], [106.97751, 16.691897], [106.976574, 16.690849], [106.975973, 16.690894], [106.973329, 16.693444], [106.972984, 16.693014], [106.972499, 16.693154], [106.97247, 16.694423], [106.971233, 16.695203], [106.969988, 16.694916], [106.970051, 16.694519], [106.969814, 16.694272], [106.968061, 16.694497], [106.966949, 16.694948], [106.966214, 16.693606], [106.964562, 16.694119], [106.963409, 16.692828], [106.962874, 16.692831], [106.960518, 16.693474], [106.959574, 16.691228], [106.958104, 16.692385], [106.957139, 16.691717], [106.95567, 16.691222], [106.954899, 16.691262], [106.954239, 16.691689], [106.954382, 16.692814], [106.952201, 16.691451], [106.949151, 16.691432], [106.948277, 16.690605], [106.947407, 16.690078], [106.947346, 16.689204], [106.946668, 16.688421], [106.946221, 16.688553], [106.945824, 16.689266], [106.945047, 16.689225], [106.944376, 16.689621], [106.941673, 16.688191], [106.941431, 16.688294], [106.940826, 16.689412], [106.938173, 16.689343], [106.937854, 16.689197], [106.938091, 16.688155], [106.938102, 16.6872], [106.937736, 16.686111], [106.93737, 16.685846], [106.93678, 16.685837], [106.935879, 16.686355], [106.934744, 16.687648], [106.933343, 16.68629], [106.930126, 16.686298], [106.929837, 16.685041], [106.929487, 16.684741], [106.926884, 16.685461], [106.926604, 16.686032], [106.926761, 16.686321], [106.927749, 16.687047], [106.927541, 16.687795], [106.92686, 16.687942], [106.926698, 16.68725], [106.926273, 16.687194], [106.926179, 16.688135], [106.924581, 16.689282], [106.924621, 16.689677], [106.92542, 16.690874], [106.927717, 16.6926], [106.92718, 16.694361], [106.927721, 16.69767], [106.92826, 16.697993], [106.929698, 16.698095], [106.930465, 16.698592], [106.930083, 16.699138], [106.92858, 16.699271], [106.928448, 16.699473], [106.92857, 16.699763], [106.92993, 16.700946], [106.930102, 16.702192], [106.93052, 16.702647], [106.931075, 16.70264], [106.931819, 16.702211], [106.93208, 16.702303], [106.931998, 16.703538], [106.931318, 16.704385], [106.931488, 16.704929], [106.93192, 16.705402], [106.930836, 16.706315], [106.932056, 16.707611], [106.931678, 16.7083], [106.931349, 16.709853], [106.931048, 16.70999], [106.930563, 16.708751], [106.930289, 16.708697], [106.929016, 16.709671], [106.928434, 16.710795], [106.926348, 16.711477], [106.927629, 16.71351], [106.928196, 16.713723], [106.927918, 16.71536], [106.928049, 16.716504], [106.927142, 16.716811], [106.927479, 16.717273], [106.927293, 16.717855], [106.927578, 16.71831], [106.925805, 16.719924], [106.925135, 16.720874], [106.925011, 16.721547], [106.925311, 16.722625], [106.924164, 16.722364], [106.922183, 16.720456], [106.920634, 16.720371], [106.9198, 16.720519], [106.919379, 16.719859], [106.918627, 16.719553], [106.918396, 16.719697], [106.918317, 16.720097], [106.916762, 16.719901], [106.915923, 16.720114], [106.915681, 16.719477], [106.915422, 16.719374], [106.914633, 16.719755], [106.914051, 16.720997], [106.913064, 16.721033], [106.913038, 16.721711], [106.911708, 16.721488], [106.911295, 16.721584], [106.91243, 16.722719], [106.911322, 16.722407], [106.910295, 16.7232], [106.910855, 16.724429], [106.910451, 16.723205], [106.911343, 16.722521], [106.912524, 16.722867], [106.912458, 16.722279], [106.911457, 16.721663], [106.913103, 16.721805], [106.913215, 16.72114], [106.914136, 16.721079], [106.91472, 16.719832], [106.915428, 16.719488], [106.915877, 16.720221], [106.918346, 16.72021], [106.918632, 16.719667], [106.919765, 16.720627], [106.92214, 16.720562], [106.924093, 16.722456], [106.925389, 16.722712], [106.925246, 16.72091], [106.927771, 16.718319], [106.9276, 16.717261], [106.927268, 16.716882], [106.928166, 16.716482], [106.928303, 16.713669], [106.926467, 16.711498], [106.928504, 16.710889], [106.929105, 16.709746], [106.930344, 16.708798], [106.930965, 16.710072], [106.931459, 16.709892], [106.932173, 16.707581], [106.930959, 16.706325], [106.93204, 16.705411], [106.931434, 16.704414], [106.932248, 16.70319], [106.932194, 16.702268], [106.931802, 16.702093], [106.930573, 16.702498], [106.930022, 16.700874], [106.928669, 16.699703], [106.928688, 16.699346], [106.93027, 16.699173], [106.930583, 16.698571], [106.929741, 16.697989], [106.927827, 16.697618], [106.927297, 16.694353], [106.927826, 16.692549], [106.925674, 16.690967], [106.924671, 16.689427], [106.926135, 16.688479], [106.92649, 16.68735], [106.926799, 16.688043], [106.927673, 16.687865], [106.927824, 16.686885], [106.926747, 16.686079], [106.927135, 16.685447], [106.929613, 16.684955], [106.930065, 16.686396], [106.933335, 16.686491], [106.934812, 16.687767], [106.937046, 16.685957], [106.937831, 16.686647], [106.937738, 16.689225], [106.938144, 16.689453], [106.940859, 16.689521], [106.941878, 16.688353], [106.944432, 16.689719], [106.945938, 16.689325], [106.946647, 16.688533], [106.947322, 16.690158], [106.949163, 16.691556], [106.952017, 16.691679], [106.954398, 16.692993], [106.954776, 16.6927], [106.954355, 16.691714], [106.954935, 16.691369], [106.957103, 16.691819], [106.958126, 16.69258], [106.959438, 16.691602], [106.960469, 16.693579], [106.963376, 16.692938], [106.964563, 16.694252], [106.966142, 16.693698], [106.966925, 16.69506], [106.969799, 16.694386], [106.969922, 16.695013], [106.971283, 16.695411], [106.972571, 16.694482], [106.972613, 16.693377], [106.973369, 16.693594], [106.976151, 16.691029], [106.977523, 16.692009], [106.979006, 16.690395], [106.98106, 16.691273], [106.982478, 16.689889], [106.983793, 16.689953], [106.984829, 16.690617], [106.984399, 16.692599], [106.985674, 16.692688], [106.986855, 16.693806], [106.989497, 16.694086], [106.98769, 16.695136], [106.988094, 16.697016], [106.986133, 16.697683], [106.985571, 16.699192], [106.986193, 16.700243], [106.987065, 16.699865], [106.989343, 16.700173], [106.989282, 16.700782], [106.988663, 16.701128], [106.986147, 16.701436], [106.986955, 16.704151], [106.987721, 16.704564], [106.989192, 16.704646], [106.988329, 16.706245], [106.988541, 16.707094], [106.991012, 16.708483], [106.992645, 16.708601], [106.99347, 16.710571], [106.994479, 16.710308], [106.996166, 16.708344], [106.997011, 16.708051], [106.997695, 16.709605], [106.998771, 16.709897], [107.000573, 16.709311], [107.001201, 16.709764], [107.001481, 16.710601], [106.999845, 16.71031], [106.998884, 16.711045], [106.999639, 16.712243], [106.999402, 16.713479], [107.000189, 16.714249], [107.001552, 16.71423], [107.001705, 16.715658], [107.001137, 16.718015], [107.001987, 16.719059], [107.001036, 16.719005], [107.000726, 16.719826], [107.001146, 16.721218], [106.998437, 16.723543], [106.998229, 16.724714], [106.99555, 16.728748], [106.995836, 16.729863], [106.996389, 16.73031], [106.99614, 16.731024], [106.997723, 16.731738], [106.997654, 16.732704], [106.998297, 16.733908], [106.998591, 16.736325], [106.999351, 16.737101], [107.00035, 16.736774], [106.999963, 16.738129], [107.001524, 16.73858], [107.00061, 16.739779], [107.000683, 16.740332], [107.002012, 16.740802], [107.003722, 16.739321], [107.004361, 16.739311], [107.003824, 16.741373], [107.005274, 16.74139], [107.005219, 16.742321], [107.005563, 16.742662], [107.006826, 16.742162], [107.00841, 16.742519], [107.010345, 16.744308], [107.008921, 16.745858], [107.009104, 16.74779], [107.008275, 16.74888], [107.008591, 16.749602], [107.009257, 16.749691], [107.009738, 16.750444], [107.009081, 16.752068], [107.009642, 16.752894], [107.01022, 16.753119], [107.011353, 16.752442], [107.014543, 16.755059], [107.015548, 16.753689], [107.017276, 16.754985], [107.01815, 16.754512], [107.018367, 16.753099], [107.019892, 16.75363], [107.020642, 16.752335], [107.021597, 16.751947], [107.022244, 16.752285], [107.022258, 16.753345], [107.023351, 16.752583], [107.024475, 16.753056], [107.026189, 16.752569], [107.0262, 16.751566], [107.025178, 16.751093], [107.025757, 16.750254], [107.027435, 16.750443], [107.028584, 16.751565], [107.029891, 16.751842], [107.030611, 16.751496], [107.031001, 16.750655], [107.031494, 16.74697], [107.032206, 16.745733], [107.033169, 16.747754], [107.034057, 16.748135], [107.035151, 16.747467], [107.035577, 16.74671], [107.035501, 16.745673], [107.036305, 16.745215], [107.038471, 16.745118], [107.040919, 16.743885], [107.042828, 16.744251], [107.044337, 16.745596], [107.044877, 16.745287], [107.045013, 16.744032], [107.045745, 16.743695], [107.049023, 16.746593], [107.050593, 16.746274], [107.05291, 16.747078], [107.054699, 16.752076], [107.055896, 16.752314], [107.058819, 16.751629], [107.059634, 16.752924], [107.060349, 16.75303], [107.060989, 16.752756], [107.061628, 16.751239], [107.062184, 16.7511], [107.062596, 16.752297], [107.062284, 16.752827], [107.063086, 16.753959], [107.061633, 16.7551], [107.062678, 16.756181], [107.062834, 16.758857], [107.065032, 16.759422], [107.063392, 16.761129], [107.063093, 16.762153], [107.065121, 16.763236], [107.066509, 16.765013], [107.068653, 16.763879], [107.068642, 16.765487], [107.069299, 16.765914], [107.070377, 16.765655], [107.0728, 16.763607], [107.073223, 16.76374], [107.073299, 16.764984], [107.07225, 16.765565], [107.071899, 16.766438], [107.073063, 16.768135], [107.073103, 16.770178], [107.071123, 16.770656], [107.071401, 16.772108], [107.073324, 16.772645], [107.074254, 16.773662], [107.075723, 16.773601], [107.078695, 16.774763], [107.080403, 16.774101], [107.080723, 16.775885], [107.081851, 16.777887], [107.085124, 16.778653], [107.086582, 16.780113], [107.089096, 16.778842], [107.091471, 16.781422], [107.092602, 16.7817], [107.093464, 16.780663], [107.093752, 16.778285], [107.096033, 16.778731], [107.097269, 16.777825], [107.097097, 16.7741], [107.097562, 16.773188], [107.099156, 16.773611], [107.09882, 16.77588], [107.099356, 16.776684], [107.104127, 16.777622], [107.106356, 16.77669], [107.10674, 16.774068], [107.107438, 16.773143], [107.108265, 16.7728], [107.109684, 16.773102], [107.114683, 16.776439], [107.116578, 16.777317], [107.119778, 16.777928], [107.122001, 16.779609], [107.125843, 16.786124], [107.125726, 16.788463], [107.126361, 16.79016], [107.128056, 16.792637], [107.132287, 16.795935], [107.133235, 16.798404], [107.138928, 16.799571], [107.143259, 16.80316], [107.148243, 16.803873], [107.148069, 16.804274], [107.147498, 16.803806], [107.147557, 16.804848], [107.146306, 16.805738], [107.148032, 16.805398], [107.148841, 16.804281]], [[106.988656, 16.706544], [106.989042, 16.706707], [106.989332, 16.70723], [106.988676, 16.707042], [106.988656, 16.706544]]]}}, {"type": "Feature", "properties": {"TENSONG": null}, "geometry": {"type": "Polygon", "coordinates": [[[107.091273, 16.826765], [107.095649, 16.824687], [107.091281, 16.826532], [107.088378, 16.826141], [107.08419, 16.823886], [107.082921, 16.823745], [107.082578, 16.82304], [107.082926, 16.822437], [107.082862, 16.821485], [107.08128, 16.820877], [107.081219, 16.821065], [107.082734, 16.821528], [107.082529, 16.823435], [107.083237, 16.824181], [107.084096, 16.824099], [107.088307, 16.826354], [107.091273, 16.826765]]]}}, {"type": "Feature", "properties": {"TENSONG": null}, "geometry": {"type": "Polygon", "coordinates": [[[107.068721, 16.873819], [107.068947, 16.87298], [107.067321, 16.872245], [107.068808, 16.872971], [107.068721, 16.873819]]]}}, {"type": "Feature", "properties": {"TENSONG": null}, "geometry": {"type": "Polygon", "coordinates": [[[107.113405, 16.837037], [107.111112, 16.838129], [107.110955, 16.838968], [107.110045, 16.83913], [107.109888, 16.839768], [107.109357, 16.839521], [107.108821, 16.840079], [107.109474, 16.84046], [107.105821, 16.84384], [107.104539, 16.844098], [107.102366, 16.845474], [107.101277, 16.84679], [107.099896, 16.847151], [107.097393, 16.846288], [107.097498, 16.845888], [107.093693, 16.843471], [107.093082, 16.843871], [107.092323, 16.84281], [107.090648, 16.842454], [107.089926, 16.841377], [107.089271, 16.841035], [107.089205, 16.83929], [107.088763, 16.839209], [107.089091, 16.838398], [107.087801, 16.838009], [107.087012, 16.836718], [107.085868, 16.836582], [107.084263, 16.835219], [107.081521, 16.834793], [107.080649, 16.836514], [107.080659, 16.838726], [107.081367, 16.840351], [107.080998, 16.840997], [107.081234, 16.842465], [107.079121, 16.84372], [107.078277, 16.843413], [107.077618, 16.84385], [107.075517, 16.84709], [107.075576, 16.849001], [107.075987, 16.849372], [107.076383, 16.848851], [107.075926, 16.848735], [107.075898, 16.84813], [107.076379, 16.84795], [107.075694, 16.847143], [107.077671, 16.844033], [107.078238, 16.843626], [107.079049, 16.84393], [107.080715, 16.843242], [107.081441, 16.842369], [107.081133, 16.840987], [107.081591, 16.840386], [107.080823, 16.838535], [107.081256, 16.836927], [107.080882, 16.836529], [107.081539, 16.835042], [107.08419, 16.83538], [107.085656, 16.836748], [107.086762, 16.83682], [107.087845, 16.838272], [107.088868, 16.838413], [107.08859, 16.839117], [107.089121, 16.841125], [107.090614, 16.842652], [107.092239, 16.843039], [107.093422, 16.844261], [107.096871, 16.846386], [107.09997, 16.847664], [107.100955, 16.847542], [107.10275, 16.845874], [107.106737, 16.843831], [107.113405, 16.837037]]]}}, {"type": "Feature", "properties": {"TENSONG": null}, "geometry": {"type": "Polygon", "coordinates": [[[107.092208, 16.842745], [107.092744, 16.840135], [107.095351, 16.837887], [107.092594, 16.840033], [107.092208, 16.842745]]]}}, {"type": "Feature", "properties": {"TENSONG": null}, "geometry": {"type": "Polygon", "coordinates": [[[107.075984, 16.822317], [107.074658, 16.822457], [107.074158, 16.82283], [107.074495, 16.823974], [107.074275, 16.82377], [107.073582, 16.824117], [107.073591, 16.824451], [107.074007, 16.824605], [107.073365, 16.825092], [107.073727, 16.825702], [107.073459, 16.826049], [107.072554, 16.825287], [107.072082, 16.825254], [107.07179, 16.825654], [107.071376, 16.824905], [107.070363, 16.824998], [107.070603, 16.824468], [107.070489, 16.824079], [107.069284, 16.82373], [107.069216, 16.8233], [107.068796, 16.822949], [107.064757, 16.823458], [107.061418, 16.822442], [107.060752, 16.823069], [107.059622, 16.822933], [107.059018, 16.823621], [107.058675, 16.822975], [107.056287, 16.821414], [107.052548, 16.821953], [107.05377, 16.822305], [107.056434, 16.821742], [107.058943, 16.8239], [107.059798, 16.823194], [107.060913, 16.823324], [107.061549, 16.822786], [107.064512, 16.82363], [107.066722, 16.823616], [107.066476, 16.824602], [107.066973, 16.823483], [107.068836, 16.823064], [107.069195, 16.823847], [107.070361, 16.824098], [107.070258, 16.825078], [107.07131, 16.825042], [107.071758, 16.825863], [107.072507, 16.825393], [107.073565, 16.826213], [107.073902, 16.82572], [107.073477, 16.825119], [107.074134, 16.824667], [107.073676, 16.824132], [107.074609, 16.824078], [107.074297, 16.822821], [107.075638, 16.822767], [107.075984, 16.822317]]]}}, {"type": "Feature", "properties": {"TENSONG": null}, "geometry": {"type": "Polygon", "coordinates": [[[107.123306, 16.834769], [107.122842, 16.834087], [107.123549, 16.83142], [107.124157, 16.831162], [107.125249, 16.831576], [107.125907, 16.830297], [107.125451, 16.828967], [107.123451, 16.828113], [107.122702, 16.826565], [107.121847, 16.825822], [107.122587, 16.824724], [107.123997, 16.824118], [107.124145, 16.822457], [107.12457, 16.822249], [107.124011, 16.820788], [107.123393, 16.82049], [107.122643, 16.82084], [107.121138, 16.819806], [107.120212, 16.821244], [107.1208, 16.821755], [107.120786, 16.823256], [107.118958, 16.824064], [107.11706, 16.8217], [107.116131, 16.820927], [107.115747, 16.821012], [107.117358, 16.822163], [107.117911, 16.823763], [107.119068, 16.824626], [107.119819, 16.823985], [107.120775, 16.82394], [107.121135, 16.823314], [107.121392, 16.822546], [107.120893, 16.821576], [107.12041, 16.821243], [107.120671, 16.820642], [107.121743, 16.820386], [107.122447, 16.82095], [107.123515, 16.820679], [107.123884, 16.82108], [107.123904, 16.823933], [107.122386, 16.82463], [107.121564, 16.825726], [107.123307, 16.828304], [107.125119, 16.829321], [107.125566, 16.83024], [107.125236, 16.831173], [107.124246, 16.830652], [107.123491, 16.830833], [107.122577, 16.832675], [107.122038, 16.836049], [107.123209, 16.836466], [107.122778, 16.835502], [107.123306, 16.834769]]]}}, {"type": "Feature", "properties": {"TENSONG": null}, "geometry": {"type": "Polygon", "coordinates": [[[107.06476, 16.871659], [107.062529, 16.871189], [107.06504, 16.871836], [107.06476, 16.871659]]]}}, {"type": "Feature", "properties": {"TENSONG": null}, "geometry": {"type": "Polygon", "coordinates": [[[107.101048, 16.864006], [107.100433, 16.863926], [107.10061, 16.862903], [107.099475, 16.862622], [107.100139, 16.86156], [107.099848, 16.861339], [107.099331, 16.861444], [107.099358, 16.861018], [107.099225, 16.86157], [107.099922, 16.861703], [107.099314, 16.862653], [107.100471, 16.862996], [107.100289, 16.86406], [107.100915, 16.864019], [107.101072, 16.864394], [107.101455, 16.86467], [107.101195, 16.865198], [107.101658, 16.864763], [107.101048, 16.864006]]]}}, {"type": "Feature", "properties": {"TENSONG": null}, "geometry": {"type": "Polygon", "coordinates": [[[107.044991, 16.806251], [107.043431, 16.805851], [107.043338, 16.804753], [107.042606, 16.804524], [107.043234, 16.804788], [107.043319, 16.80594], [107.044991, 16.806251]]]}}, {"type": "Feature", "properties": {"TENSONG": null}, "geometry": {"type": "Polygon", "coordinates": [[[107.040783, 16.802672], [107.040362, 16.802245], [107.040198, 16.802513], [107.040783, 16.802672]]]}}, {"type": "Feature", "properties": {"TENSONG": null}, "geometry": {"type": "Polygon", "coordinates": [[[107.080222, 16.760887], [107.079215, 16.761059], [107.07934, 16.761276], [107.080222, 16.760887]]]}}, {"type": "Feature", "properties": {"TENSONG": null}, "geometry": {"type": "Polygon", "coordinates": [[[106.926723, 16.784402], [106.926428, 16.784123], [106.926415, 16.784565], [106.926723, 16.784402]]]}}, {"type": "Feature", "properties": {"TENSONG": null}, "geometry": {"type": "Polygon", "coordinates": [[[106.959639, 16.786543], [106.959132, 16.786455], [106.959419, 16.786866], [106.959639, 16.786543]]]}}, {"type": "Feature", "properties": {"TENSONG": null}, "geometry": {"type": "Polygon", "coordinates": [[[106.989347, 16.78527], [106.989059, 16.784818], [106.988891, 16.785413], [106.989347, 16.78527]]]}}, {"type": "Feature", "properties": {"TENSONG": null}, "geometry": {"type": "Polygon", "coordinates": [[[106.981437, 16.808892], [106.980611, 16.808899], [106.981481, 16.808986], [106.981437, 16.808892]]]}}, {"type": "Feature", "properties": {"TENSONG": null}, "geometry": {"type": "Polygon", "coordinates": [[[106.990285, 16.830998], [106.991304, 16.829906], [106.990131, 16.829872], [106.989903, 16.830279], [106.990617, 16.831721], [106.990016, 16.831955], [106.990733, 16.831812], [106.990285, 16.830998]]]}}, {"type": "Feature", "properties": {"TENSONG": null}, "geometry": {"type": "Polygon", "coordinates": [[[106.798867, 16.749519], [106.795531, 16.748054], [106.793681, 16.748168], [106.792099, 16.748636], [106.787491, 16.746835], [106.785019, 16.747193], [106.782926, 16.745135], [106.780808, 16.744742], [106.778638, 16.743515], [106.778206, 16.74194], [106.777755, 16.741492], [106.773339, 16.740433], [106.772879, 16.740631], [106.772222, 16.742064], [106.770737, 16.742385], [106.76644, 16.745341], [106.765232, 16.744885], [106.764073, 16.744991], [106.763303, 16.744184], [106.762606, 16.743963], [106.760253, 16.745083], [106.759022, 16.746157], [106.756251, 16.746384], [106.754597, 16.747265], [106.754123, 16.74697], [106.753759, 16.747009], [106.752653, 16.747748], [106.75071, 16.750662], [106.748973, 16.752294], [106.748917, 16.752921], [106.746339, 16.753573], [106.742558, 16.75774], [106.739897, 16.757621], [106.734613, 16.756138], [106.729737, 16.756312], [106.734619, 16.756303], [106.739819, 16.757784], [106.742866, 16.757773], [106.746291, 16.753837], [106.749032, 16.75304], [106.749085, 16.752362], [106.75084, 16.750749], [106.752625, 16.748043], [106.753928, 16.747075], [106.75464, 16.74742], [106.756324, 16.746564], [106.759164, 16.746281], [106.762515, 16.744145], [106.763994, 16.745189], [106.766518, 16.745487], [106.770838, 16.742538], [106.772454, 16.74214], [106.773252, 16.740612], [106.777608, 16.741629], [106.77855, 16.743679], [106.780587, 16.74491], [106.782793, 16.745197], [106.784747, 16.747255], [106.787529, 16.747067], [106.792009, 16.748803], [106.795462, 16.74836], [106.798867, 16.749519]]]}}, {"type": "Feature", "properties": {"TENSONG": null}, "geometry": {"type": "Polygon", "coordinates": [[[106.74465, 16.79843], [106.74428, 16.797857], [106.743028, 16.797959], [106.741411, 16.79608], [106.739696, 16.796029], [106.738141, 16.795193], [106.737745, 16.793918], [106.736151, 16.793525], [106.733415, 16.791625], [106.732106, 16.790273], [106.731605, 16.788787], [106.72845, 16.786561], [106.727145, 16.783751], [106.725948, 16.782305], [106.725904, 16.781516], [106.724874, 16.780499], [106.724482, 16.779096], [106.722251, 16.776949], [106.722539, 16.774197], [106.725528, 16.772195], [106.722799, 16.77354], [106.721966, 16.774826], [106.721995, 16.777137], [106.724365, 16.779291], [106.724524, 16.780394], [106.727144, 16.784099], [106.728025, 16.786427], [106.729557, 16.788137], [106.731116, 16.78876], [106.731996, 16.790482], [106.734691, 16.792931], [106.736085, 16.793675], [106.737428, 16.794038], [106.737861, 16.795184], [106.739433, 16.796097], [106.741223, 16.796187], [106.743047, 16.798149], [106.744163, 16.798009], [106.74465, 16.79843]]]}}, {"type": "Feature", "properties": {"TENSONG": null}, "geometry": {"type": "Polygon", "coordinates": [[[106.798979, 16.74961], [106.798149, 16.750396], [106.797619, 16.753466], [106.796415, 16.753543], [106.794441, 16.754907], [106.794748, 16.755959], [106.796318, 16.756995], [106.797231, 16.762712], [106.79676, 16.763002], [106.795785, 16.761886], [106.795224, 16.761941], [106.794693, 16.762752], [106.794897, 16.7648], [106.792807, 16.765108], [106.792165, 16.765765], [106.792163, 16.766613], [106.792506, 16.766978], [106.795186, 16.768149], [106.792068, 16.769618], [106.79054, 16.770903], [106.790414, 16.772073], [106.791884, 16.772831], [106.791993, 16.773578], [106.790801, 16.773802], [106.789468, 16.772455], [106.788035, 16.772595], [106.786879, 16.77185], [106.786579, 16.774642], [106.783447, 16.773239], [106.782512, 16.773408], [106.782504, 16.7746], [106.780739, 16.773831], [106.779343, 16.773649], [106.779059, 16.77405], [106.779507, 16.775999], [106.778136, 16.77553], [106.776834, 16.775857], [106.775609, 16.777742], [106.773449, 16.778605], [106.773243, 16.781064], [106.771019, 16.78026], [106.770363, 16.780606], [106.769684, 16.781958], [106.762824, 16.784007], [106.759243, 16.789015], [106.758668, 16.790345], [106.757391, 16.790439], [106.756779, 16.79075], [106.755219, 16.792886], [106.754103, 16.79212], [106.752566, 16.792302], [106.752347, 16.792826], [106.752752, 16.79429], [106.74996, 16.796425], [106.749274, 16.798115], [106.744721, 16.798696], [106.749409, 16.798231], [106.750312, 16.796379], [106.752061, 16.795479], [106.752936, 16.794427], [106.752625, 16.792662], [106.754185, 16.792372], [106.755349, 16.793108], [106.757017, 16.790757], [106.758646, 16.790602], [106.762859, 16.784192], [106.769894, 16.782069], [106.771186, 16.780503], [106.773408, 16.781425], [106.773768, 16.778688], [106.775763, 16.7779], [106.777056, 16.775973], [106.779673, 16.776147], [106.779456, 16.773839], [106.782553, 16.774813], [106.782746, 16.773556], [106.783248, 16.773451], [106.786629, 16.774853], [106.787028, 16.774515], [106.787042, 16.772216], [106.788118, 16.772835], [106.789266, 16.77258], [106.790731, 16.773985], [106.792258, 16.77377], [106.792147, 16.772689], [106.790626, 16.772005], [106.790733, 16.771009], [106.79541, 16.768205], [106.79256, 16.766746], [106.792417, 16.76588], [106.793147, 16.765227], [106.795046, 16.764898], [106.794908, 16.76275], [106.795308, 16.762081], [106.796677, 16.763188], [106.797462, 16.762802], [106.796493, 16.756936], [106.794881, 16.755838], [106.79461, 16.754986], [106.79645, 16.753761], [106.797657, 16.753773], [106.798114, 16.75092], [106.798979, 16.74961]]]}}, {"type": "Feature", "properties": {"TENSONG": null}, "geometry": {"type": "Polygon", "coordinates": [[[107.001515, 16.508136], [107.000799, 16.506958], [107.000985, 16.505751], [107.003314, 16.504537], [107.004096, 16.503549], [107.006198, 16.503577], [107.008009, 16.502804], [107.008416, 16.501901], [107.008486, 16.500576], [107.009277, 16.499885], [107.009853, 16.499897], [107.010159, 16.500785], [107.010635, 16.500862], [107.014524, 16.497599], [107.015785, 16.497406], [107.017445, 16.496386], [107.019521, 16.496332], [107.019874, 16.495633], [107.01915, 16.494974], [107.02201, 16.49376], [107.022445, 16.492364], [107.024824, 16.493572], [107.026816, 16.491122], [107.02947, 16.491187], [107.030212, 16.48869], [107.031739, 16.487739], [107.031726, 16.485959], [107.032562, 16.485863], [107.033277, 16.486444], [107.034509, 16.485668], [107.035761, 16.485835], [107.036911, 16.483149], [107.040873, 16.480307], [107.041349, 16.480252], [107.042127, 16.48139], [107.042778, 16.481285], [107.041521, 16.480093], [107.040847, 16.479941], [107.036631, 16.482998], [107.035643, 16.485479], [107.034512, 16.485418], [107.033301, 16.48619], [107.032604, 16.485587], [107.031432, 16.485864], [107.031458, 16.487495], [107.029791, 16.488703], [107.029273, 16.490979], [107.026837, 16.490829], [107.024961, 16.493113], [107.022433, 16.49212], [107.021953, 16.492471], [107.022007, 16.493463], [107.018819, 16.494886], [107.019277, 16.496034], [107.017301, 16.496211], [107.015578, 16.497298], [107.01441, 16.497405], [107.010588, 16.500613], [107.010088, 16.499729], [107.009132, 16.499714], [107.008148, 16.500876], [107.007907, 16.502509], [107.005656, 16.503415], [107.004193, 16.503276], [107.00059, 16.505975], [107.000469, 16.506558], [107.001176, 16.508415], [107.001515, 16.508136]]]}}, {"type": "Feature", "properties": {"TENSONG": null}, "geometry": {"type": "Polygon", "coordinates": [[[107.001767, 16.507222], [107.001176, 16.508415], [107.000917, 16.507686], [107.000908, 16.508321], [107.000356, 16.508602], [106.99745, 16.508247], [106.993351, 16.509082], [106.990838, 16.506061], [106.987222, 16.505346], [106.985381, 16.504455], [106.984228, 16.504592], [106.983094, 16.505379], [106.983295, 16.505677], [106.984456, 16.504761], [106.985486, 16.504689], [106.98716, 16.505567], [106.9903, 16.506308], [106.991443, 16.507128], [106.992619, 16.509507], [106.993385, 16.509699], [106.997255, 16.508555], [107.001252, 16.50889], [107.002068, 16.508333], [107.002795, 16.506501], [107.003594, 16.5066], [107.005114, 16.51005], [107.009814, 16.514673], [107.010472, 16.517988], [107.011744, 16.520851], [107.014793, 16.522679], [107.017468, 16.527002], [107.017087, 16.528488], [107.018277, 16.528779], [107.021744, 16.524265], [107.026142, 16.521065], [107.027041, 16.518365], [107.027118, 16.516337], [107.025992, 16.515492], [107.025886, 16.514552], [107.029911, 16.511967], [107.030495, 16.505738], [107.032383, 16.504622], [107.034819, 16.504398], [107.039119, 16.5023], [107.040892, 16.500208], [107.040654, 16.499192], [107.041251, 16.497089], [107.040914, 16.496351], [107.040198, 16.495764], [107.041401, 16.494974], [107.04164, 16.493057], [107.042834, 16.492835], [107.043551, 16.493256], [107.045053, 16.492096], [107.048423, 16.490951], [107.050364, 16.491345], [107.050815, 16.492179], [107.052434, 16.491371], [107.053354, 16.492961], [107.054907, 16.492906], [107.055805, 16.493826], [107.057492, 16.493096], [107.059974, 16.490821], [107.062398, 16.489754], [107.063005, 16.488787], [107.065299, 16.487911], [107.066101, 16.489887], [107.0671, 16.490416], [107.068239, 16.487589], [107.070947, 16.486419], [107.076548, 16.485125], [107.077061, 16.482132], [107.079327, 16.48089], [107.079111, 16.479508], [107.079844, 16.478451], [107.080773, 16.478762], [107.082437, 16.47798], [107.083513, 16.478857], [107.084355, 16.47901], [107.084874, 16.478846], [107.086154, 16.477346], [107.090193, 16.476673], [107.09069, 16.477202], [107.092799, 16.474199], [107.094148, 16.473987], [107.096772, 16.472566], [107.097843, 16.472549], [107.096856, 16.472272], [107.094695, 16.473507], [107.092589, 16.47406], [107.091003, 16.475712], [107.090785, 16.476854], [107.090149, 16.47648], [107.086001, 16.477216], [107.084568, 16.47881], [107.083424, 16.478568], [107.082647, 16.47774], [107.081458, 16.478143], [107.080611, 16.477828], [107.079475, 16.478512], [107.078954, 16.47928], [107.078936, 16.480999], [107.076899, 16.482042], [107.0764, 16.484949], [107.070822, 16.486215], [107.067821, 16.487499], [107.067146, 16.48957], [107.06622, 16.489636], [107.06539, 16.487626], [107.062702, 16.488743], [107.055964, 16.49352], [107.055077, 16.492688], [107.053546, 16.492486], [107.052244, 16.4911], [107.051042, 16.49179], [107.050393, 16.490913], [107.048609, 16.490683], [107.044852, 16.491966], [107.043423, 16.493081], [107.043015, 16.492624], [107.041335, 16.492775], [107.041324, 16.494825], [107.039957, 16.495924], [107.040998, 16.496802], [107.040538, 16.499118], [107.040571, 16.50014], [107.039257, 16.501846], [107.037284, 16.502932], [107.035805, 16.503203], [107.034879, 16.50414], [107.032183, 16.504215], [107.031665, 16.504883], [107.031187, 16.504682], [107.029888, 16.505589], [107.029776, 16.511825], [107.025712, 16.514281], [107.025655, 16.515552], [107.026599, 16.516236], [107.026696, 16.517556], [107.025617, 16.520951], [107.021484, 16.524034], [107.018044, 16.52854], [107.017403, 16.528422], [107.01762, 16.526641], [107.015966, 16.524407], [107.015263, 16.522588], [107.012124, 16.520782], [107.01088, 16.518071], [107.010207, 16.514749], [107.00556, 16.510007], [107.004795, 16.50892], [107.004551, 16.507323], [107.003431, 16.506108], [107.002852, 16.506192], [107.001767, 16.507222]]]}}, {"type": "Feature", "properties": {"TENSONG": null}, "geometry": {"type": "Polygon", "coordinates": [[[106.948127, 16.509727], [106.94788, 16.509406], [106.945074, 16.510418], [106.943624, 16.509121], [106.941027, 16.509174], [106.93966, 16.510704], [106.937502, 16.508812], [106.935691, 16.511204], [106.935034, 16.511213], [106.93324, 16.510101], [106.933184, 16.50881], [106.930957, 16.508741], [106.931114, 16.507043], [106.930431, 16.505586], [106.928872, 16.505845], [106.928559, 16.507956], [106.927479, 16.507091], [106.926367, 16.507316], [106.925647, 16.506706], [106.924068, 16.506441], [106.922819, 16.507334], [106.922431, 16.507059], [106.922464, 16.504329], [106.921994, 16.50397], [106.917941, 16.50699], [106.916606, 16.507554], [106.915247, 16.507375], [106.914649, 16.507665], [106.916462, 16.507713], [106.917672, 16.507333], [106.921077, 16.505234], [106.92182, 16.504185], [106.922289, 16.504495], [106.922209, 16.507111], [106.922726, 16.507572], [106.9239, 16.506758], [106.925456, 16.506923], [106.926207, 16.507698], [106.9275, 16.507622], [106.928386, 16.508191], [106.928901, 16.507974], [106.929178, 16.505913], [106.93027, 16.505875], [106.930858, 16.507383], [106.930658, 16.509139], [106.932799, 16.508993], [106.93314, 16.510402], [106.935421, 16.511723], [106.937474, 16.509123], [106.939787, 16.51105], [106.941316, 16.509372], [106.943516, 16.509313], [106.944797, 16.510516], [106.945503, 16.5107], [106.948127, 16.509727]]]}}, {"type": "Feature", "properties": {"TENSONG": null}, "geometry": {"type": "Polygon", "coordinates": [[[106.95792, 16.51236], [106.959829, 16.513113], [106.95788, 16.512123], [106.956637, 16.513153], [106.955791, 16.514768], [106.953966, 16.514641], [106.953063, 16.513588], [106.954377, 16.51218], [106.954147, 16.510929], [106.951312, 16.510704], [106.948369, 16.509622], [106.947179, 16.506258], [106.945995, 16.505389], [106.94593, 16.503241], [106.944417, 16.502795], [106.944525, 16.501941], [106.943347, 16.500619], [106.943228, 16.49942], [106.943477, 16.498478], [106.945038, 16.496821], [106.944854, 16.495813], [106.94398, 16.494512], [106.94572, 16.491896], [106.945677, 16.487001], [106.944831, 16.486041], [106.943128, 16.484891], [106.942597, 16.485058], [106.941595, 16.486418], [106.941708, 16.487205], [106.940754, 16.48722], [106.94014, 16.486455], [106.938888, 16.486407], [106.937206, 16.485436], [106.935747, 16.486358], [106.934929, 16.484471], [106.935501, 16.486522], [106.937189, 16.485652], [106.938448, 16.486363], [106.940079, 16.486581], [106.940726, 16.487483], [106.941667, 16.487469], [106.942189, 16.486944], [106.941774, 16.486392], [106.942882, 16.485073], [106.94559, 16.487181], [106.945238, 16.489162], [106.945567, 16.491746], [106.943688, 16.494662], [106.944843, 16.496797], [106.9433, 16.498055], [106.942706, 16.499354], [106.943107, 16.500723], [106.944247, 16.501979], [106.944275, 16.503037], [106.945677, 16.50336], [106.945788, 16.505495], [106.946981, 16.506425], [106.948127, 16.509727], [106.951506, 16.511076], [106.953977, 16.511231], [106.954092, 16.512022], [106.952678, 16.513571], [106.954091, 16.51501], [106.955333, 16.515294], [106.95612, 16.514964], [106.957026, 16.513101], [106.95792, 16.51236]]]}}, {"type": "Feature", "properties": {"TENSONG": null}, "geometry": {"type": "Polygon", "coordinates": [[[107.047803, 16.634866], [107.053852, 16.634284], [107.052837, 16.633944], [107.050696, 16.634547], [107.04711, 16.634636], [107.045971, 16.634128], [107.044655, 16.632736], [107.0441, 16.630923], [107.043608, 16.630839], [107.044027, 16.63071], [107.044064, 16.630501], [107.043196, 16.630215], [107.043244, 16.629593], [107.04286, 16.628727], [107.043055, 16.630215], [107.042381, 16.630089], [107.041801, 16.631051], [107.039891, 16.630476], [107.040543, 16.629351], [107.040493, 16.628167], [107.041531, 16.627247], [107.041841, 16.624044], [107.041204, 16.625353], [107.04031, 16.624456], [107.040843, 16.625398], [107.040248, 16.625259], [107.039956, 16.624394], [107.042145, 16.623155], [107.043191, 16.621868], [107.043389, 16.621234], [107.043168, 16.621147], [107.042163, 16.622699], [107.03975, 16.624263], [107.039766, 16.625133], [107.041227, 16.626194], [107.041109, 16.626514], [107.040119, 16.62591], [107.039785, 16.626407], [107.039387, 16.626184], [107.039422, 16.626569], [107.040696, 16.626532], [107.039421, 16.629529], [107.03813, 16.630637], [107.037137, 16.629665], [107.036412, 16.630318], [107.035877, 16.629692], [107.036107, 16.630357], [107.03655, 16.630479], [107.037222, 16.630141], [107.037693, 16.630567], [107.038892, 16.630844], [107.040286, 16.633552], [107.04113, 16.634104], [107.044482, 16.633529], [107.045163, 16.634504], [107.047414, 16.635686], [107.047803, 16.634866]], [[107.041411, 16.632245], [107.042404, 16.632703], [107.042446, 16.632961], [107.041644, 16.632956], [107.041411, 16.632245]], [[107.043029, 16.632803], [107.043415, 16.632761], [107.043833, 16.632488], [107.043507, 16.632988], [107.043029, 16.632803]]]}}, {"type": "Feature", "properties": {"TENSONG": null}, "geometry": {"type": "Polygon", "coordinates": [[[107.043168, 16.621147], [107.042876, 16.619664], [107.042267, 16.618311], [107.041692, 16.61762], [107.042344, 16.616149], [107.042972, 16.616123], [107.045142, 16.617826], [107.046205, 16.618418], [107.048228, 16.617243], [107.049027, 16.616278], [107.04874, 16.615253], [107.05098, 16.613457], [107.051315, 16.612813], [107.05132, 16.611735], [107.052308, 16.611114], [107.052239, 16.610331], [107.051191, 16.609157], [107.051207, 16.607952], [107.054453, 16.607257], [107.058269, 16.605596], [107.058862, 16.604831], [107.059382, 16.604778], [107.059459, 16.605307], [107.059968, 16.605452], [107.062788, 16.602996], [107.060038, 16.605205], [107.059446, 16.604661], [107.058788, 16.604744], [107.058132, 16.605508], [107.054328, 16.607196], [107.051051, 16.607893], [107.051123, 16.609301], [107.052167, 16.611021], [107.051179, 16.611655], [107.050846, 16.613449], [107.048677, 16.615114], [107.048896, 16.616211], [107.048239, 16.617066], [107.046083, 16.618088], [107.042834, 16.615836], [107.042212, 16.616114], [107.041777, 16.616745], [107.041557, 16.6176], [107.043168, 16.621147]]]}}, {"type": "Feature", "properties": {"TENSONG": "Sông Vĩnh Định"}, "geometry": {"type": "Polygon", "coordinates": [[[107.175396, 16.839796], [107.177435, 16.839142], [107.17735, 16.838225], [107.174721, 16.83578], [107.174919, 16.834474], [107.17586, 16.833393], [107.179065, 16.83225], [107.182476, 16.829076], [107.18613, 16.830215], [107.188597, 16.829873], [107.193587, 16.827944], [107.194495, 16.828379], [107.195911, 16.830144], [107.198091, 16.830238], [107.200539, 16.828387], [107.201569, 16.823745], [107.206282, 16.819167], [107.206775, 16.817643], [107.20608, 16.817787], [107.20998, 16.815468], [107.210245, 16.813952], [107.208468, 16.812166], [107.209854, 16.810717], [107.21023, 16.808881], [107.21147, 16.806821], [107.211398, 16.800212], [107.2123, 16.793184], [107.205828, 16.774678], [107.205995, 16.77036], [107.20439, 16.768785], [107.2063, 16.765373], [107.210189, 16.764298], [107.211888, 16.765863], [107.212955, 16.768661], [107.21406, 16.769286], [107.215474, 16.769369], [107.216157, 16.769222], [107.217107, 16.768184], [107.219093, 16.765074], [107.220034, 16.76492], [107.222483, 16.766852], [107.224462, 16.766974], [107.225795, 16.765762], [107.226721, 16.762778], [107.229992, 16.761853], [107.23238, 16.761916], [107.233102, 16.762948], [107.234281, 16.763494], [107.236229, 16.762499], [107.237927, 16.763189], [107.239525, 16.763222], [107.24192, 16.761457], [107.244747, 16.763944], [107.249961, 16.76373], [107.253071, 16.76218], [107.254878, 16.759625], [107.282167, 16.74115], [107.290021, 16.733316], [107.290717, 16.733021], [107.291227, 16.733991], [107.292172, 16.734618], [107.293401, 16.734038], [107.297392, 16.734288], [107.298505, 16.733974], [107.300566, 16.732094], [107.310068, 16.726488], [107.318691, 16.720232], [107.32943, 16.711765], [107.331617, 16.709245], [107.336658, 16.705331], [107.337184, 16.705117], [107.338705, 16.705996], [107.340192, 16.705907], [107.343153, 16.704017], [107.34499, 16.702191], [107.345257, 16.703572], [107.345675, 16.703682], [107.345533, 16.702351], [107.347905, 16.699589], [107.348617, 16.699478], [107.348723, 16.700043], [107.351227, 16.699715], [107.354689, 16.698503], [107.347482, 16.699054], [107.34598, 16.699535], [107.345405, 16.701161], [107.343635, 16.70093], [107.343949, 16.701909], [107.342028, 16.703508], [107.339193, 16.704932], [107.337061, 16.703663], [107.337144, 16.70489], [107.332596, 16.708132], [107.329388, 16.711532], [107.319211, 16.719546], [107.310913, 16.72565], [107.2998, 16.732294], [107.298422, 16.733761], [107.293189, 16.733855], [107.292191, 16.734338], [107.290645, 16.732644], [107.289767, 16.733027], [107.281995, 16.740733], [107.254691, 16.759312], [107.25262, 16.762038], [107.249025, 16.763414], [107.245832, 16.763587], [107.241801, 16.760978], [107.239392, 16.762877], [107.235818, 16.762028], [107.234348, 16.763087], [107.232401, 16.761533], [107.22967, 16.761378], [107.226975, 16.762127], [107.22608, 16.762844], [107.225576, 16.765521], [107.224568, 16.76662], [107.222702, 16.766604], [107.220578, 16.764896], [107.219167, 16.764675], [107.21812, 16.765508], [107.215928, 16.769039], [107.214086, 16.769016], [107.213209, 16.76851], [107.212171, 16.765805], [107.210308, 16.764104], [107.20623, 16.765069], [107.204242, 16.768228], [107.204364, 16.769474], [107.205688, 16.771037], [107.204693, 16.773493], [107.206078, 16.778071], [107.207667, 16.781245], [107.207471, 16.782287], [107.211793, 16.793603], [107.210909, 16.79965], [107.210915, 16.807108], [107.209745, 16.808609], [107.209058, 16.811004], [107.208717, 16.811166], [107.208554, 16.810561], [107.208056, 16.811632], [107.208223, 16.812874], [107.209597, 16.814193], [107.209621, 16.815017], [107.205483, 16.817434], [107.205784, 16.818942], [107.201224, 16.823469], [107.200313, 16.827749], [107.19886, 16.829231], [107.196372, 16.829795], [107.194693, 16.827852], [107.193174, 16.82751], [107.188224, 16.829568], [107.185658, 16.829707], [107.182659, 16.828546], [107.178187, 16.83218], [107.176861, 16.832608], [107.177548, 16.831026], [107.178525, 16.831027], [107.177949, 16.83057], [107.177198, 16.830823], [107.174146, 16.834943], [107.174521, 16.83654], [107.176497, 16.838145], [107.176831, 16.839178], [107.174981, 16.839057], [107.173834, 16.838308], [107.170451, 16.838263], [107.166912, 16.837472], [107.165194, 16.836133], [107.165299, 16.834658], [107.16352, 16.834365], [107.16135, 16.83545], [107.156652, 16.840829], [107.157249, 16.841637], [107.15654, 16.845106], [107.152175, 16.850205], [107.150941, 16.852812], [107.151171, 16.856866], [107.150379, 16.86085], [107.151732, 16.863427], [107.154264, 16.863911], [107.153093, 16.862618], [107.152434, 16.860882], [107.152155, 16.853795], [107.155441, 16.850034], [107.156199, 16.847293], [107.158093, 16.845065], [107.15866, 16.842463], [107.15957, 16.841039], [107.158974, 16.839755], [107.161424, 16.836247], [107.162253, 16.835727], [107.163853, 16.835878], [107.167121, 16.838773], [107.168966, 16.8398], [107.16952, 16.839872], [107.169635, 16.839118], [107.17321, 16.839046], [107.175396, 16.839796]]]}}, {"type": "Feature", "properties": {"TENSONG": "Sông Th Ma"}, "geometry": {"type": "Polygon", "coordinates": [[[107.306332, 16.639965], [107.305248, 16.635928], [107.303719, 16.632891], [107.299279, 16.630249], [107.297561, 16.627122], [107.296075, 16.625585], [107.294044, 16.624527], [107.293517, 16.623553], [107.29152, 16.623741], [107.289461, 16.625228], [107.288155, 16.625472], [107.28803, 16.624947], [107.289243, 16.623375], [107.289318, 16.622499], [107.285452, 16.618526], [107.283256, 16.617675], [107.279813, 16.617767], [107.277393, 16.618453], [107.276004, 16.618257], [107.276143, 16.615853], [107.277421, 16.611942], [107.276703, 16.610071], [107.27363, 16.610245], [107.270637, 16.611819], [107.269693, 16.611223], [107.268735, 16.609169], [107.267464, 16.60829], [107.264082, 16.60818], [107.262045, 16.608892], [107.260826, 16.608579], [107.261396, 16.608008], [107.260234, 16.606554], [107.256771, 16.606743], [107.256686, 16.602993], [107.254661, 16.599953], [107.255114, 16.598263], [107.25158, 16.596887], [107.248308, 16.59322], [107.247146, 16.593569], [107.24773, 16.595651], [107.247134, 16.597252], [107.245704, 16.597019], [107.245041, 16.597618], [107.242729, 16.598117], [107.241433, 16.600147], [107.239873, 16.599104], [107.237639, 16.600656], [107.235418, 16.599456], [107.238302, 16.598741], [107.239599, 16.596469], [107.240875, 16.593195], [107.240755, 16.592167], [107.239062, 16.592333], [107.235457, 16.594087], [107.23396, 16.593747], [107.233011, 16.593136], [107.232663, 16.592056], [107.232148, 16.59199], [107.229577, 16.594395], [107.22734, 16.593789], [107.225684, 16.594197], [107.225418, 16.593656], [107.225971, 16.592037], [107.223327, 16.589746], [107.2246, 16.589172], [107.225993, 16.586826], [107.230057, 16.584845], [107.229642, 16.581152], [107.228733, 16.582268], [107.229554, 16.582805], [107.229689, 16.58466], [107.225565, 16.586971], [107.224597, 16.588713], [107.222699, 16.590049], [107.225567, 16.592096], [107.224742, 16.594416], [107.225559, 16.59517], [107.227285, 16.593912], [107.229717, 16.59482], [107.232053, 16.592601], [107.233098, 16.593673], [107.235634, 16.594512], [107.238807, 16.592848], [107.240247, 16.592578], [107.239424, 16.596591], [107.238568, 16.598077], [107.235758, 16.59892], [107.235304, 16.599469], [107.235899, 16.600301], [107.237165, 16.600775], [107.23768, 16.600782], [107.239572, 16.599793], [107.240708, 16.600452], [107.24213, 16.60041], [107.242279, 16.598849], [107.243637, 16.597985], [107.24473, 16.598467], [107.245615, 16.598248], [107.245894, 16.597546], [107.24741, 16.597978], [107.248242, 16.595542], [107.247479, 16.593998], [107.248204, 16.593667], [107.251189, 16.597058], [107.25396, 16.598226], [107.254518, 16.598886], [107.254218, 16.599951], [107.25452, 16.600969], [107.256396, 16.603692], [107.255945, 16.606425], [107.256258, 16.607082], [107.260452, 16.607076], [107.260528, 16.608857], [107.261991, 16.609296], [107.263402, 16.608789], [107.26438, 16.609112], [107.265561, 16.608637], [107.267296, 16.60888], [107.268282, 16.6095], [107.269244, 16.61168], [107.270093, 16.612352], [107.271881, 16.612064], [107.273712, 16.610911], [107.276585, 16.610754], [107.27682, 16.612088], [107.275277, 16.617204], [107.275489, 16.618768], [107.277428, 16.619195], [107.279859, 16.618455], [107.283353, 16.618395], [107.284776, 16.618845], [107.288483, 16.622594], [107.288544, 16.623357], [107.287076, 16.625264], [107.287593, 16.625849], [107.289624, 16.62607], [107.290474, 16.625114], [107.293268, 16.624411], [107.296802, 16.627891], [107.298808, 16.630924], [107.303455, 16.633755], [107.305907, 16.640811], [107.306332, 16.639965]]]}}, {"type": "Feature", "properties": {"TENSONG": null}, "geometry": {"type": "Polygon", "coordinates": [[[107.297287, 16.626154], [107.29778, 16.627432], [107.297397, 16.626238], [107.297899, 16.625884], [107.29858, 16.624394], [107.299899, 16.623478], [107.302006, 16.623621], [107.302562, 16.624143], [107.302789, 16.624123], [107.303218, 16.623131], [107.303698, 16.620764], [107.302838, 16.623896], [107.302556, 16.624035], [107.302111, 16.623541], [107.300516, 16.623179], [107.299695, 16.623446], [107.298421, 16.624353], [107.297287, 16.626154]]]}}, {"type": "Feature", "properties": {"TENSONG": null}, "geometry": {"type": "MultiPolygon", "coordinates": [[[[107.328348, 16.607882], [107.323255, 16.613785], [107.322028, 16.617723], [107.320232, 16.620047], [107.318999, 16.620993], [107.312106, 16.623254], [107.310721, 16.623993], [107.309678, 16.625356], [107.315018, 16.63733], [107.315543, 16.63894], [107.315111, 16.640248], [107.315908, 16.639271], [107.315889, 16.638308], [107.310154, 16.625381], [107.3115, 16.623993], [107.319289, 16.621169], [107.320699, 16.620077], [107.322188, 16.618187], [107.32351, 16.613855], [107.328348, 16.607882]]], [[[107.329151, 16.665464], [107.322663, 16.66513], [107.32056, 16.662834], [107.318291, 16.662288], [107.319017, 16.659362], [107.322158, 16.65652], [107.323786, 16.657088], [107.323959, 16.657096], [107.324268, 16.656993], [107.324869, 16.655959], [107.324953, 16.654496], [107.323678, 16.653571], [107.322102, 16.65383], [107.321324, 16.652867], [107.317505, 16.651971], [107.314649, 16.648349], [107.306946, 16.640724], [107.307163, 16.638121], [107.308732, 16.63624], [107.309774, 16.635697], [107.312397, 16.635616], [107.313063, 16.636134], [107.313276, 16.63806], [107.313613, 16.638073], [107.313476, 16.636114], [107.31235, 16.635228], [107.31049, 16.635215], [107.308781, 16.635794], [107.306761, 16.638115], [107.305907, 16.640811], [107.307171, 16.64161], [107.315302, 16.650732], [107.316481, 16.651157], [107.316944, 16.652007], [107.318042, 16.652622], [107.321316, 16.653201], [107.322197, 16.654858], [107.322164, 16.656059], [107.321279, 16.65715], [107.319467, 16.658647], [107.318946, 16.658596], [107.317809, 16.661773], [107.318142, 16.662671], [107.320648, 16.663174], [107.322597, 16.665339], [107.329042, 16.665597], [107.330345, 16.666338], [107.331409, 16.667858], [107.330375, 16.666165], [107.329151, 16.665464]], [[107.322417, 16.653887], [107.323747, 16.653779], [107.324658, 16.654686], [107.324697, 16.65607], [107.324165, 16.656992], [107.322566, 16.656502], [107.322989, 16.655553], [107.322417, 16.653887]]], [[[107.357934, 16.700808], [107.358139, 16.698604], [107.355048, 16.698168], [107.353086, 16.698363], [107.350755, 16.697176], [107.349192, 16.695779], [107.347761, 16.692425], [107.346352, 16.69162], [107.343519, 16.690816], [107.342346, 16.688263], [107.341424, 16.687058], [107.33925, 16.685128], [107.336736, 16.68392], [107.335841, 16.681124], [107.333969, 16.679216], [107.333919, 16.676315], [107.333684, 16.675715], [107.330904, 16.673496], [107.33351, 16.675699], [107.333897, 16.679352], [107.335739, 16.681181], [107.336564, 16.683956], [107.338853, 16.68501], [107.341424, 16.687225], [107.343512, 16.69127], [107.346128, 16.691671], [107.347633, 16.69245], [107.349421, 16.696273], [107.35023, 16.697006], [107.352757, 16.698444], [107.355355, 16.698415], [107.357956, 16.699117], [107.357543, 16.700308], [107.357934, 16.700808]]]]}}, {"type": "Feature", "properties": {"TENSONG": null}, "geometry": {"type": "Polygon", "coordinates": [[[107.300031, 16.666588], [107.298965, 16.664974], [107.298375, 16.664698], [107.285798, 16.664921], [107.280719, 16.662965], [107.278785, 16.662776], [107.277105, 16.660452], [107.275368, 16.660742], [107.274415, 16.659085], [107.272298, 16.658888], [107.271382, 16.659387], [107.271025, 16.660262], [107.269818, 16.659822], [107.269199, 16.661773], [107.267117, 16.661713], [107.266552, 16.6621], [107.265749, 16.663581], [107.265674, 16.664254], [107.266038, 16.665643], [107.265681, 16.666049], [107.26511, 16.665478], [107.263854, 16.662145], [107.263011, 16.660896], [107.26269, 16.660689], [107.260452, 16.660508], [107.258737, 16.657686], [107.257068, 16.656557], [107.255104, 16.656904], [107.254278, 16.65647], [107.254421, 16.655838], [107.254104, 16.656307], [107.254106, 16.656501], [107.255029, 16.657011], [107.257012, 16.656687], [107.257575, 16.657453], [107.25857, 16.657696], [107.260278, 16.66062], [107.263011, 16.661125], [107.264799, 16.665259], [107.265615, 16.666185], [107.266139, 16.665883], [107.265813, 16.664029], [107.266742, 16.662118], [107.269619, 16.661842], [107.270019, 16.660042], [107.27109, 16.660493], [107.272233, 16.659049], [107.274396, 16.659324], [107.27531, 16.661032], [107.277006, 16.660708], [107.27866, 16.663078], [107.280976, 16.663307], [107.285796, 16.665197], [107.298328, 16.664877], [107.29985, 16.666944], [107.300031, 16.666588]]]}}, {"type": "Feature", "properties": {"TENSONG": null}, "geometry": {"type": "Polygon", "coordinates": [[[107.337108, 16.70446], [107.337061, 16.703663], [107.336499, 16.703359], [107.333238, 16.704441], [107.331112, 16.703462], [107.329197, 16.703495], [107.326039, 16.701525], [107.325037, 16.702667], [107.324434, 16.70484], [107.32206, 16.704893], [107.321188, 16.705075], [107.32074, 16.70556], [107.320915, 16.707465], [107.317904, 16.709166], [107.314541, 16.711954], [107.311534, 16.712221], [107.310357, 16.712696], [107.30932, 16.713669], [107.308956, 16.714655], [107.307853, 16.714822], [107.305063, 16.716108], [107.303239, 16.715094], [107.29947, 16.715978], [107.297442, 16.714862], [107.29489, 16.708863], [107.296109, 16.702506], [107.295434, 16.700424], [107.296117, 16.698586], [107.296112, 16.697023], [107.293766, 16.693345], [107.293478, 16.68892], [107.29285, 16.691129], [107.292997, 16.689112], [107.294245, 16.685786], [107.29606, 16.683143], [107.298063, 16.681599], [107.300471, 16.681393], [107.302322, 16.680067], [107.302172, 16.676813], [107.300667, 16.672944], [107.300296, 16.66985], [107.300339, 16.67289], [107.299851, 16.671877], [107.299838, 16.669547], [107.300811, 16.666911], [107.302419, 16.665105], [107.304931, 16.663431], [107.305142, 16.662414], [107.304523, 16.659333], [107.30441, 16.660228], [107.304213, 16.659575], [107.304607, 16.657687], [107.306507, 16.655659], [107.30828, 16.654587], [107.309716, 16.654437], [107.312807, 16.655639], [107.31423, 16.655362], [107.31521, 16.654395], [107.316441, 16.65201], [107.316432, 16.651158], [107.315302, 16.650732], [107.315436, 16.652255], [107.31417, 16.654277], [107.313151, 16.654887], [107.309625, 16.653825], [107.307407, 16.654092], [107.304148, 16.656866], [107.303001, 16.658527], [107.302701, 16.659189], [107.302706, 16.659741], [107.304149, 16.6616], [107.304274, 16.662925], [107.300736, 16.665645], [107.299292, 16.668767], [107.299227, 16.671607], [107.300633, 16.675153], [107.301456, 16.678423], [107.301297, 16.679542], [107.301247, 16.679094], [107.300397, 16.680188], [107.300621, 16.679378], [107.300494, 16.677888], [107.299875, 16.680462], [107.29692, 16.681374], [107.294986, 16.682672], [107.295821, 16.682395], [107.293096, 16.685982], [107.29225, 16.689065], [107.292035, 16.69118], [107.292947, 16.693782], [107.295986, 16.698218], [107.295224, 16.700531], [107.295775, 16.701534], [107.295768, 16.703026], [107.294345, 16.707568], [107.294817, 16.709995], [107.297232, 16.714712], [107.298596, 16.715837], [107.299507, 16.716099], [107.303141, 16.715186], [107.30494, 16.716222], [107.309064, 16.714742], [107.309466, 16.713632], [107.310559, 16.71273], [107.314496, 16.71216], [107.318056, 16.709204], [107.320933, 16.7076], [107.321226, 16.705224], [107.324584, 16.705001], [107.325227, 16.702783], [107.32581, 16.702293], [107.327607, 16.702657], [107.328693, 16.703808], [107.330827, 16.70388], [107.332841, 16.704861], [107.336319, 16.703806], [107.337108, 16.70446]], [[107.303478, 16.658243], [107.303399, 16.659039], [107.303613, 16.660349], [107.302785, 16.659332], [107.303478, 16.658243]]]}}, {"type": "Feature", "properties": {"TENSONG": null}, "geometry": {"type": "Polygon", "coordinates": [[[107.291591, 16.691986], [107.292035, 16.69118], [107.291007, 16.692033], [107.288935, 16.691698], [107.28769, 16.691826], [107.286467, 16.694393], [107.284695, 16.694914], [107.282413, 16.696381], [107.279968, 16.696863], [107.279218, 16.697983], [107.280075, 16.69707], [107.282756, 16.696457], [107.286554, 16.69469], [107.28797, 16.691945], [107.290561, 16.692174], [107.291591, 16.691986]]]}}, {"type": "Feature", "properties": {"TENSONG": null}, "geometry": {"type": "Polygon", "coordinates": [[[107.326039, 16.701525], [107.327244, 16.699926], [107.327894, 16.697815], [107.327673, 16.695451], [107.326402, 16.695958], [107.325173, 16.695217], [107.320817, 16.695127], [107.32466, 16.695442], [107.326208, 16.696113], [107.327392, 16.695917], [107.327564, 16.697518], [107.326039, 16.701525]]]}}, {"type": "Feature", "properties": {"TENSONG": null}, "geometry": {"type": "Polygon", "coordinates": [[[107.354934, 16.698454], [107.35501, 16.70016], [107.353478, 16.7016], [107.354074, 16.704193], [107.353642, 16.70177], [107.355714, 16.700015], [107.355234, 16.699811], [107.354934, 16.698454]]]}}, {"type": "Feature", "properties": {"TENSONG": null}, "geometry": {"type": "Polygon", "coordinates": [[[107.289077, 16.665206], [107.286996, 16.666587], [107.287113, 16.665223], [107.286659, 16.6666], [107.286874, 16.666688], [107.287576, 16.666518], [107.289077, 16.665206]]]}}, {"type": "Feature", "properties": {"TENSONG": null}, "geometry": {"type": "Polygon", "coordinates": [[[107.291929, 16.665154], [107.289572, 16.665447], [107.290111, 16.665805], [107.291631, 16.665597], [107.289889, 16.668398], [107.292049, 16.665635], [107.291929, 16.665154]]]}}, {"type": "Feature", "properties": {"TENSONG": null}, "geometry": {"type": "Polygon", "coordinates": [[[107.292049, 16.664865], [107.293269, 16.663925], [107.293336, 16.663157], [107.294557, 16.661958], [107.294418, 16.661223], [107.293061, 16.660395], [107.29223, 16.660909], [107.290856, 16.663282], [107.289182, 16.664168], [107.289032, 16.664917], [107.289492, 16.664105], [107.290923, 16.663361], [107.292636, 16.660764], [107.293234, 16.660657], [107.294387, 16.661942], [107.293163, 16.663128], [107.293161, 16.663921], [107.292049, 16.664865]]]}}, {"type": "Feature", "properties": {"TENSONG": null}, "geometry": {"type": "Polygon", "coordinates": [[[107.304692, 16.716219], [107.303509, 16.716526], [107.302823, 16.717], [107.299027, 16.721549], [107.297843, 16.723835], [107.295806, 16.725263], [107.295221, 16.726135], [107.294782, 16.728014], [107.293846, 16.72811], [107.29271, 16.728945], [107.290689, 16.732166], [107.290902, 16.732883], [107.292755, 16.729187], [107.295201, 16.727833], [107.295928, 16.725346], [107.298128, 16.72372], [107.299157, 16.721581], [107.303125, 16.716876], [107.304692, 16.716219]]]}}, {"type": "Feature", "properties": {"TENSONG": null}, "geometry": {"type": "Polygon", "coordinates": [[[107.352089, 16.699412], [107.351227, 16.699715], [107.35027, 16.701319], [107.348555, 16.702851], [107.347422, 16.705309], [107.348763, 16.703006], [107.350643, 16.701673], [107.352089, 16.699412]]]}}, {"type": "Feature", "properties": {"TENSONG": null}, "geometry": {"type": "Polygon", "coordinates": [[[107.344024, 16.701501], [107.343538, 16.700895], [107.336937, 16.69927], [107.34326, 16.700999], [107.344024, 16.701501]]]}}, {"type": "Feature", "properties": {"TENSONG": null}, "geometry": {"type": "Polygon", "coordinates": [[[107.314449, 16.622403], [107.31537, 16.620636], [107.315717, 16.618084], [107.317271, 16.615825], [107.317001, 16.612479], [107.317424, 16.611288], [107.316928, 16.610547], [107.315757, 16.610309], [107.315417, 16.606504], [107.316103, 16.605733], [107.317111, 16.605804], [107.317443, 16.605542], [107.31752, 16.604828], [107.31699, 16.603759], [107.317134, 16.60336], [107.319475, 16.603569], [107.319219, 16.602009], [107.318828, 16.601698], [107.317685, 16.60156], [107.315582, 16.60044], [107.314187, 16.600022], [107.312616, 16.601127], [107.311295, 16.599208], [107.307307, 16.597886], [107.305663, 16.596389], [107.305167, 16.594733], [107.302894, 16.592822], [107.302301, 16.589853], [107.29944, 16.591472], [107.29702, 16.588434], [107.29561, 16.588057], [107.293444, 16.588645], [107.293052, 16.586898], [107.291635, 16.584911], [107.291149, 16.585069], [107.290206, 16.586088], [107.290186, 16.587436], [107.289398, 16.587427], [107.289027, 16.587147], [107.289545, 16.586068], [107.289241, 16.585393], [107.286815, 16.585889], [107.287069, 16.585203], [107.287, 16.584773], [107.286255, 16.584093], [107.287265, 16.58313], [107.287171, 16.582687], [107.286896, 16.582329], [107.28655, 16.582241], [107.285395, 16.583173], [107.284955, 16.582739], [107.284669, 16.582887], [107.284227, 16.583421], [107.284831, 16.58296], [107.285341, 16.583251], [107.285652, 16.583203], [107.286575, 16.582391], [107.286974, 16.58257], [107.287184, 16.583098], [107.286135, 16.583964], [107.286957, 16.585057], [107.286645, 16.586019], [107.289197, 16.585503], [107.289422, 16.586043], [107.288859, 16.587078], [107.289198, 16.587515], [107.290334, 16.587531], [107.29036, 16.58623], [107.291523, 16.585034], [107.292915, 16.587014], [107.293349, 16.588803], [107.295582, 16.588249], [107.296954, 16.588631], [107.299489, 16.591707], [107.302285, 16.590071], [107.30268, 16.592801], [107.303506, 16.593994], [107.304845, 16.594758], [107.305677, 16.596729], [107.307773, 16.598394], [107.311083, 16.599277], [107.312464, 16.601255], [107.314065, 16.600183], [107.317641, 16.601699], [107.319054, 16.602017], [107.319166, 16.603324], [107.317053, 16.603168], [107.316809, 16.60359], [107.317256, 16.605525], [107.315985, 16.605582], [107.31516, 16.606698], [107.315472, 16.61039], [107.316833, 16.610776], [107.317123, 16.6114], [107.31669, 16.612543], [107.316838, 16.616244], [107.315482, 16.617904], [107.315026, 16.62076], [107.313592, 16.622625], [107.314449, 16.622403]]]}}, {"type": "Feature", "properties": {"TENSONG": null}, "geometry": {"type": "Polygon", "coordinates": [[[107.308574, 16.605256], [107.309175, 16.604941], [107.309113, 16.60454], [107.30989, 16.604453], [107.310287, 16.60402], [107.311279, 16.604277], [107.311234, 16.603163], [107.310866, 16.603857], [107.310232, 16.603953], [107.309829, 16.604374], [107.308963, 16.604516], [107.308508, 16.605158], [107.30836, 16.604665], [107.307235, 16.6039], [107.306913, 16.603932], [107.306911, 16.604282], [107.306033, 16.603593], [107.30501, 16.604381], [107.30438, 16.603901], [107.304525, 16.603608], [107.304466, 16.603428], [107.304277, 16.603441], [107.303961, 16.603848], [107.30386, 16.603421], [107.302826, 16.602779], [107.302274, 16.603234], [107.302423, 16.603966], [107.302093, 16.603989], [107.301785, 16.603789], [107.301588, 16.602671], [107.301202, 16.602002], [107.300021, 16.603224], [107.300127, 16.60396], [107.299563, 16.604523], [107.299027, 16.6042], [107.298916, 16.603496], [107.29836, 16.602975], [107.298384, 16.602396], [107.296397, 16.6012], [107.296024, 16.601286], [107.295916, 16.602254], [107.29473, 16.602207], [107.294117, 16.601629], [107.293337, 16.601435], [107.292222, 16.601763], [107.29205, 16.601282], [107.291308, 16.601499], [107.29096, 16.600651], [107.290593, 16.600673], [107.291213, 16.601548], [107.292053, 16.601494], [107.292089, 16.602039], [107.293185, 16.601538], [107.293251, 16.601859], [107.294009, 16.601719], [107.294705, 16.602304], [107.295932, 16.602387], [107.296397, 16.601353], [107.29829, 16.60252], [107.298284, 16.603192], [107.298816, 16.603524], [107.298955, 16.604398], [107.299422, 16.604618], [107.300229, 16.604137], [107.30015, 16.603359], [107.301323, 16.602232], [107.301673, 16.603979], [107.302489, 16.604085], [107.302867, 16.602868], [107.303977, 16.60391], [107.30443, 16.603501], [107.304267, 16.603941], [107.304644, 16.604567], [107.306259, 16.603923], [107.307048, 16.604442], [107.307187, 16.603986], [107.308574, 16.605256]]]}}, {"type": "Feature", "properties": {"TENSONG": null}, "geometry": {"type": "Polygon", "coordinates": [[[107.068541, 17.004612], [107.067216, 17.003626], [107.066772, 17.002506], [107.0662, 16.997752], [107.066924, 16.99519], [107.069641, 16.994013], [107.074877, 16.993495], [107.076266, 16.992152], [107.076616, 16.989438], [107.074566, 16.98369], [107.076467, 16.981353], [107.079322, 16.981066], [107.082633, 16.98244], [107.082974, 16.981777], [107.079548, 16.980582], [107.077372, 16.980597], [107.075984, 16.981141], [107.074755, 16.98219], [107.07412, 16.983846], [107.076284, 16.989765], [107.076027, 16.991822], [107.074393, 16.993104], [107.069675, 16.993594], [107.067208, 16.99445], [107.066473, 16.995202], [107.065865, 16.997365], [107.066069, 17.002421], [107.067794, 17.004683], [107.068541, 17.004612]]]}}, {"type": "Feature", "properties": {"TENSONG": null}, "geometry": {"type": "Polygon", "coordinates": [[[107.073922, 17.005293], [107.072934, 17.006519], [107.073314, 17.011425], [107.072751, 17.012238], [107.070853, 17.012443], [107.071455, 17.013023], [107.073011, 17.012701], [107.073866, 17.01148], [107.074101, 17.010193], [107.073507, 17.007618], [107.073922, 17.005293]]]}}, {"type": "Feature", "properties": {"TENSONG": null}, "geometry": {"type": "Polygon", "coordinates": [[[107.02025, 17.019638], [107.019805, 17.019843], [107.019379, 17.022716], [107.021206, 17.023998], [107.021304, 17.0246], [107.021829, 17.024547], [107.021654, 17.024032], [107.019968, 17.022997], [107.019789, 17.022009], [107.020511, 17.021237], [107.020106, 17.021035], [107.02025, 17.019638]]]}}, {"type": "Feature", "properties": {"TENSONG": null}, "geometry": {"type": "Polygon", "coordinates": [[[107.009227, 17.019268], [107.008629, 17.01899], [107.009011, 17.021088], [107.011748, 17.025599], [107.010992, 17.023449], [107.010443, 17.023239], [107.009663, 17.021694], [107.009227, 17.019268]]]}}, {"type": "Feature", "properties": {"TENSONG": null}, "geometry": {"type": "Polygon", "coordinates": [[[107.019906, 17.053178], [107.01859, 17.052884], [107.017377, 17.051942], [107.016595, 17.052315], [107.017144, 17.052827], [107.017653, 17.052373], [107.018573, 17.053204], [107.019906, 17.053178]]]}}, {"type": "Feature", "properties": {"TENSONG": null}, "geometry": {"type": "Polygon", "coordinates": [[[107.014791, 17.057598], [107.013388, 17.056222], [107.010644, 17.055264], [107.011811, 17.056094], [107.012955, 17.05615], [107.014368, 17.057733], [107.014791, 17.057598]]]}}, {"type": "Feature", "properties": {"TENSONG": null}, "geometry": {"type": "Polygon", "coordinates": [[[107.015467, 17.057583], [107.015011, 17.05779], [107.015037, 17.058984], [107.013752, 17.059484], [107.014867, 17.059344], [107.015339, 17.058747], [107.015467, 17.057583]]]}}, {"type": "Feature", "properties": {"TENSONG": null}, "geometry": {"type": "Polygon", "coordinates": [[[107.068429, 17.010307], [107.070363, 17.009001], [107.07119, 17.009744], [107.071423, 17.009374], [107.070364, 17.008647], [107.067926, 17.009733], [107.068324, 17.01138], [107.069698, 17.012091], [107.06992, 17.011737], [107.068429, 17.010307]]]}}, {"type": "Feature", "properties": {"TENSONG": null}, "geometry": {"type": "Polygon", "coordinates": [[[106.827927, 16.971461], [106.828529, 16.970488], [106.828643, 16.969623], [106.825109, 16.969056], [106.8239, 16.96954], [106.822246, 16.968583], [106.819072, 16.967872], [106.819019, 16.967349], [106.819965, 16.966973], [106.820944, 16.964583], [106.820381, 16.962898], [106.820668, 16.962183], [106.820633, 16.961643], [106.820422, 16.961429], [106.819319, 16.961503], [106.818073, 16.96013], [106.817558, 16.959893], [106.816991, 16.960514], [106.815214, 16.95971], [106.813481, 16.959374], [106.81296, 16.9594], [106.812347, 16.959665], [106.810624, 16.961062], [106.809998, 16.961036], [106.810574, 16.960137], [106.810275, 16.959733], [106.809525, 16.959892], [106.809187, 16.95922], [106.808555, 16.958853], [106.808596, 16.95852], [106.809664, 16.957909], [106.80973, 16.957605], [106.808917, 16.957027], [106.808892, 16.95552], [106.808195, 16.954693], [106.809232, 16.954408], [106.809385, 16.953812], [106.807818, 16.952272], [106.807164, 16.952068], [106.806106, 16.953182], [106.805319, 16.952718], [106.804866, 16.951449], [106.803803, 16.950604], [106.802234, 16.951489], [106.798364, 16.950324], [106.796638, 16.950136], [106.796309, 16.950478], [106.797103, 16.951296], [106.796208, 16.952346], [106.796225, 16.951426], [106.795618, 16.950883], [106.794886, 16.950844], [106.79454, 16.94942], [106.793754, 16.949776], [106.792828, 16.947991], [106.791438, 16.947508], [106.791296, 16.946749], [106.790087, 16.946509], [106.790656, 16.945987], [106.790228, 16.945159], [106.790455, 16.946003], [106.789876, 16.946511], [106.791089, 16.946851], [106.791283, 16.947615], [106.792688, 16.94815], [106.793628, 16.949879], [106.794517, 16.949602], [106.794769, 16.95098], [106.796075, 16.9514], [106.796111, 16.952429], [106.796424, 16.952352], [106.79721, 16.951392], [106.796616, 16.950275], [106.802379, 16.95166], [106.803929, 16.950818], [106.804793, 16.951599], [106.805203, 16.952812], [106.805909, 16.953316], [106.806627, 16.953083], [106.807159, 16.952247], [106.807638, 16.952321], [106.809267, 16.953854], [106.807962, 16.954835], [106.808812, 16.955832], [106.808809, 16.957169], [106.809589, 16.957741], [106.808516, 16.958387], [106.808376, 16.95889], [106.809283, 16.960068], [106.810113, 16.959823], [106.810459, 16.960149], [106.809939, 16.961118], [106.810663, 16.961141], [106.813326, 16.959486], [106.816918, 16.960627], [106.81762, 16.960019], [106.819167, 16.961535], [106.820423, 16.961568], [106.820283, 16.9629], [106.820803, 16.964723], [106.819824, 16.966815], [106.818718, 16.967431], [106.818838, 16.967833], [106.822188, 16.96873], [106.823825, 16.969645], [106.825242, 16.969256], [106.826643, 16.970035], [106.828376, 16.969686], [106.827727, 16.971738], [106.828082, 16.972299], [106.82909, 16.973248], [106.827927, 16.971461]]]}}, {"type": "Feature", "properties": {"TENSONG": null}, "geometry": {"type": "Polygon", "coordinates": [[[106.829107, 16.972934], [106.82785, 16.971532], [106.827843, 16.971673], [106.828105, 16.972187], [106.82909, 16.973248], [106.830342, 16.973624], [106.831211, 16.973377], [106.831793, 16.972461], [106.831243, 16.969551], [106.832007, 16.969439], [106.832871, 16.970144], [106.833577, 16.969263], [106.835436, 16.968786], [106.836874, 16.966516], [106.837801, 16.964079], [106.839241, 16.964383], [106.839646, 16.964228], [106.838972, 16.963512], [106.839589, 16.963006], [106.839197, 16.961758], [106.836317, 16.960245], [106.837246, 16.95965], [106.837427, 16.958965], [106.83706, 16.958486], [106.836402, 16.958267], [106.835793, 16.958468], [106.835926, 16.957397], [106.834778, 16.957369], [106.835045, 16.956711], [106.834931, 16.956157], [106.833655, 16.955265], [106.833196, 16.953687], [106.833527, 16.955352], [106.834809, 16.956279], [106.834607, 16.957406], [106.83573, 16.957475], [106.835689, 16.95857], [106.836303, 16.958363], [106.837263, 16.958962], [106.83619, 16.960298], [106.839083, 16.961856], [106.839477, 16.962914], [106.838673, 16.963486], [106.839386, 16.964101], [106.837734, 16.96394], [106.835245, 16.968688], [106.833982, 16.968912], [106.832416, 16.969694], [106.831872, 16.969194], [106.831102, 16.969363], [106.831578, 16.972207], [106.831004, 16.973192], [106.829107, 16.972934]]]}}, {"type": "Feature", "properties": {"TENSONG": null}, "geometry": {"type": "Polygon", "coordinates": [[[106.818917, 16.967321], [106.816255, 16.966312], [106.814881, 16.967065], [106.813635, 16.967139], [106.814087, 16.966057], [106.813874, 16.965853], [106.813734, 16.965818], [106.813493, 16.965835], [106.813975, 16.966058], [106.81352, 16.966802], [106.813514, 16.967128], [106.813695, 16.967293], [106.814901, 16.96716], [106.816231, 16.966441], [106.818917, 16.967321]]]}}, {"type": "Feature", "properties": {"TENSONG": null}, "geometry": {"type": "Polygon", "coordinates": [[[106.997657, 16.965785], [106.996309, 16.965117], [106.996135, 16.963923], [106.995135, 16.963951], [106.994767, 16.963154], [106.992883, 16.963513], [106.994467, 16.963557], [106.995313, 16.96435], [106.996038, 16.964128], [106.995796, 16.965349], [106.997496, 16.96639], [106.997657, 16.965785]]]}}, {"type": "Feature", "properties": {"TENSONG": null}, "geometry": {"type": "Polygon", "coordinates": [[[106.998349, 16.966041], [106.998729, 16.965494], [106.998013, 16.965955], [106.998349, 16.966041]]]}}, {"type": "Feature", "properties": {"TENSONG": null}, "geometry": {"type": "Polygon", "coordinates": [[[106.887147, 16.685468], [106.88649, 16.68338], [106.886687, 16.684848], [106.887108, 16.685707], [106.887904, 16.686331], [106.887441, 16.687196], [106.887443, 16.687772], [106.888079, 16.6879], [106.888845, 16.687137], [106.889019, 16.688221], [106.889835, 16.689844], [106.88833, 16.691023], [106.886954, 16.69018], [106.886732, 16.689489], [106.885843, 16.689285], [106.885471, 16.69002], [106.885662, 16.691378], [106.884267, 16.691295], [106.883248, 16.692353], [106.881714, 16.693019], [106.880267, 16.695689], [106.879351, 16.695389], [106.876374, 16.698574], [106.874829, 16.698662], [106.873424, 16.699223], [106.873184, 16.699865], [106.873667, 16.700598], [106.87238, 16.702748], [106.871098, 16.7028], [106.869938, 16.70449], [106.868201, 16.704587], [106.86755, 16.705957], [106.868305, 16.704759], [106.870059, 16.704694], [106.871324, 16.702946], [106.872606, 16.702885], [106.873954, 16.700464], [106.873378, 16.699748], [106.87362, 16.699312], [106.876317, 16.698861], [106.879397, 16.695616], [106.880166, 16.695815], [106.880447, 16.695663], [106.881922, 16.693062], [106.883355, 16.692469], [106.884232, 16.691461], [106.885901, 16.691428], [106.885915, 16.689413], [106.886914, 16.690337], [106.888446, 16.691179], [106.890017, 16.689879], [106.889004, 16.687061], [106.887594, 16.687646], [106.888129, 16.686295], [106.887147, 16.685468]]]}}, {"type": "Feature", "properties": {"TENSONG": null}, "geometry": {"type": "Polygon", "coordinates": [[[106.708847, 16.684181], [106.709482, 16.684185], [106.710957, 16.682499], [106.711995, 16.68025], [106.715812, 16.678707], [106.717994, 16.678787], [106.721672, 16.67609], [106.722596, 16.674009], [106.72491, 16.672521], [106.724788, 16.671299], [106.723519, 16.67103], [106.724408, 16.670246], [106.726369, 16.669445], [106.730577, 16.669184], [106.732244, 16.666307], [106.735443, 16.666143], [106.735552, 16.663584], [106.737273, 16.661003], [106.742744, 16.66025], [106.743094, 16.657863], [106.743553, 16.657539], [106.743191, 16.655032], [106.746523, 16.652225], [106.747126, 16.650707], [106.74718, 16.64884], [106.748913, 16.647464], [106.751303, 16.648434], [106.752149, 16.648261], [106.752743, 16.647524], [106.752514, 16.644203], [106.753376, 16.641351], [106.754951, 16.641093], [106.754733, 16.641645], [106.75573, 16.641618], [106.755895, 16.642319], [106.757673, 16.642581], [106.758647, 16.643305], [106.759726, 16.644735], [106.759027, 16.646438], [106.760138, 16.645609], [106.762315, 16.646331], [106.767732, 16.645437], [106.76853, 16.645902], [106.767975, 16.646905], [106.768266, 16.647548], [106.770398, 16.646113], [106.769958, 16.644742], [106.768273, 16.644201], [106.762573, 16.64494], [106.761525, 16.644232], [106.761036, 16.643162], [106.756937, 16.640531], [106.752944, 16.639905], [106.751917, 16.642331], [106.752055, 16.647527], [106.751381, 16.64797], [106.749502, 16.647049], [106.748659, 16.647264], [106.745762, 16.649804], [106.746421, 16.650175], [106.746558, 16.65114], [106.746092, 16.652254], [106.742823, 16.654605], [106.742528, 16.659895], [106.737586, 16.660612], [106.736636, 16.661122], [106.735369, 16.663209], [106.734619, 16.665959], [106.732192, 16.665973], [106.730347, 16.668897], [106.728737, 16.669271], [106.726216, 16.66891], [106.724395, 16.66984], [106.723246, 16.671045], [106.724438, 16.672607], [106.722305, 16.673526], [106.721465, 16.675843], [106.718047, 16.678476], [106.716012, 16.678343], [106.71197, 16.679889], [106.709897, 16.682916], [106.709156, 16.683221], [106.708405, 16.682877], [106.708597, 16.683939], [106.707457, 16.686143], [106.708847, 16.684181]]]}}, {"type": "Feature", "properties": {"TENSONG": null}, "geometry": {"type": "Polygon", "coordinates": [[[106.777269, 16.6941], [106.780926, 16.692724], [106.780087, 16.690959], [106.780412, 16.689464], [106.782726, 16.687727], [106.783744, 16.684431], [106.786281, 16.68226], [106.785963, 16.680331], [106.787016, 16.679715], [106.787849, 16.678512], [106.786951, 16.676476], [106.786947, 16.674261], [106.787384, 16.673612], [106.787342, 16.671592], [106.788557, 16.670377], [106.788253, 16.667239], [106.789016, 16.665125], [106.787594, 16.664259], [106.787584, 16.663781], [106.794732, 16.656264], [106.799043, 16.655096], [106.800411, 16.654283], [106.801044, 16.653511], [106.799664, 16.654507], [106.79454, 16.656121], [106.78728, 16.663783], [106.787459, 16.66442], [106.788817, 16.665324], [106.788044, 16.667365], [106.788362, 16.670378], [106.787171, 16.671484], [106.787143, 16.67363], [106.786698, 16.674379], [106.786694, 16.67654], [106.787583, 16.678522], [106.785768, 16.68017], [106.786093, 16.682125], [106.783484, 16.684239], [106.782577, 16.687363], [106.780169, 16.689358], [106.779879, 16.69114], [106.780659, 16.692625], [106.777145, 16.693751], [106.776683, 16.695209], [106.774308, 16.697359], [106.774354, 16.700283], [106.774821, 16.699288], [106.774542, 16.697434], [106.776695, 16.695659], [106.777269, 16.6941]]]}}, {"type": "Feature", "properties": {"TENSONG": null}, "geometry": {"type": "Polygon", "coordinates": [[[106.792784, 16.639464], [106.791482, 16.639188], [106.790663, 16.638052], [106.791147, 16.636826], [106.790903, 16.635841], [106.789189, 16.635784], [106.78819, 16.636185], [106.787563, 16.635865], [106.789317, 16.633555], [106.789174, 16.630508], [106.788358, 16.630369], [106.783778, 16.632865], [106.784969, 16.630646], [106.784675, 16.629472], [106.783228, 16.628528], [106.78245, 16.628899], [106.781556, 16.629979], [106.779883, 16.629829], [106.77836, 16.628116], [106.776855, 16.62474], [106.77741, 16.623945], [106.780495, 16.62256], [106.784376, 16.621749], [106.785877, 16.620665], [106.786416, 16.61955], [106.787566, 16.619383], [106.788272, 16.618814], [106.788759, 16.617228], [106.788711, 16.615651], [106.786613, 16.614524], [106.78776, 16.613234], [106.789144, 16.613437], [106.790376, 16.612636], [106.789345, 16.611175], [106.790039, 16.607503], [106.791256, 16.605837], [106.791863, 16.604126], [106.790959, 16.602462], [106.79089, 16.601547], [106.791398, 16.601021], [106.79106, 16.600643], [106.792425, 16.599157], [106.792899, 16.599071], [106.793209, 16.599696], [106.793935, 16.599167], [106.794461, 16.598194], [106.793897, 16.596957], [106.795087, 16.596094], [106.795183, 16.594389], [106.796049, 16.593546], [106.797918, 16.593035], [106.798047, 16.592636], [106.796217, 16.593232], [106.795304, 16.593927], [106.794761, 16.595123], [106.794862, 16.596084], [106.793568, 16.596987], [106.794189, 16.598367], [106.793443, 16.599318], [106.792964, 16.598847], [106.79229, 16.599041], [106.790826, 16.600644], [106.790682, 16.602165], [106.791626, 16.60413], [106.791032, 16.605857], [106.789931, 16.60721], [106.789157, 16.611015], [106.790142, 16.612604], [106.78935, 16.613119], [106.787523, 16.613063], [106.786416, 16.614537], [106.788541, 16.615956], [106.788082, 16.618758], [106.786319, 16.619381], [106.785787, 16.620457], [106.784435, 16.6215], [106.780385, 16.622228], [106.777292, 16.623773], [106.776611, 16.624657], [106.778195, 16.628437], [106.779998, 16.63029], [106.782021, 16.630106], [106.78312, 16.628763], [106.784293, 16.629628], [106.784619, 16.630529], [106.783456, 16.632246], [106.783601, 16.633099], [106.788904, 16.630653], [106.788969, 16.63354], [106.78725, 16.636], [106.788258, 16.636379], [106.790545, 16.63609], [106.79082, 16.637002], [106.790343, 16.637687], [106.790997, 16.638986], [106.792397, 16.639809], [106.792784, 16.639464]]]}}, {"type": "Feature", "properties": {"TENSONG": null}, "geometry": {"type": "Polygon", "coordinates": [[[106.78933, 16.630732], [106.789357, 16.631333], [106.79027, 16.632359], [106.791355, 16.632402], [106.791535, 16.631984], [106.790955, 16.630416], [106.792216, 16.630848], [106.792594, 16.630797], [106.793567, 16.628703], [106.796252, 16.629493], [106.796622, 16.629238], [106.796996, 16.628094], [106.798071, 16.628389], [106.79885, 16.628137], [106.798942, 16.627443], [106.7978, 16.626826], [106.798674, 16.626639], [106.799456, 16.625285], [106.798685, 16.626441], [106.797631, 16.626794], [106.79772, 16.627276], [106.798788, 16.627528], [106.798632, 16.628056], [106.796902, 16.627924], [106.796335, 16.629287], [106.793287, 16.628616], [106.792377, 16.630745], [106.790756, 16.630229], [106.791236, 16.63224], [106.790324, 16.632176], [106.78933, 16.630732]]]}}, {"type": "Feature", "properties": {"TENSONG": null}, "geometry": {"type": "Polygon", "coordinates": [[[106.804739, 16.637952], [106.805875, 16.638119], [106.806651, 16.637599], [106.80469, 16.637032], [106.80426, 16.638416], [106.804739, 16.637952]]]}}, {"type": "Feature", "properties": {"TENSONG": "Sông Thạch Hãn"}, "geometry": {"type": "Polygon", "coordinates": [[[107.18852, 16.904926], [107.189841, 16.904924], [107.191643, 16.902763], [107.191416, 16.902354], [107.189966, 16.900608], [107.186888, 16.898742], [107.186085, 16.897669], [107.179637, 16.892747], [107.177664, 16.890229], [107.169068, 16.887804], [107.164903, 16.884049], [107.16463, 16.884371], [107.166419, 16.885681], [107.167721, 16.88746], [107.166944, 16.887261], [107.164691, 16.88464], [107.160627, 16.881786], [107.160707, 16.880586], [107.159996, 16.881188], [107.155974, 16.878429], [107.154003, 16.873992], [107.154156, 16.871607], [107.152115, 16.869946], [107.151271, 16.867756], [107.151353, 16.867301], [107.152134, 16.867239], [107.147822, 16.864555], [107.142518, 16.863368], [107.135946, 16.859144], [107.135934, 16.859762], [107.137288, 16.860962], [107.137353, 16.861908], [107.134995, 16.861483], [107.1325, 16.859839], [107.131137, 16.857831], [107.130553, 16.854765], [107.128876, 16.851588], [107.127647, 16.846169], [107.128824, 16.840655], [107.130178, 16.837803], [107.129654, 16.837243], [107.12986, 16.8346], [107.130958, 16.832773], [107.131023, 16.831916], [107.129065, 16.834133], [107.129184, 16.831973], [107.131377, 16.828526], [107.133105, 16.827875], [107.137108, 16.823853], [107.140773, 16.822404], [107.141852, 16.821138], [107.143371, 16.813092], [107.145578, 16.80872], [107.14738, 16.80759], [107.15008, 16.807128], [107.156089, 16.809117], [107.159436, 16.809416], [107.161925, 16.808338], [107.163357, 16.806774], [107.164121, 16.804132], [107.164186, 16.798625], [107.16327, 16.796068], [107.161328, 16.792829], [107.158309, 16.789415], [107.158049, 16.788088], [107.158573, 16.787276], [107.164468, 16.782472], [107.169482, 16.775673], [107.170716, 16.774632], [107.173036, 16.774402], [107.176144, 16.776778], [107.179893, 16.777019], [107.183357, 16.775514], [107.185529, 16.773447], [107.18698, 16.769053], [107.186973, 16.7638], [107.185647, 16.758269], [107.185619, 16.757571], [107.186078, 16.757472], [107.18359, 16.749787], [107.183233, 16.749844], [107.181972, 16.742799], [107.181897, 16.733279], [107.17965, 16.730631], [107.174274, 16.728606], [107.170526, 16.725968], [107.169082, 16.721588], [107.168721, 16.715756], [107.165888, 16.711007], [107.165905, 16.709411], [107.164706, 16.70814], [107.158749, 16.705598], [107.15292, 16.704792], [107.149934, 16.703829], [107.149025, 16.701951], [107.146117, 16.699744], [107.14264, 16.699493], [107.140637, 16.70041], [107.13725, 16.700635], [107.134802, 16.698659], [107.134801, 16.69797], [107.133297, 16.696598], [107.13184, 16.695923], [107.12941, 16.693161], [107.11814, 16.687022], [107.117864, 16.684834], [107.119755, 16.681525], [107.120011, 16.675648], [107.118001, 16.669633], [107.112715, 16.662971], [107.109032, 16.662926], [107.105172, 16.665335], [107.103781, 16.66284], [107.103465, 16.65994], [107.102534, 16.659168], [107.101115, 16.658853], [107.097743, 16.660779], [107.094194, 16.663803], [107.09313, 16.663864], [107.091826, 16.661691], [107.091703, 16.659749], [107.089485, 16.654056], [107.086922, 16.653613], [107.083056, 16.655569], [107.081542, 16.654544], [107.079123, 16.65171], [107.070059, 16.65178], [107.068675, 16.650513], [107.067614, 16.648058], [107.068461, 16.647014], [107.071547, 16.646564], [107.071807, 16.645232], [107.071303, 16.643485], [107.070132, 16.642402], [107.063865, 16.642449], [107.0634, 16.642158], [107.063543, 16.641799], [107.063392, 16.641224], [107.063918, 16.640826], [107.063242, 16.640185], [107.06379, 16.6409], [107.063254, 16.641125], [107.063439, 16.641895], [107.062447, 16.641229], [107.062024, 16.640236], [107.062714, 16.638302], [107.060685, 16.63566], [107.059109, 16.635017], [107.05549, 16.635041], [107.054161, 16.634218], [107.04856, 16.635564], [107.035898, 16.640024], [107.03006, 16.641166], [107.026327, 16.64138], [107.021665, 16.639506], [107.017803, 16.639329], [107.016278, 16.63865], [107.014699, 16.63894], [107.01237, 16.640482], [107.000427, 16.64192], [106.999296, 16.642303], [106.99955, 16.642634], [106.996381, 16.645454], [106.995929, 16.645472], [106.996074, 16.645098], [106.994871, 16.645317], [106.995905, 16.644934], [106.995817, 16.644494], [106.984334, 16.649557], [106.980625, 16.650603], [106.972049, 16.650022], [106.968494, 16.651372], [106.967016, 16.651194], [106.965407, 16.652591], [106.962213, 16.653274], [106.960893, 16.653099], [106.960003, 16.65198], [106.950836, 16.652192], [106.947925, 16.654603], [106.947385, 16.656107], [106.944737, 16.65647], [106.935374, 16.659434], [106.931844, 16.661519], [106.926718, 16.666208], [106.923262, 16.663867], [106.918482, 16.664271], [106.91484, 16.66391], [106.911868, 16.664974], [106.903109, 16.670575], [106.899889, 16.673375], [106.89968, 16.674869], [106.901545, 16.676315], [106.900716, 16.678757], [106.896871, 16.68078], [106.894579, 16.681368], [106.893807, 16.681985], [106.894002, 16.683152], [106.890688, 16.683535], [106.889097, 16.683215], [106.889187, 16.683924], [106.887792, 16.683304], [106.886612, 16.681818], [106.880857, 16.681453], [106.879895, 16.682361], [106.875293, 16.683369], [106.873111, 16.68249], [106.869287, 16.677992], [106.862211, 16.673718], [106.861431, 16.67373], [106.860355, 16.672104], [106.859203, 16.671329], [106.854665, 16.66894], [106.841955, 16.664601], [106.840575, 16.663904], [106.839523, 16.662561], [106.833298, 16.661195], [106.831224, 16.661343], [106.829956, 16.662075], [106.827687, 16.662123], [106.823519, 16.659127], [106.817851, 16.656908], [106.816014, 16.656775], [106.81296, 16.655523], [106.812064, 16.656389], [106.809244, 16.656328], [106.805269, 16.655133], [106.80241, 16.652856], [106.80106, 16.652796], [106.799352, 16.651977], [106.797233, 16.652145], [106.796566, 16.651093], [106.796931, 16.649703], [106.798309, 16.645993], [106.800443, 16.642963], [106.800044, 16.642686], [106.795926, 16.649238], [106.795465, 16.651501], [106.796405, 16.652286], [106.795612, 16.653171], [106.796127, 16.653504], [106.796514, 16.653572], [106.796863, 16.652715], [106.800631, 16.653053], [106.805929, 16.655765], [106.805461, 16.656265], [106.811686, 16.657131], [106.813557, 16.656424], [106.815323, 16.657213], [106.819337, 16.657966], [106.825318, 16.661705], [106.828192, 16.662957], [106.832226, 16.662283], [106.835066, 16.662549], [106.834709, 16.662024], [106.835043, 16.661879], [106.837501, 16.662346], [106.841683, 16.665179], [106.852054, 16.668728], [106.857948, 16.671781], [106.862125, 16.674917], [106.867004, 16.677936], [106.868654, 16.678483], [106.87164, 16.682388], [106.872926, 16.683412], [106.87497, 16.684108], [106.883497, 16.6832], [106.881667, 16.683069], [106.882538, 16.682802], [106.882376, 16.682468], [106.880453, 16.68233], [106.880458, 16.681876], [106.881138, 16.681685], [106.880571, 16.682093], [106.883064, 16.682429], [106.883149, 16.682862], [106.88384, 16.682467], [106.883694, 16.683102], [106.884866, 16.682499], [106.884865, 16.683089], [106.886443, 16.683351], [106.887392, 16.684304], [106.88971, 16.684923], [106.890862, 16.684998], [106.894517, 16.683871], [106.896205, 16.682596], [106.896656, 16.681633], [106.896428, 16.681111], [106.897368, 16.681166], [106.897284, 16.68072], [106.899355, 16.680204], [106.898414, 16.68153], [106.899014, 16.681345], [106.901713, 16.679029], [106.902673, 16.676442], [106.903023, 16.672419], [106.902432, 16.672927], [106.901507, 16.675682], [106.899969, 16.674427], [106.900126, 16.67373], [106.902435, 16.671722], [106.909541, 16.668105], [106.909212, 16.667112], [106.910215, 16.666271], [106.91305, 16.664812], [106.913977, 16.665471], [106.913793, 16.664698], [106.915623, 16.664385], [106.918667, 16.665425], [106.924155, 16.664848], [106.924205, 16.66528], [106.926562, 16.666714], [106.934125, 16.66114], [106.936385, 16.659952], [106.948989, 16.656439], [106.949282, 16.655886], [106.948203, 16.655794], [106.94829, 16.654872], [106.950994, 16.652508], [106.95883, 16.653129], [106.960205, 16.654004], [106.96633, 16.653498], [106.967864, 16.652562], [106.965903, 16.652879], [106.966834, 16.651819], [106.969532, 16.651716], [106.969681, 16.652303], [106.970714, 16.651586], [106.972848, 16.651157], [106.979261, 16.651514], [106.979465, 16.651844], [106.978972, 16.652322], [106.996801, 16.646012], [106.998818, 16.644542], [107.002183, 16.643108], [107.010188, 16.6423], [107.013325, 16.641508], [107.015629, 16.639864], [107.020974, 16.641254], [107.024661, 16.642935], [107.032793, 16.642251], [107.036124, 16.641541], [107.054129, 16.635335], [107.055873, 16.636144], [107.058611, 16.635984], [107.06029, 16.636519], [107.061608, 16.638501], [107.061088, 16.640484], [107.06156, 16.641675], [107.063222, 16.643339], [107.066507, 16.643742], [107.068364, 16.643425], [107.070342, 16.644174], [107.070501, 16.645556], [107.067549, 16.64619], [107.066573, 16.647221], [107.066756, 16.649399], [107.067896, 16.651349], [107.069357, 16.652688], [107.078604, 16.652794], [107.081044, 16.65584], [107.08261, 16.656811], [107.087984, 16.654943], [107.089591, 16.657175], [107.091242, 16.663795], [107.092472, 16.665028], [107.094856, 16.664975], [107.098748, 16.661773], [107.101764, 16.660177], [107.102391, 16.661139], [107.103054, 16.665544], [107.104108, 16.666525], [107.105594, 16.666586], [107.107309, 16.665261], [107.109902, 16.664234], [107.11229, 16.664474], [107.116582, 16.670577], [107.118438, 16.675656], [107.117907, 16.681915], [107.11636, 16.685014], [107.116233, 16.686788], [107.117053, 16.68782], [107.11898, 16.689499], [107.126708, 16.694197], [107.126474, 16.69486], [107.12845, 16.695208], [107.135657, 16.701341], [107.139532, 16.702089], [107.144432, 16.701], [107.145874, 16.702039], [107.147076, 16.704295], [107.149766, 16.705725], [107.153531, 16.706137], [107.161081, 16.708068], [107.162554, 16.708736], [107.16479, 16.710883], [107.166693, 16.715964], [107.167523, 16.722898], [107.168816, 16.725876], [107.17116, 16.728615], [107.178553, 16.732431], [107.18001, 16.734865], [107.180351, 16.746195], [107.183509, 16.757525], [107.185448, 16.767625], [107.185409, 16.769756], [107.184585, 16.772096], [107.182496, 16.774334], [107.180507, 16.775208], [107.177274, 16.775198], [107.174619, 16.774019], [107.173077, 16.772644], [107.17079, 16.772526], [107.166365, 16.776983], [107.162575, 16.781736], [107.15824, 16.784506], [107.156693, 16.786234], [107.156026, 16.787571], [107.156135, 16.789294], [107.157326, 16.790725], [107.157692, 16.790754], [107.157388, 16.790388], [107.158069, 16.790563], [107.158061, 16.7911], [107.159162, 16.792133], [107.161978, 16.798695], [107.162289, 16.80146], [107.161371, 16.805496], [107.159596, 16.8074], [107.158135, 16.807666], [107.156719, 16.807501], [107.156987, 16.806858], [107.154718, 16.806762], [107.150219, 16.805254], [107.148032, 16.805398], [107.146306, 16.805738], [107.143036, 16.808273], [107.142279, 16.811526], [107.140568, 16.814472], [107.137528, 16.817839], [107.135966, 16.821166], [107.129004, 16.828106], [107.126855, 16.83215], [107.125762, 16.836236], [107.123279, 16.841912], [107.122538, 16.848133], [107.122855, 16.850505], [107.123563, 16.852039], [107.126585, 16.855146], [107.1269, 16.856036], [107.126527, 16.855282], [107.126586, 16.856709], [107.12691, 16.856201], [107.1295, 16.861483], [107.137587, 16.866115], [107.142197, 16.86738], [107.145419, 16.867134], [107.147552, 16.8689], [107.149778, 16.871416], [107.150887, 16.873991], [107.151152, 16.875484], [107.150838, 16.875813], [107.151824, 16.87781], [107.151204, 16.879155], [107.157529, 16.883487], [107.159401, 16.886113], [107.161781, 16.887148], [107.167417, 16.893117], [107.172423, 16.896114], [107.176486, 16.899668], [107.17781, 16.900059], [107.177849, 16.901263], [107.179998, 16.902982], [107.182024, 16.903032], [107.186099, 16.904817], [107.187335, 16.90358], [107.188572, 16.904309], [107.18852, 16.904926]], [[106.960744, 16.653708], [106.959689, 16.653604], [106.959156, 16.65297], [106.960271, 16.653008], [106.960744, 16.653708]], [[106.894515, 16.68293], [106.893988, 16.682232], [106.895943, 16.681325], [106.896004, 16.682192], [106.894515, 16.68293]]]}}, {"type": "Feature", "properties": {"TENSONG": null}, "geometry": {"type": "Polygon", "coordinates": [[[106.850702, 16.769794], [106.850754, 16.768673], [106.851344, 16.767904], [106.853157, 16.768337], [106.853823, 16.767697], [106.854088, 16.767118], [106.854608, 16.765364], [106.854623, 16.763869], [106.855114, 16.762483], [106.854868, 16.761026], [106.855734, 16.758668], [106.855882, 16.756765], [106.855608, 16.755798], [106.854685, 16.755815], [106.85557, 16.755906], [106.855803, 16.75678], [106.85555, 16.759032], [106.854723, 16.761016], [106.854955, 16.762205], [106.854468, 16.763529], [106.854441, 16.765616], [106.85326, 16.768163], [106.851933, 16.767555], [106.85074, 16.768219], [106.850404, 16.769382], [106.850702, 16.769794]]]}}, {"type": "Feature", "properties": {"TENSONG": null}, "geometry": {"type": "Polygon", "coordinates": [[[106.869122, 16.789008], [106.871409, 16.788539], [106.869179, 16.788771], [106.867069, 16.786186], [106.866126, 16.784165], [106.862663, 16.781801], [106.859179, 16.777576], [106.857443, 16.776253], [106.856177, 16.774074], [106.85595, 16.771934], [106.85472, 16.770728], [106.851961, 16.769711], [106.847882, 16.770433], [106.844836, 16.772638], [106.843038, 16.776601], [106.841173, 16.777418], [106.839048, 16.777149], [106.83698, 16.77506], [106.832071, 16.773282], [106.831875, 16.772144], [106.827269, 16.770116], [106.82569, 16.769937], [106.824951, 16.770236], [106.824042, 16.769667], [106.822827, 16.766213], [106.824433, 16.764731], [106.824604, 16.761854], [106.824284, 16.760999], [106.821342, 16.762622], [106.817957, 16.761493], [106.816391, 16.759144], [106.815812, 16.75723], [106.810803, 16.75268], [106.806213, 16.750578], [106.799914, 16.749025], [106.798892, 16.749427], [106.799901, 16.749203], [106.806936, 16.751026], [106.81026, 16.752551], [106.81516, 16.756748], [106.8164, 16.75956], [106.817876, 16.761621], [106.821152, 16.762802], [106.824184, 16.761267], [106.824235, 16.764703], [106.82263, 16.766181], [106.824034, 16.769837], [106.824846, 16.770424], [106.825649, 16.770064], [106.827242, 16.770349], [106.831164, 16.772214], [106.831739, 16.773494], [106.836893, 16.7753], [106.83891, 16.77726], [106.841156, 16.777626], [106.843094, 16.77695], [106.845209, 16.772537], [106.848754, 16.770412], [106.851922, 16.769881], [106.854417, 16.770797], [106.85565, 16.77197], [106.85597, 16.774603], [106.857745, 16.777504], [106.861729, 16.781494], [106.865094, 16.783687], [106.869122, 16.789008]]]}}, {"type": "Feature", "properties": {"TENSONG": null}, "geometry": {"type": "Polygon", "coordinates": [[[106.770363, 16.780606], [106.767466, 16.780758], [106.76658, 16.779224], [106.764611, 16.778921], [106.764327, 16.777865], [106.763021, 16.778798], [106.762262, 16.778059], [106.759681, 16.778832], [106.75865, 16.778402], [106.758213, 16.778688], [106.757372, 16.778397], [106.756442, 16.778699], [106.75571, 16.778175], [106.756354, 16.778837], [106.758257, 16.77882], [106.7587, 16.77857], [106.759748, 16.778981], [106.762034, 16.778248], [106.763001, 16.778952], [106.764278, 16.778074], [106.764377, 16.778997], [106.766493, 16.779487], [106.767261, 16.780806], [106.770062, 16.781159], [106.770363, 16.780606]]]}}, {"type": "Feature", "properties": {"TENSONG": null}, "geometry": {"type": "Polygon", "coordinates": [[[107.132425, 16.905602], [107.132082, 16.903662], [107.133598, 16.901251], [107.134928, 16.897724], [107.140369, 16.892853], [107.142346, 16.88845], [107.142249, 16.887048], [107.140747, 16.884647], [107.140375, 16.87841], [107.141045, 16.877739], [107.140153, 16.877196], [107.139699, 16.879872], [107.140344, 16.885211], [107.141939, 16.887695], [107.141464, 16.889812], [107.140796, 16.89163], [107.138865, 16.894068], [107.134547, 16.897537], [107.133275, 16.90104], [107.131607, 16.903474], [107.13208, 16.905391], [107.131052, 16.906025], [107.127715, 16.906053], [107.126641, 16.907395], [107.125516, 16.907743], [107.12399, 16.907678], [107.123236, 16.907135], [107.121561, 16.907788], [107.119858, 16.909792], [107.117476, 16.911409], [107.117868, 16.912856], [107.115662, 16.914833], [107.11457, 16.917712], [107.112441, 16.918973], [107.111991, 16.918392], [107.112309, 16.919036], [107.110459, 16.919844], [107.108837, 16.921393], [107.108564, 16.922777], [107.10923, 16.925185], [107.110796, 16.927103], [107.111965, 16.930323], [107.112977, 16.931308], [107.115329, 16.932329], [107.11499, 16.935127], [107.109864, 16.941352], [107.10933, 16.941673], [107.107969, 16.941191], [107.10551, 16.942068], [107.105023, 16.946655], [107.105652, 16.94888], [107.105004, 16.950656], [107.097401, 16.955726], [107.093707, 16.961141], [107.093086, 16.96182], [107.092649, 16.96134], [107.092176, 16.961754], [107.092554, 16.962393], [107.091303, 16.963367], [107.090232, 16.962614], [107.090685, 16.963609], [107.086342, 16.966852], [107.085343, 16.9687], [107.084433, 16.972025], [107.08477, 16.974567], [107.085432, 16.974855], [107.084988, 16.974852], [107.084727, 16.97744], [107.083625, 16.979207], [107.082633, 16.98244], [107.083781, 16.982576], [107.084547, 16.983315], [107.084238, 16.983502], [107.085481, 16.986461], [107.086309, 16.987401], [107.089326, 16.988322], [107.091113, 16.988196], [107.093448, 16.986916], [107.09563, 16.984592], [107.097587, 16.984149], [107.10101, 16.985251], [107.103192, 16.986943], [107.104353, 16.988585], [107.104764, 16.988365], [107.104891, 16.987021], [107.103156, 16.984832], [107.102444, 16.98489], [107.101753, 16.983847], [107.099298, 16.983118], [107.097505, 16.982867], [107.095575, 16.983303], [107.095437, 16.982943], [107.09539, 16.983297], [107.093467, 16.983677], [107.09254, 16.984607], [107.092947, 16.985226], [107.092593, 16.986183], [107.090699, 16.986949], [107.088498, 16.986349], [107.086512, 16.984697], [107.084674, 16.982061], [107.086101, 16.976476], [107.085882, 16.975214], [107.086371, 16.975165], [107.085402, 16.971563], [107.085831, 16.968748], [107.086664, 16.96724], [107.088661, 16.965418], [107.094521, 16.96215], [107.09396, 16.96163], [107.095493, 16.959377], [107.096555, 16.959382], [107.098195, 16.95616], [107.101278, 16.954356], [107.104018, 16.953415], [107.105872, 16.951282], [107.10672, 16.949112], [107.10624, 16.946428], [107.105826, 16.946387], [107.10639, 16.944244], [107.105674, 16.943862], [107.105697, 16.94334], [107.106275, 16.942218], [107.108287, 16.942139], [107.112207, 16.9438], [107.114035, 16.943693], [107.115075, 16.942465], [107.115626, 16.940876], [107.115218, 16.940819], [107.115003, 16.939875], [107.114479, 16.941576], [107.11369, 16.942394], [107.112804, 16.942564], [107.109743, 16.94179], [107.115082, 16.935608], [107.115743, 16.932641], [107.117141, 16.93468], [107.116666, 16.93614], [107.117489, 16.934672], [107.115916, 16.932331], [107.112501, 16.930662], [107.110951, 16.926546], [107.109546, 16.925129], [107.108951, 16.923737], [107.109236, 16.921221], [107.110556, 16.919981], [107.115227, 16.917943], [107.114946, 16.917756], [107.115989, 16.914906], [107.118117, 16.912996], [107.117757, 16.911691], [107.122491, 16.907668], [107.125326, 16.907994], [107.126921, 16.907639], [107.128142, 16.906292], [107.131279, 16.906353], [107.132425, 16.905602]]]}}, {"type": "Feature", "properties": {"TENSONG": null}, "geometry": {"type": "Polygon", "coordinates": [[[107.085162, 16.95891], [107.087269, 16.957914], [107.086499, 16.958135], [107.085647, 16.957486], [107.085014, 16.956441], [107.085312, 16.955102], [107.090215, 16.952233], [107.091171, 16.950541], [107.094013, 16.9492], [107.094454, 16.948159], [107.092245, 16.94508], [107.092352, 16.94455], [107.091459, 16.944642], [107.090931, 16.944132], [107.091455, 16.942425], [107.09141, 16.941941], [107.089033, 16.940711], [107.08792, 16.939467], [107.085569, 16.938001], [107.085861, 16.936255], [107.085364, 16.937562], [107.085537, 16.9383], [107.087409, 16.939306], [107.088882, 16.940859], [107.091286, 16.942096], [107.090667, 16.944217], [107.092883, 16.946476], [107.094038, 16.948719], [107.091194, 16.95013], [107.090059, 16.952015], [107.086743, 16.953354], [107.084426, 16.955191], [107.084748, 16.95726], [107.085683, 16.958549], [107.085162, 16.95891]]]}}, {"type": "Feature", "properties": {"TENSONG": null}, "geometry": {"type": "Polygon", "coordinates": [[[107.088848, 16.964756], [107.088233, 16.964202], [107.085293, 16.962655], [107.088312, 16.965036], [107.088848, 16.964756]]]}}, {"type": "Feature", "properties": {"TENSONG": null}, "geometry": {"type": "Polygon", "coordinates": [[[107.085034, 16.969561], [107.080398, 16.9668], [107.080122, 16.966796], [107.078992, 16.967605], [107.076001, 16.967314], [107.067386, 16.960229], [107.059585, 16.957096], [107.067427, 16.960503], [107.076088, 16.967596], [107.085034, 16.969561]], [[107.07885, 16.967872], [107.080337, 16.966947], [107.082176, 16.968495], [107.07885, 16.967872]]]}}, {"type": "Feature", "properties": {"TENSONG": null}, "geometry": {"type": "Polygon", "coordinates": [[[107.075984, 16.981141], [107.074872, 16.980241], [107.076414, 16.977462], [107.076399, 16.976255], [107.076097, 16.975908], [107.075505, 16.975934], [107.075871, 16.975114], [107.075317, 16.97552], [107.073675, 16.975125], [107.071609, 16.977002], [107.06928, 16.976715], [107.066606, 16.980574], [107.069275, 16.976983], [107.07204, 16.977279], [107.073591, 16.975524], [107.075283, 16.9758], [107.075221, 16.976299], [107.075904, 16.976077], [107.076257, 16.976493], [107.076001, 16.97781], [107.074627, 16.980084], [107.075758, 16.98143], [107.075984, 16.981141]]]}}, {"type": "Feature", "properties": {"TENSONG": null}, "geometry": {"type": "Polygon", "coordinates": [[[107.066009, 16.996248], [107.06512, 16.995923], [107.065743, 16.99538], [107.065764, 16.994508], [107.066663, 16.994925], [107.066847, 16.99471], [107.065595, 16.994268], [107.065418, 16.995567], [107.064265, 16.995814], [107.063827, 16.9955], [107.064922, 16.994797], [107.065033, 16.993964], [107.064545, 16.993412], [107.063991, 16.993245], [107.063562, 16.993291], [107.063488, 16.994029], [107.063925, 16.993302], [107.064846, 16.994285], [107.063633, 16.995332], [107.063735, 16.995692], [107.06312, 16.995666], [107.066009, 16.996248]]]}}, {"type": "Feature", "properties": {"TENSONG": null}, "geometry": {"type": "Polygon", "coordinates": [[[107.086249, 16.925239], [107.08513, 16.925357], [107.08408, 16.928111], [107.084141, 16.929186], [107.085649, 16.930912], [107.087527, 16.931543], [107.087795, 16.933306], [107.087798, 16.931614], [107.085937, 16.930912], [107.084785, 16.929694], [107.085299, 16.929461], [107.086249, 16.925239]]]}}, {"type": "Feature", "properties": {"TENSONG": null}, "geometry": {"type": "Polygon", "coordinates": [[[107.159401, 16.886113], [107.158941, 16.885484], [107.156719, 16.886057], [107.155822, 16.88578], [107.156763, 16.887192], [107.158184, 16.88606], [107.158555, 16.886516], [107.159401, 16.886113]]]}}, {"type": "Feature", "properties": {"TENSONG": null}, "geometry": {"type": "Polygon", "coordinates": [[[107.186918, 16.863011], [107.187827, 16.859371], [107.187564, 16.857506], [107.192154, 16.851683], [107.192662, 16.85045], [107.192711, 16.847874], [107.191332, 16.845268], [107.191787, 16.844477], [107.191472, 16.843561], [107.191439, 16.844768], [107.190425, 16.844777], [107.190319, 16.845144], [107.192098, 16.848221], [107.192373, 16.849666], [107.191682, 16.850933], [107.191721, 16.850112], [107.191166, 16.85071], [107.191583, 16.851343], [107.191331, 16.85178], [107.190476, 16.851547], [107.188692, 16.853634], [107.187354, 16.852424], [107.185713, 16.852666], [107.18743, 16.852606], [107.187141, 16.853562], [107.18831, 16.853938], [107.187184, 16.856083], [107.18652, 16.855835], [107.186055, 16.856591], [107.186679, 16.85745], [107.187043, 16.860528], [107.186659, 16.862484], [107.185669, 16.863827], [107.184445, 16.864249], [107.184103, 16.863996], [107.184736, 16.862887], [107.184381, 16.861206], [107.183317, 16.859651], [107.182427, 16.854221], [107.181784, 16.853205], [107.17927, 16.85172], [107.177897, 16.851785], [107.176688, 16.852697], [107.175926, 16.851695], [107.175412, 16.852304], [107.175238, 16.851622], [107.174758, 16.85154], [107.173533, 16.852234], [107.172193, 16.851106], [107.172837, 16.852281], [107.172653, 16.853375], [107.170511, 16.853111], [107.169524, 16.852355], [107.169437, 16.851672], [107.168662, 16.851444], [107.168499, 16.850127], [107.16754, 16.852216], [107.165595, 16.851422], [107.164451, 16.849894], [107.161402, 16.847367], [107.160718, 16.846159], [107.160261, 16.843803], [107.1607, 16.84133], [107.160003, 16.844226], [107.161068, 16.847366], [107.166111, 16.852073], [107.168722, 16.852351], [107.17005, 16.853929], [107.173907, 16.854708], [107.174491, 16.854516], [107.175218, 16.852827], [107.176755, 16.853291], [107.176912, 16.85378], [107.179645, 16.853103], [107.181257, 16.854121], [107.181756, 16.856708], [107.181135, 16.857262], [107.183164, 16.862639], [107.182579, 16.862932], [107.182358, 16.865356], [107.179519, 16.868321], [107.174242, 16.866938], [107.16642, 16.86677], [107.158209, 16.865004], [107.156212, 16.865224], [107.153925, 16.863894], [107.151732, 16.863427], [107.147534, 16.864472], [107.152134, 16.867239], [107.158893, 16.86734], [107.157184, 16.867673], [107.156517, 16.86888], [107.154438, 16.868577], [107.154429, 16.869911], [107.15668, 16.869203], [107.154156, 16.871607], [107.15816, 16.868412], [107.159698, 16.867787], [107.173682, 16.869929], [107.179253, 16.871534], [107.180225, 16.872861], [107.180395, 16.874633], [107.179475, 16.87754], [107.178347, 16.879363], [107.174839, 16.883728], [107.174404, 16.883732], [107.173974, 16.883056], [107.175082, 16.881144], [107.176281, 16.88033], [107.176923, 16.878369], [107.176167, 16.878288], [107.176144, 16.877829], [107.174818, 16.878003], [107.170949, 16.882445], [107.171946, 16.884283], [107.170724, 16.882873], [107.170441, 16.883596], [107.171713, 16.885133], [107.170201, 16.88417], [107.170009, 16.884627], [107.171336, 16.885533], [107.170851, 16.886619], [107.171599, 16.888571], [107.177664, 16.890229], [107.177151, 16.887994], [107.177444, 16.885868], [107.180547, 16.880619], [107.182223, 16.876609], [107.182307, 16.874221], [107.181601, 16.871878], [107.181896, 16.868688], [107.18399, 16.866503], [107.184264, 16.865423], [107.186918, 16.863011]], [[107.171215, 16.882506], [107.173013, 16.880795], [107.17503, 16.878149], [107.175068, 16.878823], [107.171649, 16.883327], [107.171215, 16.882506]], [[107.154833, 16.865834], [107.15305, 16.86569], [107.152802, 16.865486], [107.154094, 16.865277], [107.154833, 16.865834]]]}}, {"type": "Feature", "properties": {"TENSONG": null}, "geometry": {"type": "Polygon", "coordinates": [[[107.154293, 16.886107], [107.158771, 16.885253], [107.15873, 16.884949], [107.155773, 16.885302], [107.154099, 16.885989], [107.153228, 16.886887], [107.150667, 16.887446], [107.150613, 16.887866], [107.153537, 16.887193], [107.154293, 16.886107]]]}}, {"type": "Feature", "properties": {"TENSONG": null}, "geometry": {"type": "Polygon", "coordinates": [[[107.167542, 16.893193], [107.167157, 16.893542], [107.166306, 16.89528], [107.16477, 16.896647], [107.166345, 16.895423], [107.167542, 16.893193]]]}}, {"type": "Feature", "properties": {"TENSONG": null}, "geometry": {"type": "Polygon", "coordinates": [[[107.19071, 16.883701], [107.189365, 16.884354], [107.190231, 16.885491], [107.190677, 16.887344], [107.190373, 16.889412], [107.188911, 16.891113], [107.186873, 16.892056], [107.187098, 16.89265], [107.186299, 16.893151], [107.185169, 16.892974], [107.184732, 16.893509], [107.185095, 16.894017], [107.184584, 16.894496], [107.183579, 16.894325], [107.1835, 16.894761], [107.184694, 16.894963], [107.184423, 16.895578], [107.183201, 16.894721], [107.182616, 16.894871], [107.18498, 16.897071], [107.185956, 16.895168], [107.186566, 16.895075], [107.189998, 16.89174], [107.191214, 16.889346], [107.191481, 16.887895], [107.190926, 16.884408], [107.19071, 16.883701]]]}}, {"type": "Feature", "properties": {"TENSONG": null}, "geometry": {"type": "Polygon", "coordinates": [[[107.180248, 16.903017], [107.179674, 16.903084], [107.178319, 16.904227], [107.179272, 16.904072], [107.180248, 16.903017]]]}}, {"type": "Feature", "properties": {"TENSONG": null}, "geometry": {"type": "Polygon", "coordinates": [[[107.186504, 16.906122], [107.185867, 16.90474], [107.18586, 16.905383], [107.184331, 16.907206], [107.185014, 16.906975], [107.185902, 16.905569], [107.186355, 16.906119], [107.186183, 16.906723], [107.186504, 16.906122]]]}}, {"type": "Feature", "properties": {"TENSONG": null}, "geometry": {"type": "Polygon", "coordinates": [[[107.137594, 16.905657], [107.137824, 16.90659], [107.138603, 16.907371], [107.140505, 16.907614], [107.141568, 16.906658], [107.142109, 16.905661], [107.141585, 16.90525], [107.141407, 16.904151], [107.14218, 16.903394], [107.145416, 16.902199], [107.144999, 16.901969], [107.141756, 16.903041], [107.140989, 16.90437], [107.141606, 16.906204], [107.140351, 16.90729], [107.138701, 16.907109], [107.137594, 16.905657]]]}}, {"type": "Feature", "properties": {"TENSONG": null}, "geometry": {"type": "Polygon", "coordinates": [[[107.283302, 16.821122], [107.282822, 16.820906], [107.283061, 16.821584], [107.283302, 16.821122]]]}}, {"type": "Feature", "properties": {"TENSONG": null}, "geometry": {"type": "Polygon", "coordinates": [[[107.149285, 16.779698], [107.148192, 16.779595], [107.148604, 16.780683], [107.150652, 16.782289], [107.149894, 16.782644], [107.149998, 16.783076], [107.150825, 16.783337], [107.151596, 16.782865], [107.152016, 16.783799], [107.15159, 16.782701], [107.150866, 16.783208], [107.150073, 16.782958], [107.150864, 16.782154], [107.148385, 16.779881], [107.14924, 16.779847], [107.149635, 16.779524], [107.149879, 16.778944], [107.149805, 16.778585], [107.148883, 16.777757], [107.150301, 16.777454], [107.15124, 16.776421], [107.151175, 16.775815], [107.152585, 16.775097], [107.152763, 16.774743], [107.152448, 16.773932], [107.150448, 16.77258], [107.150704, 16.77147], [107.15012, 16.770428], [107.149542, 16.770155], [107.149475, 16.768448], [107.147389, 16.767091], [107.148907, 16.765801], [107.14909, 16.765275], [107.148017, 16.763979], [107.147658, 16.762034], [107.148545, 16.760764], [107.149947, 16.760163], [107.146848, 16.758872], [107.147065, 16.755733], [107.146578, 16.754795], [107.14528, 16.75457], [107.143478, 16.754793], [107.1425, 16.753241], [107.141865, 16.752882], [107.143034, 16.751293], [107.142934, 16.750856], [107.141142, 16.750911], [107.140514, 16.750506], [107.139031, 16.750227], [107.138753, 16.749392], [107.138258, 16.748795], [107.138516, 16.747258], [107.138304, 16.746472], [107.137395, 16.746655], [107.136642, 16.746033], [107.135398, 16.746573], [107.134859, 16.74614], [107.134444, 16.746327], [107.134245, 16.746752], [107.133907, 16.746399], [107.134147, 16.745941], [107.133929, 16.745568], [107.133132, 16.745374], [107.13288, 16.746399], [107.131423, 16.745293], [107.131138, 16.744215], [107.13149, 16.743428], [107.132601, 16.742776], [107.133964, 16.74094], [107.132269, 16.739918], [107.13103, 16.739906], [107.130528, 16.739386], [107.130126, 16.737566], [107.130285, 16.736623], [107.131187, 16.735791], [107.130973, 16.735373], [107.129117, 16.734655], [107.127305, 16.734487], [107.12654, 16.73518], [107.12515, 16.734974], [107.124883, 16.735321], [107.124801, 16.736408], [107.123461, 16.735794], [107.121789, 16.735457], [107.119005, 16.735437], [107.119351, 16.734795], [107.120806, 16.734399], [107.120711, 16.733707], [107.118973, 16.732448], [107.115718, 16.732132], [107.114467, 16.730373], [107.113575, 16.729571], [107.11289, 16.729661], [107.112587, 16.730019], [107.113112, 16.731471], [107.111191, 16.731389], [107.110671, 16.731587], [107.110122, 16.730569], [107.109418, 16.729856], [107.107168, 16.729549], [107.107093, 16.73017], [107.106557, 16.730234], [107.105287, 16.728234], [107.104788, 16.727912], [107.104485, 16.728141], [107.104225, 16.728906], [107.102429, 16.728364], [107.102532, 16.727316], [107.103223, 16.7265], [107.103344, 16.725626], [107.102499, 16.724896], [107.101393, 16.724949], [107.100765, 16.72439], [107.100863, 16.722555], [107.099722, 16.721428], [107.097779, 16.720616], [107.09651, 16.7209], [107.094342, 16.718615], [107.092315, 16.718275], [107.09194, 16.717602], [107.092708, 16.71673], [107.092501, 16.715375], [107.090525, 16.715195], [107.090586, 16.714405], [107.09178, 16.714033], [107.091752, 16.713796], [107.09135, 16.713338], [107.091038, 16.713247], [107.090617, 16.713508], [107.089857, 16.712576], [107.087676, 16.712227], [107.087251, 16.710749], [107.085992, 16.710284], [107.084516, 16.710482], [107.085399, 16.708421], [107.085262, 16.706818], [107.083565, 16.706059], [107.083852, 16.705101], [107.082865, 16.704233], [107.082105, 16.703886], [107.082118, 16.702589], [107.081586, 16.702559], [107.079841, 16.703421], [107.079213, 16.703209], [107.07901, 16.702386], [107.078342, 16.702405], [107.076095, 16.703989], [107.07568, 16.703633], [107.075397, 16.702784], [107.074939, 16.702288], [107.074302, 16.701914], [107.073149, 16.701883], [107.072359, 16.702316], [107.072172, 16.702922], [107.072367, 16.70368], [107.070243, 16.703398], [107.069678, 16.702915], [107.067533, 16.703398], [107.067451, 16.702904], [107.065681, 16.70185], [107.066565, 16.700637], [107.066078, 16.699989], [107.062916, 16.698596], [107.061997, 16.697619], [107.063636, 16.696995], [107.063483, 16.696565], [107.062389, 16.696245], [107.063169, 16.693733], [107.06291, 16.693467], [107.061557, 16.693346], [107.061743, 16.691928], [107.059209, 16.690993], [107.058835, 16.691232], [107.058485, 16.692201], [107.058011, 16.692194], [107.057012, 16.690964], [107.056215, 16.691246], [107.055117, 16.69041], [107.055312, 16.689951], [107.056136, 16.690108], [107.056648, 16.689953], [107.0569, 16.688814], [107.058379, 16.687984], [107.057915, 16.687123], [107.058781, 16.686526], [107.058945, 16.686199], [107.05875, 16.685885], [107.057575, 16.685228], [107.057888, 16.684597], [107.057646, 16.683903], [107.055091, 16.682812], [107.053982, 16.682882], [107.053499, 16.682414], [107.053081, 16.682284], [107.052597, 16.682479], [107.052043, 16.683224], [107.052298, 16.683554], [107.05353, 16.683693], [107.050366, 16.685461], [107.050021, 16.685407], [107.050308, 16.684631], [107.050233, 16.684069], [107.049912, 16.68409], [107.049364, 16.684763], [107.048549, 16.683881], [107.048159, 16.683981], [107.047126, 16.685303], [107.048512, 16.683996], [107.049316, 16.684878], [107.050108, 16.684172], [107.049994, 16.68561], [107.051184, 16.685189], [107.053658, 16.683769], [107.053624, 16.683501], [107.052169, 16.683249], [107.053035, 16.682383], [107.05398, 16.683016], [107.055052, 16.68291], [107.057448, 16.684007], [107.057462, 16.685427], [107.05878, 16.686073], [107.057726, 16.687167], [107.058245, 16.687882], [107.056765, 16.688707], [107.05651, 16.689846], [107.055278, 16.689808], [107.054954, 16.690478], [107.056136, 16.69137], [107.057006, 16.691161], [107.057458, 16.69215], [107.058413, 16.692413], [107.059083, 16.691185], [107.061583, 16.691986], [107.061462, 16.693506], [107.063016, 16.693768], [107.062229, 16.696253], [107.063486, 16.696879], [107.06203, 16.697203], [107.061974, 16.69782], [107.06273, 16.69864], [107.066313, 16.700421], [107.065456, 16.701712], [107.067396, 16.703032], [107.067289, 16.703383], [107.068068, 16.703514], [107.069638, 16.70303], [107.070358, 16.703577], [107.072327, 16.703804], [107.072613, 16.703619], [107.072639, 16.702169], [107.074256, 16.702023], [107.075253, 16.70274], [107.075539, 16.703672], [107.076212, 16.704118], [107.078604, 16.702468], [107.079177, 16.703389], [107.079771, 16.703526], [107.082017, 16.702682], [107.082013, 16.704007], [107.083752, 16.705184], [107.083445, 16.706176], [107.08506, 16.706909], [107.085246, 16.708347], [107.084331, 16.710631], [107.085994, 16.710392], [107.087235, 16.710944], [107.087578, 16.712379], [107.089777, 16.712708], [107.090551, 16.713637], [107.091326, 16.713433], [107.091677, 16.713971], [107.090426, 16.714282], [107.090406, 16.715328], [107.092406, 16.715521], [107.092547, 16.716675], [107.091753, 16.717679], [107.092369, 16.718484], [107.094256, 16.718725], [107.09628, 16.720925], [107.096543, 16.721007], [107.097755, 16.720744], [107.100777, 16.722692], [107.100469, 16.72382], [107.100792, 16.724592], [107.101373, 16.725057], [107.102333, 16.724996], [107.103223, 16.725652], [107.10313, 16.72643], [107.102401, 16.727065], [107.102355, 16.728447], [107.104331, 16.729015], [107.104921, 16.72815], [107.106562, 16.73033], [107.107177, 16.730255], [107.10725, 16.729669], [107.109438, 16.729979], [107.110643, 16.731713], [107.11324, 16.731532], [107.112772, 16.72996], [107.113668, 16.729762], [107.115708, 16.73229], [107.118917, 16.73255], [107.120514, 16.733694], [107.120693, 16.734345], [107.119247, 16.734746], [107.118671, 16.735286], [107.118925, 16.735563], [107.121531, 16.735499], [107.124892, 16.736572], [107.125132, 16.735129], [107.12645, 16.735335], [107.127133, 16.734651], [107.12811, 16.734618], [107.130968, 16.735661], [107.130121, 16.736581], [107.129978, 16.737107], [107.130394, 16.73966], [107.133712, 16.740956], [107.132114, 16.742958], [107.131629, 16.742873], [107.130951, 16.744074], [107.13137, 16.745482], [107.132891, 16.746551], [107.13325, 16.745457], [107.133934, 16.745725], [107.133748, 16.746286], [107.134234, 16.74685], [107.134777, 16.74629], [107.135493, 16.746716], [107.136657, 16.74623], [107.137469, 16.746829], [107.138198, 16.746592], [107.138109, 16.748787], [107.138904, 16.750302], [107.14114, 16.751039], [107.14272, 16.750946], [107.141599, 16.752815], [107.143374, 16.754908], [107.146296, 16.754803], [107.146901, 16.755676], [107.146759, 16.759053], [107.149716, 16.760141], [107.148412, 16.760678], [107.147572, 16.761956], [107.147849, 16.764016], [107.148901, 16.765411], [107.147205, 16.767073], [107.149312, 16.768547], [107.149438, 16.770337], [107.150578, 16.771584], [107.150283, 16.772618], [107.152118, 16.773922], [107.152525, 16.774752], [107.150981, 16.775815], [107.15106, 16.7764], [107.150319, 16.777204], [107.148662, 16.777678], [107.149752, 16.778864], [107.149285, 16.779698]]]}}, {"type": "Feature", "properties": {"TENSONG": "Sông Nhùng"}, "geometry": {"type": "Polygon", "coordinates": [[[107.225843, 16.763453], [107.22608, 16.762844], [107.222016, 16.76429], [107.22149, 16.763605], [107.221769, 16.760292], [107.220106, 16.76065], [107.21898, 16.759867], [107.216557, 16.75944], [107.214622, 16.760369], [107.209874, 16.758418], [107.209474, 16.75746], [107.209942, 16.756434], [107.210801, 16.756029], [107.210848, 16.755287], [107.212495, 16.75494], [107.2128, 16.753491], [107.214878, 16.752067], [107.2146, 16.750043], [107.215469, 16.748244], [107.218114, 16.747233], [107.220008, 16.748388], [107.222508, 16.748172], [107.223469, 16.746419], [107.224919, 16.746074], [107.226608, 16.744627], [107.225662, 16.743652], [107.225974, 16.741487], [107.228688, 16.739522], [107.224228, 16.734275], [107.224279, 16.733295], [107.225775, 16.731135], [107.225741, 16.730107], [107.22342, 16.729049], [107.221474, 16.729177], [107.222545, 16.726271], [107.221425, 16.724418], [107.222512, 16.721093], [107.222574, 16.719682], [107.224063, 16.719732], [107.227513, 16.717263], [107.229961, 16.716382], [107.228925, 16.715097], [107.230853, 16.713118], [107.230832, 16.711559], [107.231581, 16.709787], [107.231228, 16.709058], [107.229563, 16.708222], [107.230487, 16.705829], [107.231983, 16.70385], [107.231396, 16.701768], [107.229588, 16.701139], [107.229517, 16.700703], [107.23185, 16.699197], [107.232491, 16.69768], [107.233678, 16.697731], [107.234922, 16.696438], [107.237298, 16.697569], [107.237839, 16.69531], [107.239679, 16.696924], [107.240737, 16.697207], [107.243626, 16.695271], [107.243909, 16.693278], [107.244788, 16.69335], [107.24511, 16.694466], [107.243818, 16.696615], [107.244259, 16.697988], [107.243515, 16.699791], [107.241336, 16.700442], [107.24002, 16.701604], [107.237958, 16.701245], [107.236674, 16.702463], [107.236805, 16.703083], [107.238483, 16.704251], [107.239079, 16.707232], [107.238333, 16.70759], [107.237534, 16.706343], [107.236123, 16.706544], [107.235786, 16.705819], [107.235487, 16.705744], [107.235115, 16.706014], [107.235085, 16.706657], [107.234664, 16.706949], [107.233047, 16.706703], [107.232772, 16.70699], [107.234622, 16.707095], [107.235204, 16.706733], [107.235535, 16.705854], [107.236214, 16.706692], [107.237436, 16.70644], [107.237886, 16.707517], [107.238695, 16.707741], [107.239174, 16.707371], [107.239377, 16.706748], [107.238786, 16.704657], [107.238394, 16.703789], [107.236987, 16.702979], [107.236835, 16.702437], [107.238013, 16.701393], [107.239984, 16.701788], [107.241406, 16.700591], [107.243664, 16.699807], [107.244447, 16.697826], [107.244054, 16.696585], [107.245326, 16.694393], [107.245097, 16.693525], [107.244481, 16.693088], [107.243783, 16.693222], [107.243645, 16.694931], [107.242709, 16.695751], [107.24038, 16.694876], [107.23957, 16.69257], [107.237595, 16.691631], [107.237799, 16.688617], [107.235873, 16.688548], [107.234691, 16.687148], [107.232052, 16.685781], [107.232333, 16.68403], [107.231685, 16.681943], [107.226823, 16.6791], [107.226297, 16.678152], [107.226716, 16.676582], [107.226225, 16.675126], [107.223799, 16.672544], [107.221287, 16.670874], [107.218858, 16.667195], [107.215316, 16.667042], [107.213652, 16.668144], [107.210509, 16.671646], [107.20928, 16.671904], [107.20736, 16.670141], [107.206685, 16.668278], [107.205295, 16.666506], [107.20321, 16.665916], [107.204797, 16.664242], [107.204985, 16.662697], [107.204589, 16.661954], [107.203825, 16.66187], [107.202343, 16.662633], [107.201227, 16.662434], [107.200355, 16.661823], [107.201165, 16.660093], [107.200944, 16.659335], [107.199002, 16.659311], [107.197936, 16.657141], [107.195896, 16.65721], [107.195174, 16.65749], [107.193966, 16.656999], [107.194034, 16.656259], [107.194735, 16.656256], [107.195414, 16.655019], [107.193693, 16.653864], [107.193493, 16.65321], [107.193971, 16.652858], [107.195513, 16.653016], [107.196191, 16.651592], [107.196163, 16.65026], [107.195655, 16.649681], [107.195222, 16.649567], [107.194597, 16.650106], [107.19411, 16.649824], [107.194118, 16.648277], [107.196285, 16.645536], [107.19634, 16.644457], [107.194726, 16.644304], [107.193544, 16.645568], [107.190616, 16.641794], [107.189934, 16.642038], [107.18968, 16.643394], [107.187098, 16.642606], [107.186333, 16.643773], [107.185736, 16.643849], [107.184397, 16.641932], [107.182686, 16.640581], [107.180812, 16.640962], [107.180823, 16.639312], [107.180386, 16.638432], [107.178805, 16.637886], [107.177238, 16.637542], [107.176518, 16.636088], [107.175635, 16.635447], [107.173505, 16.635439], [107.172084, 16.634133], [107.172144, 16.632525], [107.168793, 16.632645], [107.16876, 16.631388], [107.167355, 16.630757], [107.16679, 16.629917], [107.167043, 16.627878], [107.166258, 16.627695], [107.164912, 16.628443], [107.164397, 16.628113], [107.164369, 16.624728], [107.16329, 16.623597], [107.164648, 16.622713], [107.165466, 16.620826], [107.165298, 16.61993], [107.16605, 16.617931], [107.167892, 16.61758], [107.168303, 16.617277], [107.166386, 16.61583], [107.165156, 16.615286], [107.165033, 16.614047], [107.164545, 16.612431], [107.163408, 16.612013], [107.163171, 16.610794], [107.16042, 16.609149], [107.161096, 16.608105], [107.160701, 16.607751], [107.1599, 16.607689], [107.159894, 16.606686], [107.159602, 16.605793], [107.159024, 16.605738], [107.157816, 16.606224], [107.156698, 16.606229], [107.155981, 16.606542], [107.15573, 16.605544], [107.155305, 16.605226], [107.154934, 16.605443], [107.154349, 16.606196], [107.153924, 16.606229], [107.153648, 16.605535], [107.152145, 16.60617], [107.15188, 16.602696], [107.151618, 16.602336], [107.150907, 16.601899], [107.149106, 16.601357], [107.146906, 16.599683], [107.145849, 16.599367], [107.145515, 16.59883], [107.146096, 16.59823], [107.145678, 16.59764], [107.144709, 16.598135], [107.144078, 16.59775], [107.142987, 16.598304], [107.141795, 16.598218], [107.140906, 16.59767], [107.139926, 16.597596], [107.139368, 16.596658], [107.138146, 16.596733], [107.13744, 16.596076], [107.137052, 16.595943], [107.136317, 16.596058], [107.135481, 16.595261], [107.134434, 16.595084], [107.133063, 16.593378], [107.134372, 16.592316], [107.134448, 16.591748], [107.134275, 16.591418], [107.133297, 16.590869], [107.13262, 16.59078], [107.132789, 16.590248], [107.132512, 16.589859], [107.130933, 16.589105], [107.130983, 16.588093], [107.130726, 16.587759], [107.129146, 16.58759], [107.128412, 16.586211], [107.12534, 16.584745], [107.124546, 16.5854], [107.124227, 16.58614], [107.123318, 16.58602], [107.124692, 16.586288], [107.124799, 16.585416], [107.125532, 16.584982], [107.128413, 16.586353], [107.129113, 16.587718], [107.130605, 16.58782], [107.130888, 16.589246], [107.132545, 16.590113], [107.132452, 16.591068], [107.133291, 16.590993], [107.134337, 16.591744], [107.132923, 16.59353], [107.134375, 16.595175], [107.13544, 16.595359], [107.136326, 16.596166], [107.137334, 16.596138], [107.13819, 16.597045], [107.139242, 16.59681], [107.139827, 16.597774], [107.141023, 16.59814], [107.142832, 16.598441], [107.144074, 16.597926], [107.144722, 16.598302], [107.145574, 16.597813], [107.145991, 16.5982], [107.145451, 16.598705], [107.145671, 16.599357], [107.148922, 16.601388], [107.151504, 16.602353], [107.152065, 16.606396], [107.153573, 16.605663], [107.153807, 16.606318], [107.154335, 16.606336], [107.155197, 16.605376], [107.156066, 16.606672], [107.159351, 16.60587], [107.159867, 16.607938], [107.160944, 16.608195], [107.160308, 16.609235], [107.162978, 16.610802], [107.163345, 16.612187], [107.164326, 16.612434], [107.165066, 16.615381], [107.167972, 16.617172], [107.165877, 16.617825], [107.164467, 16.622728], [107.163404, 16.623248], [107.163139, 16.623818], [107.164155, 16.624644], [107.164194, 16.628026], [107.164753, 16.628679], [107.16685, 16.6281], [107.166394, 16.628948], [107.166628, 16.630037], [107.167572, 16.631274], [107.168187, 16.631366], [107.167976, 16.632113], [107.168404, 16.632754], [107.169305, 16.633162], [107.171807, 16.632856], [107.171735, 16.63409], [107.173357, 16.635777], [107.17567, 16.635818], [107.177105, 16.637757], [107.180228, 16.638386], [107.18071, 16.639211], [107.180383, 16.639842], [107.180718, 16.641307], [107.182508, 16.64087], [107.185721, 16.644108], [107.186329, 16.644125], [107.187265, 16.643012], [107.18997, 16.644101], [107.190017, 16.642446], [107.190477, 16.642061], [107.193308, 16.645692], [107.194112, 16.64555], [107.194871, 16.644503], [107.196054, 16.644515], [107.196132, 16.645438], [107.194328, 16.647323], [107.193363, 16.649312], [107.194609, 16.650392], [107.195161, 16.650418], [107.195073, 16.649941], [107.195523, 16.649743], [107.195993, 16.650329], [107.196, 16.651597], [107.195302, 16.652596], [107.19345, 16.652464], [107.192753, 16.652849], [107.193381, 16.65414], [107.194789, 16.655253], [107.193809, 16.656443], [107.193816, 16.657015], [107.194213, 16.657575], [107.195115, 16.657701], [107.197165, 16.657434], [107.198193, 16.658172], [107.198646, 16.659886], [107.200384, 16.659614], [107.200636, 16.660108], [107.199914, 16.661887], [107.20106, 16.662792], [107.202591, 16.662913], [107.204419, 16.662098], [107.204478, 16.664317], [107.202587, 16.665812], [107.203281, 16.666419], [107.205153, 16.666787], [107.206911, 16.669877], [107.20937, 16.672402], [107.21032, 16.672249], [107.215206, 16.667368], [107.21876, 16.667384], [107.221342, 16.671313], [107.223775, 16.672788], [107.226063, 16.675356], [107.226529, 16.676655], [107.225973, 16.677761], [107.226332, 16.67895], [107.23155, 16.682275], [107.23202, 16.684], [107.231779, 16.685909], [107.234555, 16.687549], [107.235544, 16.688724], [107.237546, 16.688993], [107.237457, 16.691981], [107.239033, 16.692646], [107.240124, 16.695046], [107.242169, 16.695843], [107.240455, 16.697001], [107.237729, 16.694929], [107.237225, 16.697372], [107.235602, 16.696225], [107.234847, 16.6962], [107.233524, 16.697538], [107.232332, 16.697461], [107.23177, 16.698992], [107.229355, 16.700562], [107.229296, 16.701225], [107.231146, 16.701879], [107.231752, 16.703866], [107.23019, 16.705873], [107.229316, 16.708323], [107.231314, 16.709717], [107.230585, 16.71159], [107.230639, 16.71291], [107.228635, 16.715025], [107.229286, 16.716377], [107.227644, 16.716851], [107.223907, 16.719485], [107.222392, 16.719522], [107.221097, 16.72418], [107.222237, 16.72637], [107.221363, 16.727727], [107.221102, 16.7292], [107.22246, 16.729673], [107.223286, 16.729284], [107.225302, 16.730172], [107.225284, 16.73123], [107.224014, 16.73314], [107.224025, 16.734416], [107.226448, 16.737679], [107.228463, 16.739477], [107.226008, 16.74092], [107.225413, 16.74303], [107.225829, 16.744746], [107.224638, 16.746032], [107.223259, 16.746169], [107.222218, 16.748078], [107.219831, 16.74813], [107.218643, 16.746987], [107.217861, 16.746893], [107.214986, 16.748192], [107.214319, 16.74965], [107.214484, 16.752065], [107.21253, 16.753404], [107.212218, 16.754836], [107.210888, 16.754964], [107.20935, 16.756964], [107.209634, 16.758516], [107.214265, 16.760513], [107.21527, 16.760552], [107.216632, 16.759677], [107.220047, 16.760877], [107.221553, 16.760455], [107.22119, 16.763416], [107.221908, 16.764505], [107.225843, 16.763453]], [[107.196564, 16.657495], [107.195634, 16.657488], [107.196625, 16.657418], [107.196564, 16.657495]]]}}, {"type": "Feature", "properties": {"TENSONG": null}, "geometry": {"type": "Polygon", "coordinates": [[[107.209157, 16.76449], [107.20914, 16.762507], [107.20772, 16.761273], [107.206883, 16.759393], [107.204975, 16.758762], [107.203846, 16.759034], [107.202982, 16.75853], [107.20401, 16.756478], [107.205622, 16.755431], [107.206916, 16.752926], [107.207434, 16.752644], [107.207816, 16.753025], [107.208154, 16.753027], [107.209044, 16.7518], [107.209841, 16.752159], [107.211342, 16.751966], [107.211115, 16.753281], [107.21164, 16.754189], [107.210888, 16.754964], [107.21167, 16.754369], [107.211799, 16.754036], [107.21125, 16.753259], [107.211453, 16.751851], [107.210018, 16.752013], [107.209183, 16.751611], [107.208003, 16.752859], [107.207444, 16.752452], [107.20683, 16.752728], [107.205373, 16.755427], [107.204195, 16.756003], [107.20341, 16.756945], [107.202808, 16.75861], [107.203859, 16.759182], [107.204835, 16.758947], [107.206696, 16.759459], [107.207528, 16.761552], [107.208997, 16.762687], [107.209157, 16.76449]]]}}, {"type": "Feature", "properties": {"TENSONG": null}, "geometry": {"type": "Polygon", "coordinates": [[[107.18698, 16.769053], [107.186798, 16.769428], [107.189193, 16.768802], [107.190815, 16.768111], [107.192719, 16.766932], [107.194256, 16.766602], [107.1972, 16.763], [107.198559, 16.76249], [107.199297, 16.762867], [107.199667, 16.761773], [107.197389, 16.761745], [107.194509, 16.764127], [107.195017, 16.764263], [107.194983, 16.764983], [107.194268, 16.765837], [107.193174, 16.766283], [107.190047, 16.76625], [107.192431, 16.767037], [107.189263, 16.768641], [107.18698, 16.769053]]]}}, {"type": "Feature", "properties": {"TENSONG": null}, "geometry": {"type": "Polygon", "coordinates": [[[107.204242, 16.768228], [107.200833, 16.762201], [107.200475, 16.76301], [107.202204, 16.765939], [107.20057, 16.765213], [107.199748, 16.764297], [107.198818, 16.764515], [107.197918, 16.764025], [107.197222, 16.765089], [107.198819, 16.765772], [107.200465, 16.765557], [107.202028, 16.766365], [107.204364, 16.769474], [107.204242, 16.768228]]]}}, {"type": "Feature", "properties": {"TENSONG": null}, "geometry": {"type": "Polygon", "coordinates": [[[107.172074, 16.772578], [107.171596, 16.771854], [107.172351, 16.77121], [107.172493, 16.770553], [107.171323, 16.772044], [107.172074, 16.772578]]]}}, {"type": "Feature", "properties": {"TENSONG": null}, "geometry": {"type": "Polygon", "coordinates": [[[107.148431, 16.778569], [107.148627, 16.779397], [107.148655, 16.778839], [107.14798, 16.777945], [107.147763, 16.778923], [107.148431, 16.778569]]]}}, {"type": "Feature", "properties": {"TENSONG": null}, "geometry": {"type": "Polygon", "coordinates": [[[107.156135, 16.789294], [107.156056, 16.788272], [107.155175, 16.789265], [107.153144, 16.787739], [107.154497, 16.789514], [107.153732, 16.79097], [107.154774, 16.789433], [107.156161, 16.789669], [107.155787, 16.789416], [107.156135, 16.789294]]]}}, {"type": "Feature", "properties": {"TENSONG": null}, "geometry": {"type": "Polygon", "coordinates": [[[107.150392, 16.802895], [107.148935, 16.803832], [107.149723, 16.803589], [107.151085, 16.802748], [107.151984, 16.800559], [107.151002, 16.800085], [107.149722, 16.800498], [107.149753, 16.801162], [107.148865, 16.801815], [107.151039, 16.800563], [107.151702, 16.800971], [107.150392, 16.802895]]]}}, {"type": "Feature", "properties": {"TENSONG": null}, "geometry": {"type": "Polygon", "coordinates": [[[107.148325, 16.805517], [107.15099, 16.805087], [107.154165, 16.805349], [107.153899, 16.80462], [107.150975, 16.804621], [107.148325, 16.805517]]]}}, {"type": "Feature", "properties": {"TENSONG": null}, "geometry": {"type": "Polygon", "coordinates": [[[107.142207, 16.820447], [107.141983, 16.821752], [107.144719, 16.822003], [107.145174, 16.823123], [107.141347, 16.82356], [107.139449, 16.824274], [107.137132, 16.826348], [107.135079, 16.829544], [107.131023, 16.831916], [107.130958, 16.832773], [107.135674, 16.829701], [107.137556, 16.826591], [107.139693, 16.824699], [107.141539, 16.823967], [107.145544, 16.823454], [107.145813, 16.822464], [107.145358, 16.82175], [107.143135, 16.821501], [107.142207, 16.820447]]]}}, {"type": "Feature", "properties": {"TENSONG": null}, "geometry": {"type": "Polygon", "coordinates": [[[107.19059, 16.830004], [107.190921, 16.828961], [107.19044, 16.830116], [107.19071, 16.831301], [107.191494, 16.8317], [107.192568, 16.831858], [107.19479, 16.831456], [107.195873, 16.832965], [107.19757, 16.83326], [107.197135, 16.834546], [107.18903, 16.836348], [107.185812, 16.83878], [107.184891, 16.838621], [107.184307, 16.838971], [107.183612, 16.841088], [107.182275, 16.840129], [107.179937, 16.840096], [107.178791, 16.839384], [107.180902, 16.839726], [107.18131, 16.839638], [107.181262, 16.83903], [107.177499, 16.838707], [107.17697, 16.839551], [107.180277, 16.840529], [107.182035, 16.84043], [107.183635, 16.841334], [107.184332, 16.840809], [107.184593, 16.838987], [107.185898, 16.839096], [107.189052, 16.836746], [107.197642, 16.834781], [107.197663, 16.833039], [107.19598, 16.832881], [107.194849, 16.831329], [107.192582, 16.831736], [107.190917, 16.831323], [107.19059, 16.830004]]]}}, {"type": "Feature", "properties": {"TENSONG": null}, "geometry": {"type": "Polygon", "coordinates": [[[107.148624, 16.862291], [107.144993, 16.85542], [107.143901, 16.856284], [107.145695, 16.858072], [107.145192, 16.858624], [107.145805, 16.858644], [107.145787, 16.86009], [107.146826, 16.862099], [107.146756, 16.863125], [107.147668, 16.863438], [107.148143, 16.864177], [107.151609, 16.863414], [107.148624, 16.862291]]]}}, {"type": "Feature", "properties": {"TENSONG": null}, "geometry": {"type": "Polygon", "coordinates": [[[107.148818, 16.782402], [107.147988, 16.781642], [107.148827, 16.782656], [107.148268, 16.783404], [107.148912, 16.782798], [107.148818, 16.782402]]]}}, {"type": "Feature", "properties": {"TENSONG": null}, "geometry": {"type": "Polygon", "coordinates": [[[107.175437, 16.760297], [107.175046, 16.760178], [107.175308, 16.760644], [107.175437, 16.760297]]]}}, {"type": "Feature", "properties": {"TENSONG": null}, "geometry": {"type": "Polygon", "coordinates": [[[107.183342, 16.849522], [107.185274, 16.847444], [107.186831, 16.847264], [107.187739, 16.84851], [107.187812, 16.848022], [107.186717, 16.847009], [107.185428, 16.846977], [107.184393, 16.847588], [107.183659, 16.848963], [107.18243, 16.849366], [107.18198, 16.847793], [107.184047, 16.846058], [107.183558, 16.845897], [107.182034, 16.846912], [107.181511, 16.848149], [107.182066, 16.849543], [107.183342, 16.849522]]]}}, {"type": "Feature", "properties": {"TENSONG": null}, "geometry": {"type": "Polygon", "coordinates": [[[107.19699, 16.750005], [107.196596, 16.750043], [107.197742, 16.751912], [107.197853, 16.751457], [107.19699, 16.750005]]]}}, {"type": "Feature", "properties": {"TENSONG": null}, "geometry": {"type": "Polygon", "coordinates": [[[107.182825, 16.783011], [107.18349, 16.782711], [107.184277, 16.781872], [107.183906, 16.781716], [107.182825, 16.783011]]]}}, {"type": "Feature", "properties": {"TENSONG": null}, "geometry": {"type": "Polygon", "coordinates": [[[107.149874, 16.81076], [107.150591, 16.810972], [107.150929, 16.810404], [107.149595, 16.810241], [107.148294, 16.811026], [107.148643, 16.811337], [107.149874, 16.81076]]]}}, {"type": "Feature", "properties": {"TENSONG": null}, "geometry": {"type": "Polygon", "coordinates": [[[107.151963, 16.812814], [107.151461, 16.812561], [107.151283, 16.812872], [107.151963, 16.812814]]]}}, {"type": "Feature", "properties": {"TENSONG": null}, "geometry": {"type": "Polygon", "coordinates": [[[107.175307, 16.810599], [107.177098, 16.808893], [107.176816, 16.807918], [107.175752, 16.806844], [107.173357, 16.805756], [107.172924, 16.804988], [107.172571, 16.805372], [107.171648, 16.80477], [107.170945, 16.804889], [107.17089, 16.805724], [107.171841, 16.806871], [107.172082, 16.806424], [107.171149, 16.805404], [107.171689, 16.805023], [107.172374, 16.805914], [107.176334, 16.808019], [107.17659, 16.809204], [107.174546, 16.810146], [107.175307, 16.810599]]]}}, {"type": "Feature", "properties": {"TENSONG": null}, "geometry": {"type": "Polygon", "coordinates": [[[107.175647, 16.811356], [107.175681, 16.81083], [107.175644, 16.810591], [107.175257, 16.811286], [107.175647, 16.811356]]]}}, {"type": "Feature", "properties": {"TENSONG": null}, "geometry": {"type": "Polygon", "coordinates": [[[107.177284, 16.841751], [107.177302, 16.84236], [107.177567, 16.842174], [107.177284, 16.841751]]]}}, {"type": "Feature", "properties": {"TENSONG": null}, "geometry": {"type": "Polygon", "coordinates": [[[107.177302, 16.84236], [107.176763, 16.841567], [107.174819, 16.840393], [107.177391, 16.84302], [107.177942, 16.843083], [107.178508, 16.842231], [107.177326, 16.841175], [107.177844, 16.842011], [107.177302, 16.84236]]]}}, {"type": "Feature", "properties": {"TENSONG": null}, "geometry": {"type": "Polygon", "coordinates": [[[107.178584, 16.827962], [107.178384, 16.828756], [107.179193, 16.830224], [107.178845, 16.829366], [107.178584, 16.827962]]]}}, {"type": "Feature", "properties": {"TENSONG": null}, "geometry": {"type": "Polygon", "coordinates": [[[107.187827, 16.859371], [107.187307, 16.861019], [107.188094, 16.86143], [107.190434, 16.861713], [107.191189, 16.860989], [107.190506, 16.861473], [107.188488, 16.861273], [107.187823, 16.860402], [107.187827, 16.859371]]]}}, {"type": "Feature", "properties": {"TENSONG": null}, "geometry": {"type": "Polygon", "coordinates": [[[106.703012, 16.678637], [106.70441, 16.678549], [106.704643, 16.678133], [106.703062, 16.678363], [106.702246, 16.679289], [106.703012, 16.678637]]]}}, {"type": "Feature", "properties": {"TENSONG": null}, "geometry": {"type": "Polygon", "coordinates": [[[106.701183, 16.633878], [106.703575, 16.632824], [106.703573, 16.63245], [106.702194, 16.632808], [106.701164, 16.633456], [106.701183, 16.633878]]]}}, {"type": "Feature", "properties": {"TENSONG": null}, "geometry": {"type": "Polygon", "coordinates": [[[106.736633, 16.655905], [106.736346, 16.655585], [106.736219, 16.655777], [106.736633, 16.655905]]]}}, {"type": "Feature", "properties": {"TENSONG": null}, "geometry": {"type": "Polygon", "coordinates": [[[107.128647, 16.696504], [107.128994, 16.695713], [107.12868, 16.696351], [107.12869, 16.695719], [107.128244, 16.695612], [107.127679, 16.696388], [107.127651, 16.695641], [107.12689, 16.69568], [107.126469, 16.696923], [107.127915, 16.697978], [107.126839, 16.696247], [107.12739, 16.696162], [107.127824, 16.696767], [107.128174, 16.695907], [107.128647, 16.696504]]]}}, {"type": "Feature", "properties": {"TENSONG": null}, "geometry": {"type": "Polygon", "coordinates": [[[107.190259, 16.641239], [107.191104, 16.641967], [107.190326, 16.640871], [107.190175, 16.639452], [107.190573, 16.637254], [107.189274, 16.636452], [107.189778, 16.635547], [107.190642, 16.635419], [107.190592, 16.634248], [107.189792, 16.633202], [107.190092, 16.63226], [107.189869, 16.631686], [107.190936, 16.631089], [107.191045, 16.629923], [107.193376, 16.628924], [107.193654, 16.627747], [107.193166, 16.626539], [107.192328, 16.625917], [107.193086, 16.624705], [107.196824, 16.623531], [107.196163, 16.62223], [107.198874, 16.622029], [107.199446, 16.619818], [107.198895, 16.619305], [107.198151, 16.619177], [107.198628, 16.61873], [107.198678, 16.618332], [107.197806, 16.616809], [107.197782, 16.615662], [107.196976, 16.615095], [107.197088, 16.614501], [107.198192, 16.613736], [107.199243, 16.613899], [107.200894, 16.613287], [107.201213, 16.612497], [107.203592, 16.610822], [107.203338, 16.609866], [107.201937, 16.609977], [107.202197, 16.608894], [107.202087, 16.608354], [107.200906, 16.607908], [107.200805, 16.606898], [107.200363, 16.606567], [107.200072, 16.606839], [107.20067, 16.607051], [107.200719, 16.607952], [107.202027, 16.60855], [107.201758, 16.60998], [107.203232, 16.610114], [107.203453, 16.610774], [107.20219, 16.611412], [107.201044, 16.612506], [107.200891, 16.613172], [107.199197, 16.613768], [107.198505, 16.613496], [107.197068, 16.61429], [107.196828, 16.615242], [107.197666, 16.615757], [107.197642, 16.616757], [107.198556, 16.618303], [107.197697, 16.619307], [107.199271, 16.619909], [107.198717, 16.621737], [107.196078, 16.622148], [107.19583, 16.622554], [107.196519, 16.623529], [107.193103, 16.624393], [107.192157, 16.625851], [107.193463, 16.627615], [107.193189, 16.628925], [107.191227, 16.62958], [107.190795, 16.630012], [107.190672, 16.630977], [107.189432, 16.631651], [107.189885, 16.632305], [107.189662, 16.633387], [107.190498, 16.635253], [107.189243, 16.635408], [107.189131, 16.636398], [107.189373, 16.636986], [107.190364, 16.637361], [107.18991, 16.639555], [107.190259, 16.641239]]]}}, {"type": "Feature", "properties": {"TENSONG": null}, "geometry": {"type": "Polygon", "coordinates": [[[107.230942, 16.729122], [107.232794, 16.729126], [107.233532, 16.727072], [107.234296, 16.726101], [107.23541, 16.725778], [107.235475, 16.725263], [107.233582, 16.724583], [107.232988, 16.723729], [107.232639, 16.723557], [107.230411, 16.724659], [107.229528, 16.725481], [107.228709, 16.725388], [107.227797, 16.726129], [107.226485, 16.723315], [107.225962, 16.723044], [107.225139, 16.723323], [107.224888, 16.722819], [107.224861, 16.723321], [107.225336, 16.723372], [107.226144, 16.723201], [107.226578, 16.723587], [107.227076, 16.725483], [107.227875, 16.726274], [107.228719, 16.725557], [107.229606, 16.725696], [107.231873, 16.724019], [107.232881, 16.723781], [107.232696, 16.724471], [107.23418, 16.725626], [107.233161, 16.727061], [107.232379, 16.727098], [107.232905, 16.727476], [107.232008, 16.728234], [107.230078, 16.727409], [107.230902, 16.728519], [107.232217, 16.728398], [107.232375, 16.728806], [107.230942, 16.729122]]]}}, {"type": "Feature", "properties": {"TENSONG": null}, "geometry": {"type": "Polygon", "coordinates": [[[107.123598, 16.668785], [107.125182, 16.669651], [107.127325, 16.669197], [107.12747, 16.670678], [107.12807, 16.671031], [107.129149, 16.670361], [107.128974, 16.669262], [107.129673, 16.669212], [107.129728, 16.668821], [107.129035, 16.668824], [107.129382, 16.668406], [107.128986, 16.666562], [107.129885, 16.664423], [107.129338, 16.663768], [107.128403, 16.663982], [107.128497, 16.662169], [107.128052, 16.661576], [107.128669, 16.660466], [107.12795, 16.659692], [107.127084, 16.659769], [107.126804, 16.658163], [107.125831, 16.657396], [107.127318, 16.657619], [107.129631, 16.656979], [107.130733, 16.655862], [107.130621, 16.654562], [107.129183, 16.654337], [107.12921, 16.653615], [107.127379, 16.652094], [107.129788, 16.650659], [107.128562, 16.647874], [107.129732, 16.646915], [107.129923, 16.646181], [107.129474, 16.645921], [107.128073, 16.646344], [107.128531, 16.644856], [107.1273, 16.644389], [107.125833, 16.644352], [107.125516, 16.643495], [107.125246, 16.643282], [107.124596, 16.64364], [107.125204, 16.644692], [107.124435, 16.645486], [107.121073, 16.641736], [107.11958, 16.641435], [107.118332, 16.641727], [107.118417, 16.639926], [107.117965, 16.639995], [107.117223, 16.640457], [107.116735, 16.641184], [107.116274, 16.640217], [107.115377, 16.63947], [107.114547, 16.639216], [107.113336, 16.639587], [107.113501, 16.638798], [107.113179, 16.639767], [107.115145, 16.639529], [107.116576, 16.641361], [107.117997, 16.640102], [107.118244, 16.64183], [107.120819, 16.641745], [107.124388, 16.645632], [107.12534, 16.644683], [107.12477, 16.643775], [107.125215, 16.643404], [107.125874, 16.644533], [107.128353, 16.644847], [107.127769, 16.645936], [107.128004, 16.646511], [107.129293, 16.646056], [107.129744, 16.646324], [107.128346, 16.6479], [107.129624, 16.650618], [107.128263, 16.651086], [107.127126, 16.652266], [107.128897, 16.653628], [107.128928, 16.654383], [107.130538, 16.654732], [107.130521, 16.655676], [107.129563, 16.656745], [107.127211, 16.657365], [107.126012, 16.65696], [107.125429, 16.65727], [107.126632, 16.658416], [107.126824, 16.659923], [107.128147, 16.660216], [107.127702, 16.661542], [107.127988, 16.664319], [107.129529, 16.664562], [107.128497, 16.666395], [107.128113, 16.670197], [107.128155, 16.668592], [107.127803, 16.668252], [107.127092, 16.668489], [107.127054, 16.667355], [107.126764, 16.668809], [107.124134, 16.668568], [107.124947, 16.668548], [107.12457, 16.667621], [107.125469, 16.667465], [107.125233, 16.666842], [107.124392, 16.667093], [107.124053, 16.666016], [107.123351, 16.66603], [107.120979, 16.667234], [107.120241, 16.668678], [107.119695, 16.668498], [107.120083, 16.668947], [107.119529, 16.670626], [107.118502, 16.671495], [107.119382, 16.671378], [107.120596, 16.669282], [107.123248, 16.666696], [107.123598, 16.668785]]]}}, {"type": "Feature", "properties": {"TENSONG": null}, "geometry": {"type": "Polygon", "coordinates": [[[107.129002, 16.666644], [107.128999, 16.667277], [107.129645, 16.667106], [107.129946, 16.66766], [107.130657, 16.667348], [107.130825, 16.667951], [107.131467, 16.668112], [107.131785, 16.667822], [107.13117, 16.667232], [107.131818, 16.667167], [107.131825, 16.666642], [107.133122, 16.667306], [107.13351, 16.666703], [107.133944, 16.667208], [107.133792, 16.66642], [107.134645, 16.66632], [107.132239, 16.66631], [107.130652, 16.66686], [107.129002, 16.666644]]]}}, {"type": "Feature", "properties": {"TENSONG": null}, "geometry": {"type": "Polygon", "coordinates": [[[107.12792, 16.66399], [107.127397, 16.663278], [107.127242, 16.66272], [107.127301, 16.663329], [107.12792, 16.66399]]]}}, {"type": "Feature", "properties": {"TENSONG": null}, "geometry": {"type": "Polygon", "coordinates": [[[107.127582, 16.664839], [107.12792, 16.66399], [107.126824, 16.664398], [107.126628, 16.663975], [107.12663, 16.664679], [107.127582, 16.664839]]]}}, {"type": "Feature", "properties": {"TENSONG": null}, "geometry": {"type": "Polygon", "coordinates": [[[107.128558, 16.670813], [107.128252, 16.671409], [107.129677, 16.671876], [107.130817, 16.671189], [107.129973, 16.671604], [107.128558, 16.670813]]]}}, {"type": "Feature", "properties": {"TENSONG": null}, "geometry": {"type": "Polygon", "coordinates": [[[107.14264, 16.699493], [107.142526, 16.697091], [107.144219, 16.696745], [107.144891, 16.695824], [107.143797, 16.696707], [107.142327, 16.696828], [107.14264, 16.699493]]]}}, {"type": "Feature", "properties": {"TENSONG": null}, "geometry": {"type": "Polygon", "coordinates": [[[106.988446, 16.707409], [106.988132, 16.706378], [106.988075, 16.706845], [106.988282, 16.707478], [106.987677, 16.708104], [106.987224, 16.707409], [106.986015, 16.706598], [106.986094, 16.705546], [106.985955, 16.705239], [106.983457, 16.703304], [106.982761, 16.702989], [106.981891, 16.703344], [106.981735, 16.702677], [106.979956, 16.702219], [106.979784, 16.703115], [106.979916, 16.703523], [106.978995, 16.703552], [106.978374, 16.70509], [106.977374, 16.704115], [106.97624, 16.705253], [106.975519, 16.706338], [106.974618, 16.706119], [106.973222, 16.70727], [106.972703, 16.706606], [106.971279, 16.706037], [106.971099, 16.706281], [106.971355, 16.70692], [106.970409, 16.70766], [106.97011, 16.707133], [106.968999, 16.707135], [106.966875, 16.708361], [106.967031, 16.707827], [106.966754, 16.707627], [106.965981, 16.707824], [106.965969, 16.708496], [106.964078, 16.70839], [106.962796, 16.709407], [106.963488, 16.710531], [106.962359, 16.711285], [106.961471, 16.710819], [106.960914, 16.711238], [106.960206, 16.710858], [106.959193, 16.711015], [106.958339, 16.711638], [106.957459, 16.710516], [106.95662, 16.711461], [106.955842, 16.711305], [106.955353, 16.711433], [106.955136, 16.711009], [106.954619, 16.710837], [106.954325, 16.711057], [106.954097, 16.711701], [106.952339, 16.711996], [106.951426, 16.711109], [106.950643, 16.711049], [106.950299, 16.710491], [106.950054, 16.710944], [106.950922, 16.712671], [106.947786, 16.713233], [106.947964, 16.714749], [106.949723, 16.715158], [106.949951, 16.714999], [106.950218, 16.716511], [106.951035, 16.71599], [106.952613, 16.716638], [106.952546, 16.717347], [106.951801, 16.717874], [106.952037, 16.718949], [106.952772, 16.719964], [106.95441, 16.721123], [106.954779, 16.721051], [106.955057, 16.720539], [106.955293, 16.720639], [106.955195, 16.723204], [106.954518, 16.723905], [106.953445, 16.723873], [106.952987, 16.724311], [106.952297, 16.723503], [106.951335, 16.723977], [106.949453, 16.722274], [106.949291, 16.722363], [106.949322, 16.723137], [106.948771, 16.722922], [106.948369, 16.72156], [106.94745, 16.722348], [106.947121, 16.721814], [106.946789, 16.721672], [106.946514, 16.721777], [106.94655, 16.723521], [106.946894, 16.723357], [106.946785, 16.721788], [106.947415, 16.722465], [106.948354, 16.721776], [106.948768, 16.723063], [106.949393, 16.723231], [106.949511, 16.722426], [106.951296, 16.724087], [106.952184, 16.723628], [106.952984, 16.724426], [106.953484, 16.723981], [106.954565, 16.724009], [106.955311, 16.723234], [106.955397, 16.720584], [106.955017, 16.72043], [106.954466, 16.721024], [106.952145, 16.718904], [106.951913, 16.717909], [106.952755, 16.717229], [106.952703, 16.716563], [106.9515, 16.715917], [106.950848, 16.715899], [106.950285, 16.716279], [106.950014, 16.714899], [106.948128, 16.714623], [106.947873, 16.713313], [106.951019, 16.712737], [106.950168, 16.710918], [106.950331, 16.710613], [106.950585, 16.711155], [106.951369, 16.71121], [106.952359, 16.71211], [106.954151, 16.711801], [106.954589, 16.710972], [106.955328, 16.711547], [106.956654, 16.711574], [106.957388, 16.710634], [106.958321, 16.711758], [106.960213, 16.710971], [106.960904, 16.711353], [106.961448, 16.710931], [106.962404, 16.711391], [106.96359, 16.710589], [106.962919, 16.709446], [106.964109, 16.708501], [106.96602, 16.7086], [106.966069, 16.707899], [106.96677, 16.707751], [106.966653, 16.708326], [106.966905, 16.708471], [106.969037, 16.707259], [106.970073, 16.707241], [106.970452, 16.707765], [106.97147, 16.706953], [106.97131, 16.706148], [106.973247, 16.707384], [106.974652, 16.706262], [106.975595, 16.706427], [106.977391, 16.704231], [106.978427, 16.705192], [106.979074, 16.703637], [106.980033, 16.703561], [106.979973, 16.702333], [106.98167, 16.702772], [106.981855, 16.703452], [106.982758, 16.703102], [106.983384, 16.703392], [106.985864, 16.705313], [106.98593, 16.706683], [106.987641, 16.708216], [106.988446, 16.707409]]]}}, {"type": "Feature", "properties": {"TENSONG": null}, "geometry": {"type": "Polygon", "coordinates": [[[107.124073, 16.669254], [107.123598, 16.668785], [107.122383, 16.669241], [107.124297, 16.670752], [107.125081, 16.672165], [107.124717, 16.670905], [107.126433, 16.670969], [107.127506, 16.672481], [107.127499, 16.672744], [107.127074, 16.672935], [107.127002, 16.673252], [107.127703, 16.672861], [107.128012, 16.672062], [107.127022, 16.670861], [107.123446, 16.669659], [107.124073, 16.669254]]]}}, {"type": "Feature", "properties": {"TENSONG": null}, "geometry": {"type": "Polygon", "coordinates": [[[107.117259, 16.683422], [107.116384, 16.681503], [107.114656, 16.681833], [107.115191, 16.681063], [107.114444, 16.680515], [107.115785, 16.678763], [107.114674, 16.679361], [107.112278, 16.678616], [107.110274, 16.679098], [107.111175, 16.679446], [107.112045, 16.678976], [107.11322, 16.679636], [107.112927, 16.680614], [107.112066, 16.68075], [107.111416, 16.683727], [107.110295, 16.683727], [107.110768, 16.684324], [107.110482, 16.684855], [107.109714, 16.684549], [107.108291, 16.684969], [107.108961, 16.685375], [107.110648, 16.685266], [107.110957, 16.68581], [107.109087, 16.686334], [107.108881, 16.686877], [107.107877, 16.686928], [107.107399, 16.686489], [107.106916, 16.687028], [107.105971, 16.685868], [107.105325, 16.685729], [107.106571, 16.686982], [107.106164, 16.687861], [107.107427, 16.686951], [107.108598, 16.68849], [107.108814, 16.687191], [107.109659, 16.687417], [107.112246, 16.686293], [107.112922, 16.684658], [107.112592, 16.683161], [107.112972, 16.681993], [107.114847, 16.682218], [107.114906, 16.682846], [107.115556, 16.683048], [107.115732, 16.681643], [107.117259, 16.683422]], [[107.113828, 16.680856], [107.113129, 16.680272], [107.113481, 16.679917], [107.113828, 16.680856]]]}}, {"type": "Feature", "properties": {"TENSONG": null}, "geometry": {"type": "Polygon", "coordinates": [[[107.121788, 16.665798], [107.123351, 16.66603], [107.122996, 16.665265], [107.123802, 16.664575], [107.12216, 16.664719], [107.122109, 16.663925], [107.123103, 16.663738], [107.122889, 16.663044], [107.122408, 16.663053], [107.122564, 16.66242], [107.121124, 16.661965], [107.120627, 16.662052], [107.120235, 16.661088], [107.119902, 16.661062], [107.120471, 16.662109], [107.122338, 16.662579], [107.121715, 16.663481], [107.121736, 16.664458], [107.122576, 16.665169], [107.121507, 16.665609], [107.120741, 16.665368], [107.12066, 16.664537], [107.120032, 16.664092], [107.120373, 16.664734], [107.119799, 16.664885], [107.12062, 16.665968], [107.12035, 16.666617], [107.120859, 16.666919], [107.120783, 16.66636], [107.121788, 16.665798]]]}}, {"type": "Feature", "properties": {"TENSONG": null}, "geometry": {"type": "Polygon", "coordinates": [[[107.111945, 16.66276], [107.112025, 16.661616], [107.111404, 16.660683], [107.111711, 16.660373], [107.110928, 16.660528], [107.110595, 16.660046], [107.10982, 16.659991], [107.110163, 16.659824], [107.109905, 16.658938], [107.109686, 16.659195], [107.108498, 16.65861], [107.108217, 16.658695], [107.1099, 16.659342], [107.109662, 16.660003], [107.110582, 16.6603], [107.110699, 16.661343], [107.11166, 16.661939], [107.111945, 16.66276]]]}}, {"type": "Feature", "properties": {"TENSONG": null}, "geometry": {"type": "Polygon", "coordinates": [[[107.089485, 16.654056], [107.091152, 16.654235], [107.090807, 16.654079], [107.091118, 16.653539], [107.092649, 16.653935], [107.0955, 16.652727], [107.096063, 16.652907], [107.095396, 16.652626], [107.094269, 16.652956], [107.093647, 16.652593], [107.09394, 16.652894], [107.093389, 16.653194], [107.09355, 16.653498], [107.092891, 16.652676], [107.09205, 16.653236], [107.091461, 16.652875], [107.090597, 16.653882], [107.090062, 16.653532], [107.089485, 16.654056]]]}}, {"type": "Feature", "properties": {"TENSONG": null}, "geometry": {"type": "Polygon", "coordinates": [[[107.079705, 16.656057], [107.080914, 16.655683], [107.07955, 16.655769], [107.078656, 16.65622], [107.079419, 16.656459], [107.078062, 16.657272], [107.077884, 16.657778], [107.077544, 16.656927], [107.075319, 16.656677], [107.075341, 16.657095], [107.07473, 16.657887], [107.074689, 16.658424], [107.074093, 16.658778], [107.074015, 16.659109], [107.074674, 16.658612], [107.075617, 16.657059], [107.077461, 16.657106], [107.077073, 16.658629], [107.078721, 16.657145], [107.079633, 16.657339], [107.079506, 16.656931], [107.08014, 16.65678], [107.079705, 16.656057]]]}}, {"type": "Feature", "properties": {"TENSONG": null}, "geometry": {"type": "Polygon", "coordinates": [[[107.075691, 16.651685], [107.076009, 16.650709], [107.075439, 16.650465], [107.075725, 16.649602], [107.075014, 16.650492], [107.075592, 16.650782], [107.075691, 16.651685]]]}}, {"type": "Feature", "properties": {"TENSONG": null}, "geometry": {"type": "Polygon", "coordinates": [[[107.067896, 16.651349], [107.067075, 16.650705], [107.066608, 16.651831], [107.06672, 16.652123], [107.067173, 16.650885], [107.067896, 16.651349]]]}}, {"type": "Feature", "properties": {"TENSONG": null}, "geometry": {"type": "Polygon", "coordinates": [[[107.066775, 16.646976], [107.06682, 16.646349], [107.066319, 16.644879], [107.06568, 16.645541], [107.065185, 16.645297], [107.064952, 16.646069], [107.063463, 16.646459], [107.062829, 16.646006], [107.062295, 16.646527], [107.062234, 16.646968], [107.06288, 16.646141], [107.063419, 16.646526], [107.064863, 16.646512], [107.065216, 16.645513], [107.065831, 16.645848], [107.066169, 16.645174], [107.066775, 16.646976]]]}}, {"type": "Feature", "properties": {"TENSONG": null}, "geometry": {"type": "Polygon", "coordinates": [[[107.073466, 16.646703], [107.071547, 16.646564], [107.073101, 16.646806], [107.075185, 16.646413], [107.075675, 16.645229], [107.076498, 16.644882], [107.077301, 16.645867], [107.076524, 16.644119], [107.077227, 16.644473], [107.077639, 16.64394], [107.078548, 16.643922], [107.080441, 16.644602], [107.082411, 16.644321], [107.083036, 16.643746], [107.085146, 16.643724], [107.083749, 16.643541], [107.08373, 16.643025], [107.083609, 16.643447], [107.082123, 16.643877], [107.081544, 16.642807], [107.081543, 16.642012], [107.082063, 16.641557], [107.081525, 16.641739], [107.081094, 16.642938], [107.080586, 16.642577], [107.07883, 16.642885], [107.078648, 16.643615], [107.078005, 16.643704], [107.078223, 16.642624], [107.077335, 16.643934], [107.076753, 16.643063], [107.076293, 16.643121], [107.077008, 16.64368], [107.076103, 16.644063], [107.076535, 16.64455], [107.075621, 16.644877], [107.07555, 16.643872], [107.072378, 16.641683], [107.072907, 16.641393], [107.072887, 16.64075], [107.073683, 16.640658], [107.073814, 16.640561], [107.072821, 16.640551], [107.07246, 16.639739], [107.072852, 16.641079], [107.072173, 16.641615], [107.073212, 16.642869], [107.072149, 16.642998], [107.073397, 16.643888], [107.074496, 16.645736], [107.074371, 16.646325], [107.073466, 16.646703]], [[107.074732, 16.646214], [107.074859, 16.644706], [107.073957, 16.643392], [107.075106, 16.64408], [107.075308, 16.645466], [107.074732, 16.646214]]]}}, {"type": "Feature", "properties": {"TENSONG": null}, "geometry": {"type": "Polygon", "coordinates": [[[107.054161, 16.634218], [107.054194, 16.632482], [107.055914, 16.632083], [107.056203, 16.63139], [107.056761, 16.631701], [107.056295, 16.631287], [107.057165, 16.630826], [107.05683, 16.630588], [107.05575, 16.631496], [107.055136, 16.631025], [107.054406, 16.631278], [107.054876, 16.630208], [107.05451, 16.629897], [107.055252, 16.629306], [107.055116, 16.629143], [107.054404, 16.629894], [107.054684, 16.630122], [107.054138, 16.631468], [107.055446, 16.631341], [107.055798, 16.631807], [107.053911, 16.632373], [107.054161, 16.634218]]]}}, {"type": "Feature", "properties": {"TENSONG": null}, "geometry": {"type": "Polygon", "coordinates": [[[107.097782, 16.699912], [107.098094, 16.699133], [107.098757, 16.699117], [107.100068, 16.698696], [107.10051, 16.698729], [107.101967, 16.69798], [107.100371, 16.698325], [107.10005, 16.697862], [107.100236, 16.698469], [107.097955, 16.699077], [107.097654, 16.699856], [107.096465, 16.699077], [107.096635, 16.698082], [107.095834, 16.697884], [107.094708, 16.698045], [107.093602, 16.698662], [107.093419, 16.697709], [107.093319, 16.698427], [107.093636, 16.698756], [107.096163, 16.698011], [107.096357, 16.69909], [107.097276, 16.699843], [107.097782, 16.699912]]]}}, {"type": "Feature", "properties": {"TENSONG": null}, "geometry": {"type": "Polygon", "coordinates": [[[106.949055, 16.392167], [106.947593, 16.38853], [106.946517, 16.387985], [106.945725, 16.388499], [106.945798, 16.390856], [106.943666, 16.390699], [106.941398, 16.391743], [106.940777, 16.391538], [106.938602, 16.393103], [106.93534, 16.393233], [106.933742, 16.394434], [106.93233, 16.393916], [106.930429, 16.394013], [106.933759, 16.394613], [106.93533, 16.393422], [106.938718, 16.393245], [106.940624, 16.391748], [106.941574, 16.391849], [106.943763, 16.390907], [106.945826, 16.391071], [106.946204, 16.390469], [106.945938, 16.388631], [106.946418, 16.388328], [106.947402, 16.388886], [106.949055, 16.392167]]]}}, {"type": "Feature", "properties": {"TENSONG": "Sông Sê Pôn"}, "geometry": {"type": "MultiPolygon", "coordinates": [[[[106.738268, 16.413754], [106.738518, 16.416239], [106.738308, 16.416953], [106.738993, 16.415561], [106.738268, 16.413754]]], [[[106.738553, 16.417661], [106.738287, 16.417416], [106.738113, 16.417989], [106.738553, 16.417661]]], [[[106.759092, 16.424325], [106.754954, 16.423733], [106.752575, 16.423954], [106.759092, 16.424325]]], [[[106.746188, 16.424621], [106.751257, 16.424028], [106.746528, 16.424164], [106.745514, 16.42364], [106.745315, 16.42129], [106.746055, 16.418334], [106.745873, 16.416626], [106.740622, 16.411302], [106.74011, 16.412177], [106.740029, 16.411407], [106.73953, 16.411297], [106.739711, 16.410702], [106.738837, 16.410934], [106.738154, 16.412988], [106.738859, 16.411676], [106.739442, 16.411574], [106.739841, 16.412316], [106.7413, 16.412784], [106.745548, 16.416745], [106.74585, 16.418184], [106.745082, 16.421444], [106.745303, 16.424079], [106.746188, 16.424621]]], [[[106.76068, 16.425163], [106.762823, 16.424974], [106.759895, 16.424591], [106.76068, 16.425163]]], [[[106.771403, 16.431228], [106.767689, 16.428765], [106.764304, 16.425758], [106.764762, 16.427124], [106.767804, 16.429701], [106.769111, 16.429784], [106.77082, 16.431617], [106.771403, 16.431228]]], [[[106.772173, 16.432482], [106.772017, 16.431874], [106.771678, 16.431365], [106.77169, 16.432268], [106.772173, 16.432482]]], [[[106.772137, 16.435092], [106.771805, 16.435074], [106.772122, 16.435609], [106.772137, 16.435092]]], [[[106.775263, 16.442808], [106.772221, 16.436577], [106.772723, 16.438992], [106.774358, 16.441207], [106.774781, 16.443455], [106.772344, 16.447495], [106.772109, 16.453215], [106.775211, 16.459794], [106.775407, 16.459037], [106.772836, 16.453342], [106.772639, 16.451328], [106.773085, 16.44752], [106.773782, 16.445764], [106.775117, 16.444328], [106.775263, 16.442808]]], [[[106.587012, 16.601108], [106.590865, 16.602304], [106.593111, 16.604113], [106.598007, 16.606705], [106.607276, 16.607559], [106.615874, 16.606445], [106.623917, 16.603025], [106.626746, 16.601499], [106.627188, 16.60103], [106.626978, 16.599716], [106.625565, 16.598819], [106.624571, 16.596963], [106.624792, 16.590389], [106.625726, 16.584697], [106.626783, 16.584527], [106.628194, 16.582348], [106.630187, 16.582339], [106.630982, 16.583497], [106.631156, 16.585786], [106.630186, 16.587847], [106.631733, 16.591387], [106.638388, 16.592135], [106.639578, 16.591872], [106.642692, 16.593496], [106.64611, 16.594413], [106.647818, 16.594122], [106.649339, 16.593223], [106.653696, 16.584173], [106.657196, 16.581546], [106.66067, 16.583555], [106.663387, 16.584467], [106.666466, 16.584385], [106.666096, 16.585596], [106.667668, 16.584775], [106.667637, 16.583147], [106.66473, 16.580329], [106.663126, 16.57806], [106.662436, 16.573754], [106.662883, 16.572101], [106.665048, 16.56953], [106.669725, 16.565587], [106.672793, 16.561964], [106.672504, 16.559384], [106.672097, 16.558933], [106.665419, 16.557433], [106.660776, 16.554402], [106.654558, 16.546475], [106.649849, 16.542556], [106.647743, 16.539877], [106.648517, 16.535577], [106.647364, 16.522285], [106.649644, 16.520653], [106.652144, 16.519996], [106.653011, 16.519212], [106.653622, 16.517504], [106.653543, 16.515197], [106.652479, 16.512568], [106.654207, 16.510307], [106.660683, 16.506194], [106.664716, 16.505345], [106.664644, 16.504419], [106.665712, 16.503544], [106.665938, 16.502043], [106.666237, 16.502156], [106.664858, 16.501626], [106.663787, 16.500388], [106.663508, 16.495978], [106.660004, 16.492729], [106.660307, 16.491179], [106.661931, 16.490448], [106.663248, 16.488874], [106.664458, 16.486113], [106.66166, 16.481635], [106.660892, 16.473672], [106.661277, 16.472947], [106.66227, 16.472628], [106.667875, 16.476101], [106.671009, 16.477158], [106.673283, 16.476739], [106.674037, 16.476049], [106.674888, 16.474433], [106.675087, 16.472826], [106.673918, 16.463051], [106.674529, 16.45689], [106.675663, 16.453018], [106.676718, 16.451826], [106.67761, 16.451879], [106.680285, 16.454478], [106.682387, 16.458038], [106.683896, 16.458313], [106.688358, 16.455064], [106.693484, 16.449402], [106.693308, 16.448423], [106.691315, 16.446395], [106.688049, 16.445696], [106.687145, 16.444286], [106.686765, 16.441717], [106.687286, 16.44001], [106.688161, 16.439238], [106.695721, 16.440238], [106.697717, 16.439543], [106.701753, 16.436402], [106.706434, 16.435487], [106.709668, 16.43416], [106.71489, 16.433566], [106.717113, 16.432811], [106.719695, 16.431164], [106.725331, 16.426084], [106.726956, 16.425516], [106.729567, 16.427203], [106.729925, 16.428229], [106.729621, 16.429519], [106.723733, 16.433158], [106.723309, 16.43454], [106.725858, 16.436928], [106.732714, 16.440076], [106.733927, 16.439982], [106.735863, 16.438962], [106.736564, 16.438032], [106.736725, 16.436323], [106.73563, 16.428813], [106.734566, 16.427097], [106.734418, 16.424979], [106.735013, 16.424392], [106.73606, 16.421228], [106.738047, 16.418827], [106.738025, 16.418145], [106.735967, 16.420697], [106.734139, 16.425314], [106.736239, 16.436637], [106.736036, 16.438102], [106.735182, 16.439013], [106.732692, 16.439884], [106.726288, 16.436736], [106.724081, 16.434736], [106.724158, 16.433109], [106.729079, 16.430409], [106.73022, 16.428753], [106.729739, 16.426916], [106.728111, 16.425554], [106.726735, 16.425063], [106.725815, 16.425193], [106.720068, 16.430341], [106.715754, 16.432998], [106.710535, 16.433679], [106.701891, 16.435783], [106.697749, 16.438834], [106.695439, 16.43987], [106.688466, 16.438694], [106.687425, 16.439314], [106.686682, 16.440743], [106.686373, 16.442276], [106.686777, 16.44411], [106.687897, 16.445677], [106.690136, 16.446237], [106.692291, 16.447636], [106.693289, 16.449218], [106.688491, 16.454426], [106.683683, 16.458024], [106.682809, 16.45772], [106.678299, 16.451734], [106.676883, 16.451345], [106.675764, 16.452339], [106.674277, 16.456696], [106.673552, 16.462442], [106.674686, 16.473134], [106.674028, 16.475569], [106.672461, 16.476619], [106.670054, 16.476633], [106.662497, 16.472294], [106.661559, 16.472378], [106.660762, 16.473274], [106.661437, 16.482029], [106.663436, 16.484868], [106.664075, 16.486622], [106.662667, 16.489042], [106.659804, 16.491327], [106.659457, 16.492572], [106.660157, 16.493712], [106.663241, 16.496156], [106.663627, 16.501183], [106.66528, 16.502339], [106.665449, 16.502926], [106.664069, 16.505024], [106.660407, 16.506018], [106.653356, 16.510735], [106.652156, 16.512629], [106.653358, 16.516708], [106.65304, 16.518741], [106.652327, 16.519636], [106.649041, 16.520568], [106.64711, 16.522056], [106.648122, 16.535929], [106.647344, 16.53973], [106.647536, 16.540503], [106.65032, 16.543429], [106.655046, 16.547387], [106.660635, 16.554716], [106.665092, 16.557615], [106.667159, 16.558416], [106.671426, 16.559013], [106.672276, 16.559629], [106.672569, 16.562034], [106.6655, 16.568531], [106.662226, 16.572675], [106.662094, 16.575552], [106.662823, 16.578193], [106.664446, 16.580515], [106.667121, 16.583048], [106.667226, 16.58435], [106.663101, 16.584247], [106.657826, 16.581386], [106.656767, 16.58148], [106.653439, 16.584085], [106.648746, 16.593372], [106.645635, 16.594082], [106.639619, 16.591683], [106.633909, 16.591513], [106.631666, 16.591025], [106.63044, 16.587695], [106.631426, 16.585916], [106.631399, 16.58365], [106.630368, 16.582169], [106.628121, 16.582108], [106.625634, 16.584528], [106.624461, 16.588106], [106.624284, 16.596666], [106.62504, 16.598659], [106.626275, 16.599642], [106.626765, 16.601101], [106.625798, 16.601908], [106.618666, 16.605011], [106.614659, 16.606324], [106.607217, 16.607176], [106.597737, 16.606302], [106.590624, 16.6019], [106.586495, 16.600908], [106.584917, 16.602087], [106.58293, 16.604698], [106.58194, 16.607346], [106.581978, 16.610172], [106.58297, 16.612431], [106.584161, 16.613761], [106.590657, 16.616626], [106.591118, 16.617526], [106.590331, 16.619344], [106.591314, 16.618058], [106.590873, 16.616391], [106.58433, 16.61347], [106.583069, 16.61209], [106.582263, 16.609777], [106.58214, 16.608009], [106.583, 16.605267], [106.584784, 16.602652], [106.587012, 16.601108]]]]}}, {"type": "Feature", "properties": {"TENSONG": null}, "geometry": {"type": "Polygon", "coordinates": [[[106.650406, 16.537772], [106.648759, 16.541366], [106.650463, 16.537918], [106.652661, 16.539104], [106.652964, 16.540215], [106.653545, 16.540697], [106.654452, 16.540801], [106.656661, 16.540329], [106.65701, 16.538128], [106.656617, 16.536484], [106.657684, 16.536252], [106.658806, 16.535454], [106.659305, 16.537477], [106.663189, 16.542291], [106.663714, 16.54215], [106.664093, 16.541614], [106.662998, 16.54022], [106.663259, 16.539795], [106.670779, 16.543036], [106.671187, 16.542546], [106.670391, 16.540451], [106.672994, 16.540039], [106.673343, 16.540245], [106.673293, 16.542623], [106.676149, 16.543414], [106.679335, 16.542834], [106.681864, 16.540927], [106.683969, 16.542817], [106.687029, 16.544143], [106.688679, 16.544291], [106.690249, 16.54383], [106.690387, 16.545467], [106.690907, 16.546144], [106.69199, 16.546655], [106.693864, 16.546861], [106.693461, 16.551126], [106.693613, 16.551472], [106.694022, 16.551546], [106.696246, 16.549286], [106.696848, 16.550058], [106.699323, 16.550224], [106.700682, 16.550933], [106.702535, 16.550506], [106.702451, 16.549413], [106.701322, 16.548952], [106.702295, 16.547302], [106.703241, 16.546828], [106.704833, 16.547358], [106.706263, 16.545621], [106.70824, 16.544794], [106.711241, 16.546085], [106.712333, 16.54531], [106.713195, 16.545362], [106.714341, 16.543797], [106.714587, 16.541826], [106.716711, 16.539018], [106.714985, 16.540513], [106.714145, 16.542165], [106.714179, 16.543621], [106.713082, 16.545232], [106.712147, 16.545189], [106.711103, 16.545908], [106.708138, 16.544638], [106.706063, 16.545561], [106.704839, 16.547197], [106.703497, 16.546681], [106.70234, 16.546994], [106.70117, 16.54896], [106.702227, 16.549625], [106.702308, 16.55032], [106.701046, 16.550659], [106.699044, 16.549916], [106.69703, 16.549938], [106.696243, 16.549076], [106.695393, 16.549415], [106.694553, 16.550991], [106.69383, 16.55137], [106.694094, 16.546849], [106.691062, 16.546049], [106.690366, 16.543651], [106.687047, 16.543923], [106.684329, 16.542792], [106.681832, 16.540585], [106.679024, 16.542646], [106.676434, 16.543161], [106.674803, 16.542891], [106.673437, 16.542402], [106.673534, 16.54013], [106.673075, 16.539857], [106.670324, 16.540244], [106.670166, 16.541264], [106.670836, 16.542515], [106.67052, 16.542848], [106.663131, 16.539642], [106.662741, 16.540108], [106.663865, 16.541576], [106.663301, 16.542122], [106.659763, 16.537829], [106.658886, 16.535245], [106.656498, 16.536405], [106.656861, 16.538165], [106.65644, 16.540263], [106.653695, 16.540561], [106.652781, 16.539021], [106.650406, 16.537772]]]}}, {"type": "Feature", "properties": {"TENSONG": null}, "geometry": {"type": "Polygon", "coordinates": [[[106.686674, 16.607512], [106.686389, 16.607979], [106.687188, 16.60857], [106.68878, 16.608297], [106.689781, 16.607563], [106.689519, 16.606686], [106.690793, 16.606946], [106.691992, 16.605624], [106.694848, 16.6063], [106.696515, 16.605435], [106.699503, 16.60479], [106.699963, 16.604284], [106.701099, 16.60506], [106.702195, 16.604824], [106.703042, 16.606159], [106.70405, 16.606688], [106.705436, 16.60531], [106.707214, 16.605344], [106.707563, 16.604612], [106.708756, 16.604874], [106.709373, 16.604745], [106.711108, 16.602851], [106.712796, 16.604026], [106.713702, 16.602745], [106.714733, 16.602935], [106.714464, 16.604434], [106.71501, 16.604808], [106.716128, 16.604452], [106.716777, 16.603022], [106.717454, 16.603301], [106.718727, 16.602996], [106.721693, 16.604074], [106.722437, 16.60407], [106.723143, 16.60523], [106.722852, 16.605964], [106.722892, 16.606492], [106.723252, 16.60532], [106.722433, 16.603849], [106.718915, 16.60287], [106.716628, 16.60288], [106.715863, 16.604387], [106.715013, 16.604624], [106.714669, 16.604378], [106.714836, 16.602799], [106.713695, 16.602594], [106.712668, 16.60384], [106.711548, 16.602516], [106.710259, 16.60278], [106.709201, 16.604654], [106.70716, 16.604424], [106.706973, 16.605251], [106.70549, 16.604893], [106.704075, 16.606371], [106.702281, 16.604715], [106.701172, 16.604889], [106.699947, 16.604107], [106.6994, 16.604669], [106.696952, 16.605095], [106.694888, 16.606056], [106.691926, 16.605458], [106.690701, 16.606731], [106.690154, 16.606245], [106.689406, 16.606472], [106.689199, 16.607657], [106.687575, 16.608248], [106.686674, 16.607512]]]}}, {"type": "Feature", "properties": {"TENSONG": null}, "geometry": {"type": "Polygon", "coordinates": [[[106.775211, 16.459794], [106.774163, 16.461418], [106.773986, 16.463041], [106.770779, 16.465793], [106.770436, 16.466284], [106.770431, 16.467183], [106.770839, 16.467825], [106.773417, 16.469326], [106.773752, 16.470086], [106.773509, 16.472338], [106.775532, 16.475161], [106.777522, 16.477201], [106.778012, 16.482271], [106.779387, 16.482098], [106.780276, 16.480675], [106.781686, 16.482282], [106.78296, 16.482549], [106.783772, 16.481861], [106.783941, 16.480288], [106.786257, 16.478748], [106.786664, 16.481213], [106.787306, 16.482273], [106.788188, 16.482559], [106.789732, 16.48191], [106.791038, 16.483763], [106.789945, 16.481865], [106.789336, 16.48182], [106.788171, 16.48241], [106.787419, 16.48217], [106.78674, 16.480854], [106.786742, 16.479047], [106.786263, 16.47859], [106.783821, 16.480167], [106.783634, 16.481733], [106.782983, 16.482334], [106.781673, 16.482092], [106.780339, 16.480507], [106.779269, 16.481967], [106.778191, 16.481978], [106.777623, 16.477032], [106.773918, 16.472683], [106.773882, 16.469678], [106.770569, 16.467159], [106.770879, 16.465859], [106.774216, 16.462878], [106.774248, 16.461623], [106.775211, 16.459794]]]}}, {"type": "Feature", "properties": {"TENSONG": null}, "geometry": {"type": "Polygon", "coordinates": [[[106.778799, 16.483235], [106.778012, 16.482271], [106.77858, 16.483326], [106.777869, 16.484336], [106.777885, 16.485103], [106.779067, 16.486167], [106.778853, 16.487418], [106.779344, 16.488193], [106.780213, 16.488472], [106.780721, 16.487106], [106.781388, 16.486836], [106.783012, 16.487181], [106.783854, 16.488206], [106.786198, 16.488727], [106.786351, 16.48951], [106.785654, 16.490486], [106.782729, 16.491023], [106.782424, 16.491222], [106.782369, 16.4917], [106.78262, 16.491228], [106.785926, 16.490536], [106.786522, 16.489546], [106.78628, 16.488543], [106.783876, 16.487998], [106.783135, 16.487084], [106.780955, 16.486701], [106.780453, 16.487201], [106.780152, 16.488271], [106.779464, 16.488075], [106.779059, 16.487235], [106.779279, 16.486086], [106.778029, 16.484937], [106.778799, 16.483235]]]}}, {"type": "Feature", "properties": {"TENSONG": null}, "geometry": {"type": "Polygon", "coordinates": [[[107.150684, 16.873606], [107.149773, 16.8715], [107.147377, 16.870933], [107.144309, 16.87399], [107.143625, 16.876077], [107.14381, 16.877265], [107.142705, 16.877033], [107.141044, 16.875659], [107.136412, 16.869785], [107.131951, 16.862886], [107.1295, 16.861483], [107.135111, 16.869594], [107.137101, 16.873272], [107.138822, 16.874842], [107.139325, 16.876522], [107.141045, 16.877739], [107.142666, 16.87843], [107.143827, 16.878225], [107.144814, 16.877261], [107.144562, 16.875916], [107.144959, 16.874815], [107.14736, 16.872771], [107.148337, 16.872567], [107.150684, 16.873606]]]}}, {"type": "Feature", "properties": {"TENSONG": null}, "geometry": {"type": "Polygon", "coordinates": [[[107.12316, 16.83419], [107.12455, 16.831432], [107.124157, 16.831162], [107.123403, 16.831643], [107.122842, 16.834087], [107.12316, 16.83419]]]}}, {"type": "Feature", "properties": {"TENSONG": "Sông Bến Hải"}, "geometry": {"type": "Polygon", "coordinates": [[[107.070918, 17.004505], [107.067794, 17.004683], [107.063876, 17.008199], [107.061937, 17.009116], [107.059847, 17.009353], [107.058483, 17.00908], [107.054752, 17.006773], [107.051987, 17.003449], [107.050549, 17.000967], [107.049762, 16.994999], [107.051335, 16.991909], [107.054968, 16.988693], [107.055473, 16.986646], [107.055543, 16.982544], [107.053973, 16.979242], [107.049506, 16.976024], [107.045792, 16.974133], [107.036435, 16.972042], [107.031059, 16.971798], [107.021375, 16.974947], [107.012412, 16.979289], [107.008345, 16.97923], [107.002152, 16.976614], [106.997883, 16.975408], [106.993482, 16.971428], [106.989385, 16.97164], [106.98206, 16.966572], [106.97889, 16.966563], [106.97744, 16.962767], [106.975455, 16.961795], [106.973346, 16.962257], [106.972469, 16.959624], [106.971955, 16.959323], [106.970459, 16.960367], [106.969719, 16.964147], [106.967167, 16.964783], [106.967968, 16.966803], [106.967785, 16.967335], [106.964721, 16.967958], [106.964553, 16.964286], [106.962046, 16.963453], [106.961268, 16.963631], [106.960257, 16.96484], [106.960362, 16.965971], [106.961144, 16.967168], [106.960832, 16.968025], [106.959619, 16.969069], [106.958279, 16.968757], [106.956462, 16.96634], [106.949143, 16.961698], [106.948942, 16.960982], [106.950368, 16.960032], [106.951397, 16.95425], [106.950716, 16.953211], [106.948796, 16.952536], [106.94901, 16.951118], [106.949571, 16.950616], [106.949289, 16.949746], [106.946759, 16.949442], [106.946035, 16.946945], [106.944614, 16.945462], [106.942178, 16.945379], [106.94207, 16.944597], [106.942593, 16.944072], [106.947116, 16.943979], [106.94746, 16.941711], [106.946854, 16.940997], [106.944918, 16.940297], [106.944601, 16.938914], [106.944955, 16.938348], [106.946171, 16.937614], [106.948094, 16.939227], [106.94975, 16.937964], [106.949849, 16.937136], [106.946702, 16.933718], [106.94593, 16.93348], [106.944064, 16.933815], [106.942782, 16.93249], [106.942723, 16.931913], [106.943245, 16.93169], [106.94344, 16.932064], [106.944456, 16.930889], [106.944336, 16.930053], [106.942955, 16.927419], [106.940849, 16.92549], [106.94045, 16.923188], [106.939102, 16.923163], [106.935315, 16.924028], [106.933539, 16.926881], [106.932582, 16.926349], [106.93155, 16.924333], [106.930577, 16.92364], [106.929791, 16.923844], [106.928977, 16.923233], [106.927256, 16.923692], [106.926876, 16.924481], [106.925271, 16.925357], [106.924156, 16.925051], [106.922577, 16.923652], [106.921013, 16.923703], [106.920644, 16.923127], [106.921247, 16.921098], [106.920877, 16.920631], [106.918852, 16.921216], [106.918456, 16.921913], [106.918549, 16.923118], [106.916849, 16.923786], [106.915184, 16.922541], [106.914796, 16.921461], [106.915242, 16.920099], [106.915046, 16.919843], [106.911113, 16.91851], [106.90656, 16.918294], [106.906167, 16.917784], [106.906165, 16.915491], [106.905596, 16.914489], [106.898589, 16.914627], [106.898356, 16.913667], [106.899839, 16.912507], [106.900176, 16.911387], [106.898159, 16.90742], [106.896326, 16.907642], [106.895182, 16.909247], [106.892983, 16.909722], [106.891475, 16.911559], [106.888888, 16.911328], [106.888052, 16.909707], [106.886588, 16.909288], [106.884934, 16.90656], [106.884975, 16.905693], [106.885829, 16.905021], [106.885612, 16.90413], [106.884345, 16.903608], [106.880719, 16.902894], [106.880991, 16.902066], [106.880396, 16.902861], [106.882317, 16.903634], [106.882216, 16.90617], [106.88164, 16.906334], [106.87985, 16.905211], [106.878694, 16.904959], [106.877564, 16.905753], [106.875867, 16.906131], [106.87532, 16.906767], [106.87557, 16.908008], [106.872575, 16.909311], [106.872331, 16.911023], [106.872614, 16.913613], [106.871959, 16.914603], [106.870935, 16.914814], [106.870492, 16.914201], [106.870895, 16.912212], [106.86907, 16.909694], [106.86852, 16.909761], [106.867604, 16.911664], [106.866277, 16.910269], [106.864473, 16.910146], [106.862658, 16.910637], [106.862981, 16.909012], [106.863968, 16.908769], [106.864489, 16.908012], [106.86418, 16.907483], [106.861238, 16.907272], [106.861223, 16.905872], [106.860353, 16.905725], [106.859468, 16.906276], [106.858989, 16.907945], [106.857312, 16.908618], [106.856482, 16.908035], [106.857767, 16.906435], [106.857841, 16.90617], [106.857589, 16.905813], [106.857183, 16.905568], [106.855439, 16.905638], [106.852759, 16.906571], [106.853125, 16.905305], [106.850466, 16.903034], [106.849392, 16.903038], [106.848382, 16.904093], [106.847366, 16.904093], [106.845106, 16.905284], [106.844797, 16.904827], [106.84553, 16.903778], [106.845702, 16.902911], [106.845392, 16.902376], [106.845065, 16.902165], [106.844221, 16.901939], [106.843478, 16.901949], [106.842773, 16.902206], [106.841386, 16.903263], [106.839162, 16.901987], [106.837422, 16.902448], [106.837386, 16.901181], [106.835793, 16.899232], [106.835045, 16.898937], [106.832346, 16.900045], [106.830072, 16.900337], [106.830075, 16.899026], [106.832186, 16.898187], [106.832811, 16.897169], [106.831164, 16.896359], [106.829487, 16.897865], [106.82837, 16.895691], [106.82742, 16.895698], [106.826679, 16.899328], [106.825682, 16.899522], [106.824265, 16.897743], [106.823021, 16.898918], [106.82159, 16.898664], [106.822257, 16.894646], [106.820883, 16.894312], [106.820267, 16.894382], [106.819904, 16.894992], [106.820088, 16.89652], [106.818855, 16.896875], [106.818141, 16.896327], [106.818458, 16.894551], [106.818233, 16.89353], [106.817689, 16.893126], [106.81679, 16.893083], [106.814262, 16.895497], [106.813591, 16.894972], [106.814076, 16.894293], [106.813827, 16.893555], [106.81247, 16.893438], [106.811108, 16.893942], [106.811038, 16.892513], [106.809648, 16.890094], [106.808528, 16.888952], [106.807995, 16.88878], [106.807333, 16.8889], [106.805085, 16.890431], [106.80431, 16.891994], [106.80529, 16.893078], [106.804813, 16.894187], [106.802322, 16.894486], [106.800722, 16.894946], [106.799173, 16.894798], [106.798403, 16.893858], [106.7995, 16.892896], [106.799483, 16.892681], [106.798658, 16.8921], [106.796403, 16.891206], [106.794455, 16.891292], [106.793353, 16.891786], [106.793024, 16.892325], [106.793319, 16.89364], [106.79248, 16.894121], [106.790828, 16.893503], [106.790324, 16.891967], [106.789019, 16.891633], [106.788521, 16.891856], [106.788694, 16.89468], [106.787965, 16.8947], [106.787082, 16.893721], [106.785651, 16.893065], [106.783929, 16.892966], [106.783648, 16.893312], [106.783475, 16.894362], [106.780824, 16.894615], [106.779903, 16.894915], [106.778795, 16.89584], [106.777591, 16.89813], [106.776493, 16.89871], [106.775922, 16.898528], [106.776153, 16.895913], [106.776064, 16.895116], [106.775847, 16.894965], [106.770023, 16.896622], [106.765085, 16.896415], [106.761601, 16.895368], [106.761217, 16.895789], [106.76129, 16.896934], [106.758416, 16.89746], [106.757322, 16.896602], [106.75658, 16.896634], [106.756248, 16.8971], [106.756548, 16.898955], [106.752923, 16.90039], [106.752217, 16.900227], [106.751775, 16.899453], [106.751317, 16.899308], [106.75031, 16.899769], [106.749551, 16.899216], [106.748258, 16.899922], [106.746931, 16.898648], [106.746336, 16.89994], [106.745746, 16.899989], [106.745543, 16.899102], [106.743855, 16.898791], [106.742468, 16.897471], [106.741788, 16.897085], [106.741345, 16.89722], [106.740907, 16.899399], [106.739792, 16.899852], [106.738508, 16.899487], [106.738911, 16.897961], [106.738544, 16.897244], [106.737971, 16.896824], [106.73281, 16.896685], [106.731173, 16.897016], [106.730137, 16.896366], [106.72768, 16.897006], [106.724572, 16.896663], [106.719805, 16.896605], [106.718631, 16.897312], [106.718296, 16.897751], [106.716311, 16.897154], [106.7156, 16.897157], [106.712194, 16.899292], [106.71188, 16.899752], [106.71179, 16.900774], [106.710737, 16.900242], [106.710229, 16.900966], [106.709572, 16.900751], [106.708838, 16.900909], [106.710446, 16.901077], [106.710849, 16.900373], [106.711881, 16.900954], [106.712423, 16.899262], [106.715618, 16.897269], [106.718295, 16.897901], [106.719778, 16.896759], [106.727352, 16.897183], [106.730134, 16.896465], [106.73108, 16.897104], [106.737788, 16.896947], [106.738746, 16.897851], [106.738282, 16.899657], [106.739741, 16.899999], [106.74104, 16.899431], [106.741692, 16.897183], [106.743812, 16.898904], [106.74534, 16.899159], [106.745357, 16.900007], [106.746438, 16.900491], [106.746998, 16.898859], [106.748266, 16.900046], [106.749508, 16.899403], [106.750232, 16.899926], [106.751397, 16.89945], [106.752078, 16.90031], [106.753007, 16.900493], [106.756503, 16.8992], [106.756867, 16.898408], [106.756382, 16.897388], [106.7566, 16.896802], [106.757235, 16.896751], [106.758182, 16.897556], [106.759803, 16.897446], [106.76157, 16.896875], [106.761731, 16.895507], [106.765461, 16.896607], [106.769207, 16.896809], [106.772708, 16.896312], [106.775634, 16.895105], [106.775997, 16.895936], [106.775698, 16.898454], [106.776548, 16.898848], [106.777537, 16.89838], [106.778978, 16.895944], [106.780105, 16.894954], [106.783519, 16.894709], [106.785272, 16.893138], [106.786884, 16.893785], [106.788067, 16.895], [106.788749, 16.89478], [106.789084, 16.894422], [106.788795, 16.892451], [106.789348, 16.891847], [106.790503, 16.89264], [106.790589, 16.893531], [106.792333, 16.894272], [106.793085, 16.894259], [106.793508, 16.893721], [106.793323, 16.891975], [106.794764, 16.891436], [106.796688, 16.89159], [106.799199, 16.892626], [106.797806, 16.894222], [106.799095, 16.895164], [106.805255, 16.894659], [106.805579, 16.892701], [106.804905, 16.891428], [106.807043, 16.889283], [106.808049, 16.888925], [106.809163, 16.889728], [106.810655, 16.892099], [106.81102, 16.894105], [106.813558, 16.893574], [106.813894, 16.893994], [106.813331, 16.894945], [106.814244, 16.895646], [106.817007, 16.893282], [106.818148, 16.893654], [106.818013, 16.896342], [106.818684, 16.897033], [106.820358, 16.896666], [106.820027, 16.894883], [106.820386, 16.894509], [106.821977, 16.894744], [106.821343, 16.898621], [106.821791, 16.898891], [106.823046, 16.899094], [106.824108, 16.89826], [106.825274, 16.899543], [106.826584, 16.899545], [106.827252, 16.898815], [106.827816, 16.89628], [106.829561, 16.89809], [106.831253, 16.896549], [106.83259, 16.897434], [106.830064, 16.898871], [106.829729, 16.900401], [106.830852, 16.900626], [106.835526, 16.899704], [106.837051, 16.902936], [106.839084, 16.902469], [106.841769, 16.903585], [106.843117, 16.902138], [106.844776, 16.902208], [106.845583, 16.902905], [106.844572, 16.904946], [106.845462, 16.9056], [106.847307, 16.904458], [106.849432, 16.904761], [106.849353, 16.903513], [106.850393, 16.903513], [106.85283, 16.90546], [106.852339, 16.907059], [106.854005, 16.90679], [106.855531, 16.905777], [106.857703, 16.906043], [106.855905, 16.908623], [106.856241, 16.908905], [106.85906, 16.908439], [106.859719, 16.90636], [106.860622, 16.906348], [106.860849, 16.907582], [106.863815, 16.907898], [106.862246, 16.909769], [106.862492, 16.911043], [106.863284, 16.911254], [106.864317, 16.910587], [106.865382, 16.910568], [106.866251, 16.910757], [106.867793, 16.912089], [106.868908, 16.910091], [106.870324, 16.91165], [106.870379, 16.91428], [106.870848, 16.914954], [106.872094, 16.914737], [106.872772, 16.913607], [106.872823, 16.909545], [106.875756, 16.908197], [106.876137, 16.906364], [106.877677, 16.906237], [106.879284, 16.905226], [106.882084, 16.90668], [106.882779, 16.905796], [106.882603, 16.903773], [106.885453, 16.904453], [106.884602, 16.905941], [106.884887, 16.906931], [106.886514, 16.909484], [106.887764, 16.910222], [106.888651, 16.911576], [106.891617, 16.911697], [106.893098, 16.909948], [106.894865, 16.910018], [106.896395, 16.907928], [106.897545, 16.907684], [106.89945, 16.910037], [106.899746, 16.911135], [106.899448, 16.912423], [106.897837, 16.91382], [106.898555, 16.915052], [106.905316, 16.914711], [106.906198, 16.918476], [106.910824, 16.91879], [106.913383, 16.920069], [106.913687, 16.920063], [106.913347, 16.919593], [106.914804, 16.919995], [106.914501, 16.921633], [106.916561, 16.924377], [106.918758, 16.923099], [106.918966, 16.921409], [106.92055, 16.920898], [106.920913, 16.921193], [106.920195, 16.923842], [106.920662, 16.924214], [106.922621, 16.924303], [106.925133, 16.925736], [106.928115, 16.923943], [106.928823, 16.923764], [106.930115, 16.924322], [106.930539, 16.92384], [106.931634, 16.924744], [106.932582, 16.926594], [106.93375, 16.927121], [106.935577, 16.92435], [106.940213, 16.9233], [106.940436, 16.925793], [106.942729, 16.927737], [106.94418, 16.929995], [106.944041, 16.930988], [106.942411, 16.931973], [106.94249, 16.932342], [106.943974, 16.934009], [106.946662, 16.933877], [106.94757, 16.935448], [106.949436, 16.936865], [106.949247, 16.937841], [106.948278, 16.938795], [106.946264, 16.937003], [106.944454, 16.938449], [106.944708, 16.9404], [106.946924, 16.941613], [106.946919, 16.943808], [106.942514, 16.943662], [106.941704, 16.944629], [106.942147, 16.945908], [106.944416, 16.945627], [106.945822, 16.94712], [106.946518, 16.949899], [106.948896, 16.950161], [106.947962, 16.952383], [106.94888, 16.953462], [106.951249, 16.954431], [106.949798, 16.958111], [106.94962, 16.960211], [106.948243, 16.961123], [106.948057, 16.961875], [106.95276, 16.964122], [106.958941, 16.969375], [106.960144, 16.96918], [106.96141, 16.967703], [106.961561, 16.96697], [106.960758, 16.965207], [106.961842, 16.964078], [106.964035, 16.964622], [106.963988, 16.967629], [106.964476, 16.968441], [106.968293, 16.968], [106.9685, 16.966826], [106.967827, 16.965231], [106.970488, 16.964503], [106.970846, 16.961243], [106.971789, 16.960163], [106.972359, 16.962109], [106.973268, 16.963166], [106.975439, 16.962485], [106.976767, 16.96307], [106.97765, 16.965895], [106.978712, 16.96712], [106.982437, 16.967452], [106.98413, 16.969657], [106.989218, 16.972271], [106.993361, 16.972221], [106.996669, 16.975585], [107.008465, 16.980112], [107.012749, 16.980035], [107.022055, 16.975749], [107.030791, 16.973117], [107.034804, 16.972947], [107.043883, 16.974993], [107.049346, 16.977566], [107.049372, 16.978028], [107.053138, 16.980587], [107.054566, 16.982802], [107.054525, 16.98531], [107.05379, 16.988121], [107.049338, 16.992944], [107.048706, 16.996569], [107.049484, 17.002306], [107.050395, 17.004302], [107.051779, 17.005417], [107.05387, 17.008469], [107.056169, 17.010382], [107.058595, 17.011232], [107.061019, 17.01112], [107.064859, 17.009363], [107.067969, 17.006518], [107.071705, 17.006348], [107.073665, 17.005455], [107.076837, 17.000283], [107.083348, 16.997298], [107.085079, 16.995102], [107.086015, 16.991698], [107.087551, 16.990823], [107.089037, 16.9907], [107.09181, 16.99132], [107.093892, 16.993002], [107.094956, 16.994749], [107.095708, 16.997676], [107.094655, 16.998068], [107.095449, 16.997987], [107.095642, 16.998764], [107.100575, 17.000346], [107.103509, 17.00279], [107.104051, 17.006779], [107.104664, 17.007214], [107.105063, 17.006492], [107.105981, 17.006856], [107.104595, 17.009069], [107.104843, 17.010065], [107.104066, 17.010105], [107.104489, 17.01375], [107.106637, 17.013798], [107.110401, 17.012425], [107.109137, 17.011467], [107.10949, 17.010818], [107.108817, 17.009528], [107.109549, 17.009381], [107.107699, 17.003276], [107.107757, 17.000808], [107.106755, 17.00143], [107.103647, 16.998912], [107.104751, 16.997474], [107.105412, 16.99788], [107.105383, 16.997111], [107.104288, 16.997014], [107.103865, 16.997929], [107.102897, 16.998435], [107.098194, 16.997344], [107.097445, 16.996502], [107.096308, 16.993158], [107.095045, 16.991452], [107.091965, 16.9895], [107.088411, 16.989258], [107.085899, 16.990032], [107.084495, 16.991589], [107.082599, 16.995738], [107.077999, 16.99748], [107.075282, 16.999259], [107.073092, 17.003807], [107.070918, 17.004505]], [[106.785178, 16.893065], [106.783769, 16.89394], [106.783844, 16.893196], [106.785178, 16.893065]]]}}, {"type": "Feature", "properties": {"TENSONG": null}, "geometry": {"type": "Polygon", "coordinates": [[[107.089871, 16.964113], [107.088918, 16.960225], [107.086319, 16.958576], [107.086648, 16.958226], [107.086193, 16.958478], [107.085868, 16.95873], [107.088784, 16.960444], [107.089419, 16.964393], [107.089871, 16.964113]]]}}, {"type": "Feature", "properties": {"TENSONG": null}, "geometry": {"type": "Polygon", "coordinates": [[[106.792784, 16.639464], [106.791164, 16.64021], [106.785637, 16.640189], [106.783611, 16.639884], [106.782435, 16.639083], [106.781438, 16.639186], [106.780771, 16.639554], [106.780122, 16.641034], [106.779618, 16.643111], [106.779948, 16.644291], [106.779141, 16.645481], [106.77694, 16.645318], [106.775778, 16.645877], [106.775394, 16.647279], [106.774239, 16.648442], [106.771142, 16.647411], [106.770143, 16.64637], [106.769615, 16.646901], [106.773293, 16.648928], [106.774977, 16.648906], [106.775643, 16.648333], [106.776544, 16.645834], [106.779209, 16.645732], [106.780141, 16.644826], [106.780083, 16.64224], [106.781505, 16.639665], [106.78243, 16.639477], [106.783253, 16.640077], [106.785649, 16.640511], [106.791959, 16.640473], [106.793781, 16.638998], [106.79692, 16.634512], [106.798234, 16.634531], [106.800194, 16.636075], [106.800979, 16.638431], [106.80092, 16.636472], [106.798466, 16.63423], [106.79675, 16.634211], [106.792784, 16.639464]]]}}, {"type": "Feature", "properties": {"TENSONG": null}, "geometry": {"type": "Polygon", "coordinates": [[[107.127777, 16.730957], [107.126137, 16.730524], [107.126558, 16.73004], [107.126743, 16.72803], [107.126513, 16.727754], [107.125923, 16.727947], [107.126027, 16.727705], [107.125176, 16.726655], [107.124802, 16.727212], [107.125219, 16.726868], [107.125819, 16.728025], [107.126643, 16.727982], [107.12661, 16.729184], [107.125712, 16.730063], [107.125675, 16.730937], [107.127114, 16.730945], [107.127282, 16.731499], [107.127777, 16.730957]]]}}, {"type": "Feature", "properties": {"TENSONG": "Sông Hiếu"}, "geometry": {"type": "Polygon", "coordinates": [[[106.698439, 16.85274], [106.702495, 16.851337], [106.703737, 16.849988], [106.705695, 16.84999], [106.708152, 16.849329], [106.709043, 16.848408], [106.711735, 16.847448], [106.71258, 16.847455], [106.713578, 16.848614], [106.713841, 16.84854], [106.714117, 16.847643], [106.714474, 16.84754], [106.714922, 16.848459], [106.715397, 16.84879], [106.71577, 16.848787], [106.716603, 16.848149], [106.717154, 16.84593], [106.718045, 16.846764], [106.719406, 16.847331], [106.720008, 16.848584], [106.720545, 16.848666], [106.720741, 16.846115], [106.723532, 16.84678], [106.724112, 16.846623], [106.724301, 16.846167], [106.723782, 16.845291], [106.724808, 16.843436], [106.728164, 16.843924], [106.728743, 16.84324], [106.729489, 16.841163], [106.731009, 16.840667], [106.733336, 16.83912], [106.73713, 16.839049], [106.74047, 16.837984], [106.742876, 16.837947], [106.744126, 16.8384], [106.744166, 16.839567], [106.745223, 16.83995], [106.746147, 16.839469], [106.746543, 16.838294], [106.748439, 16.838192], [106.749708, 16.839032], [106.750155, 16.839033], [106.752778, 16.836248], [106.754568, 16.836648], [106.755127, 16.83571], [106.757544, 16.83436], [106.759974, 16.83403], [106.761662, 16.834794], [106.76248, 16.834814], [106.765882, 16.834], [106.767232, 16.833482], [106.768397, 16.832847], [106.771289, 16.833139], [106.77584, 16.832889], [106.776189, 16.832366], [106.77566, 16.830968], [106.776195, 16.830246], [106.776463, 16.829093], [106.77572, 16.82909], [106.775185, 16.829663], [106.774508, 16.829479], [106.772933, 16.826959], [106.774327, 16.82531], [106.775144, 16.826252], [106.775984, 16.825293], [106.777388, 16.824883], [106.777849, 16.824547], [106.776883, 16.821038], [106.777104, 16.820304], [106.778525, 16.821985], [106.779628, 16.822572], [106.780842, 16.82274], [106.781542, 16.821597], [106.782489, 16.821678], [106.782566, 16.822652], [106.786481, 16.826121], [106.786742, 16.82672], [106.786035, 16.826754], [106.785634, 16.826976], [106.784635, 16.828669], [106.785504, 16.829759], [106.785367, 16.831477], [106.784862, 16.832111], [106.784669, 16.832798], [106.785036, 16.833166], [106.787496, 16.833475], [106.787966, 16.833045], [106.787686, 16.831904], [106.789314, 16.831176], [106.790074, 16.830503], [106.789288, 16.829254], [106.789711, 16.827598], [106.789624, 16.8264], [106.787453, 16.822556], [106.788904, 16.821607], [106.789779, 16.820602], [106.790321, 16.820781], [106.791333, 16.823621], [106.792153, 16.824354], [106.792705, 16.824283], [106.795126, 16.821641], [106.797345, 16.822733], [106.798888, 16.821653], [106.800254, 16.821847], [106.801067, 16.822987], [106.802856, 16.8229], [106.804384, 16.823862], [106.806086, 16.824289], [106.807247, 16.824137], [106.811036, 16.822889], [106.81241, 16.820568], [106.812995, 16.81893], [106.814011, 16.817944], [106.815805, 16.817846], [106.817228, 16.818716], [106.818059, 16.818716], [106.81793, 16.816647], [106.818573, 16.815355], [106.819978, 16.817652], [106.820803, 16.818264], [106.822738, 16.817659], [106.822942, 16.817302], [106.822766, 16.815782], [106.823512, 16.815258], [106.82835, 16.815063], [106.829344, 16.813853], [106.83073, 16.81113], [106.832799, 16.810508], [106.833944, 16.809778], [106.836359, 16.811235], [106.838121, 16.811214], [106.839355, 16.809807], [106.839573, 16.808956], [106.839597, 16.806251], [106.8414, 16.805085], [106.841775, 16.804376], [106.841371, 16.803627], [106.844105, 16.802209], [106.844421, 16.800599], [106.843791, 16.798802], [106.8442, 16.797917], [106.847981, 16.795161], [106.849375, 16.793441], [106.852489, 16.795637], [106.853677, 16.795985], [106.854772, 16.795093], [106.856947, 16.791783], [106.857463, 16.788541], [106.858097, 16.787495], [106.859695, 16.78791], [106.861383, 16.789363], [106.864085, 16.788637], [106.866365, 16.789614], [106.865902, 16.790141], [106.867769, 16.789946], [106.870661, 16.791194], [106.870557, 16.789903], [106.871278, 16.788995], [106.872837, 16.788302], [106.87334, 16.788297], [106.87287, 16.788664], [106.8758, 16.788207], [106.876578, 16.789476], [106.880911, 16.790157], [106.881735, 16.789655], [106.883649, 16.786224], [106.885551, 16.786727], [106.886976, 16.787822], [106.888814, 16.787519], [106.89268, 16.785679], [106.895383, 16.785254], [106.896181, 16.782835], [106.897811, 16.78373], [106.89824, 16.785754], [106.897909, 16.785781], [106.898762, 16.78661], [106.901077, 16.786703], [106.904378, 16.786176], [106.905746, 16.786605], [106.90609, 16.787632], [106.904487, 16.788757], [106.904353, 16.789992], [106.905612, 16.790863], [106.911534, 16.789832], [106.916666, 16.791436], [106.917637, 16.792205], [106.920589, 16.791396], [106.922189, 16.791482], [106.925369, 16.789525], [106.926764, 16.789581], [106.928009, 16.790937], [106.928796, 16.790967], [106.928393, 16.794683], [106.928844, 16.795924], [106.929725, 16.796696], [106.931089, 16.797143], [106.932874, 16.796451], [106.934061, 16.794933], [106.935465, 16.795213], [106.935944, 16.7968], [106.937411, 16.79787], [106.939013, 16.800176], [106.946425, 16.803631], [106.947456, 16.805493], [106.946765, 16.806326], [106.946569, 16.807592], [106.94875, 16.809872], [106.952995, 16.811344], [106.953925, 16.812217], [106.958057, 16.813907], [106.966259, 16.813745], [106.970698, 16.812362], [106.970995, 16.812037], [106.970528, 16.81169], [106.975966, 16.810937], [106.9781, 16.812477], [106.980242, 16.812681], [106.977281, 16.813942], [106.973448, 16.81367], [106.972835, 16.814436], [106.972242, 16.817608], [106.970089, 16.818375], [106.969956, 16.818839], [106.970279, 16.819993], [106.969308, 16.819974], [106.968998, 16.819464], [106.968525, 16.819188], [106.965636, 16.819544], [106.962907, 16.820583], [106.962155, 16.820478], [106.959843, 16.822158], [106.959901, 16.824854], [106.957299, 16.824988], [106.956716, 16.825642], [106.955267, 16.828421], [106.952868, 16.827491], [106.952231, 16.82806], [106.951932, 16.829755], [106.948551, 16.829437], [106.949377, 16.829797], [106.951458, 16.829926], [106.952253, 16.829689], [106.952169, 16.828606], [106.952892, 16.827613], [106.95463, 16.828669], [106.955427, 16.828547], [106.957034, 16.825494], [106.960138, 16.82491], [106.959992, 16.822194], [106.962086, 16.820677], [106.962786, 16.820733], [106.965173, 16.820127], [106.965661, 16.819654], [106.968537, 16.819296], [106.96921, 16.820088], [106.970389, 16.820103], [106.970187, 16.818526], [106.97242, 16.817651], [106.973032, 16.814902], [106.973834, 16.814297], [106.978312, 16.813932], [106.980377, 16.812763], [106.982186, 16.812542], [106.983574, 16.813161], [106.987764, 16.812373], [106.990287, 16.814191], [106.991921, 16.814643], [106.994145, 16.814944], [106.997471, 16.814226], [106.999098, 16.814971], [106.999711, 16.8155], [107.000637, 16.817957], [107.000343, 16.818859], [106.998748, 16.820484], [106.998259, 16.822099], [107.000355, 16.82381], [107.003797, 16.822582], [107.005229, 16.81973], [107.007248, 16.818727], [107.011544, 16.8202], [107.016903, 16.818967], [107.021587, 16.823011], [107.025335, 16.825027], [107.029398, 16.823911], [107.034191, 16.82141], [107.035054, 16.821394], [107.036887, 16.822366], [107.037821, 16.822247], [107.041135, 16.820873], [107.042386, 16.819065], [107.042431, 16.818279], [107.041247, 16.81649], [107.037522, 16.814568], [107.037122, 16.813339], [107.043778, 16.808632], [107.045277, 16.807053], [107.047419, 16.806404], [107.053811, 16.808609], [107.062164, 16.816572], [107.063815, 16.817055], [107.069309, 16.817346], [107.071716, 16.818487], [107.082203, 16.827657], [107.086627, 16.830549], [107.089597, 16.830902], [107.091047, 16.829147], [107.099885, 16.8262], [107.103508, 16.829942], [107.105743, 16.834147], [107.109004, 16.836956], [107.111589, 16.837516], [107.115731, 16.835954], [107.118314, 16.836183], [107.120595, 16.837098], [107.120436, 16.837761], [107.120846, 16.837372], [107.121523, 16.837725], [107.123191, 16.839704], [107.123552, 16.841783], [107.124727, 16.838358], [107.123141, 16.836798], [107.123327, 16.836511], [107.117251, 16.834523], [107.114224, 16.834585], [107.113382, 16.834197], [107.11334, 16.834943], [107.112569, 16.835703], [107.109772, 16.835406], [107.105889, 16.831555], [107.104373, 16.828867], [107.100987, 16.825526], [107.099718, 16.824986], [107.095649, 16.824687], [107.089841, 16.829373], [107.087202, 16.829129], [107.084163, 16.827346], [107.073617, 16.819231], [107.072191, 16.817662], [107.068367, 16.816178], [107.063292, 16.816013], [107.059304, 16.812002], [107.054627, 16.808541], [107.05402, 16.807509], [107.048136, 16.805705], [107.046316, 16.805679], [107.044991, 16.806251], [107.037039, 16.812231], [107.035901, 16.813926], [107.037155, 16.815572], [107.041454, 16.817384], [107.041807, 16.818612], [107.040731, 16.82023], [107.037616, 16.821583], [107.033934, 16.820607], [107.025824, 16.824346], [107.022586, 16.822859], [107.017616, 16.818668], [107.016548, 16.818241], [107.011662, 16.819516], [107.008514, 16.818082], [107.006072, 16.81823], [107.004887, 16.819013], [107.003274, 16.822366], [107.001642, 16.82308], [107.000581, 16.822941], [107.000607, 16.82336], [107.001272, 16.823363], [107.000399, 16.82353], [106.998988, 16.822278], [106.998897, 16.821464], [107.000906, 16.818101], [106.999862, 16.814889], [106.998428, 16.814102], [106.996332, 16.814137], [106.996762, 16.813711], [106.995577, 16.814221], [106.99149, 16.813894], [106.98981, 16.813284], [106.987905, 16.811727], [106.988065, 16.812254], [106.986616, 16.81195], [106.983976, 16.812744], [106.982788, 16.812302], [106.979224, 16.812545], [106.97571, 16.810696], [106.970207, 16.811447], [106.969639, 16.812247], [106.966945, 16.813229], [106.960522, 16.813263], [106.959082, 16.813755], [106.9584, 16.813068], [106.954745, 16.812317], [106.955499, 16.812186], [106.954297, 16.811625], [106.954612, 16.810783], [106.950894, 16.809536], [106.950928, 16.81002], [106.949151, 16.809559], [106.947375, 16.807701], [106.947938, 16.804645], [106.947378, 16.805207], [106.946655, 16.803305], [106.945773, 16.80251], [106.939202, 16.799827], [106.936231, 16.795051], [106.934316, 16.79412], [106.933552, 16.79457], [106.932662, 16.796241], [106.930996, 16.796739], [106.929866, 16.796405], [106.928917, 16.795348], [106.929059, 16.791091], [106.927079, 16.789258], [106.924532, 16.7886], [106.921514, 16.790526], [106.917839, 16.791809], [106.915861, 16.79056], [106.912249, 16.78931], [106.905674, 16.790478], [106.905049, 16.790121], [106.904721, 16.788962], [106.906784, 16.787751], [106.90581, 16.78603], [106.903541, 16.786024], [106.90195, 16.786521], [106.899163, 16.786214], [106.898356, 16.785252], [106.898115, 16.783983], [106.897295, 16.782786], [106.895636, 16.782324], [106.89475, 16.785048], [106.891399, 16.785552], [106.888752, 16.787318], [106.887078, 16.787374], [106.884224, 16.785846], [106.883562, 16.785898], [106.881053, 16.789939], [106.878785, 16.789678], [106.876432, 16.788782], [106.875883, 16.788061], [106.874616, 16.788019], [106.872582, 16.788179], [106.871409, 16.788539], [106.87039, 16.789914], [106.870264, 16.790432], [106.869671, 16.790581], [106.868386, 16.789719], [106.866696, 16.789672], [106.864086, 16.788415], [106.861325, 16.788981], [106.858973, 16.787208], [106.858079, 16.787195], [106.857061, 16.788654], [106.856762, 16.791629], [106.855849, 16.793081], [106.854716, 16.793807], [106.854044, 16.795465], [106.852996, 16.795716], [106.850209, 16.793421], [106.848963, 16.793178], [106.847816, 16.795038], [106.843963, 16.797834], [106.843302, 16.799456], [106.844105, 16.800683], [106.843872, 16.801943], [106.840853, 16.803486], [106.8408, 16.80412], [106.841408, 16.804638], [106.839181, 16.806389], [106.839426, 16.809025], [106.838893, 16.810313], [106.838088, 16.810903], [106.836762, 16.810964], [106.834022, 16.809601], [106.83281, 16.81035], [106.830518, 16.810837], [106.829938, 16.811529], [106.830058, 16.812417], [106.828291, 16.814957], [106.823302, 16.815203], [106.822616, 16.815784], [106.822799, 16.817441], [106.820843, 16.81812], [106.820109, 16.817566], [106.818944, 16.815161], [106.818503, 16.815153], [106.817771, 16.816619], [106.817964, 16.818559], [106.815895, 16.817743], [106.813972, 16.817827], [106.81278, 16.819048], [106.810734, 16.822807], [106.807237, 16.824018], [106.806118, 16.824177], [106.804255, 16.823683], [106.803095, 16.822838], [106.801178, 16.822796], [106.800563, 16.821841], [106.799256, 16.821516], [106.798658, 16.82159], [106.797333, 16.822584], [106.795124, 16.821496], [106.792205, 16.824198], [106.791485, 16.823549], [106.790321, 16.820494], [106.789481, 16.8206], [106.787273, 16.822566], [106.789451, 16.826444], [106.789109, 16.829264], [106.789893, 16.830478], [106.787541, 16.831795], [106.787447, 16.833348], [106.784807, 16.832768], [106.785506, 16.831507], [106.785644, 16.830363], [106.785568, 16.829538], [106.784824, 16.828599], [106.785829, 16.826976], [106.786788, 16.826999], [106.787014, 16.826474], [106.782867, 16.822793], [106.782569, 16.821585], [106.781394, 16.821426], [106.780889, 16.822551], [106.779903, 16.822475], [106.778631, 16.821859], [106.777515, 16.82043], [106.776778, 16.820141], [106.776559, 16.820573], [106.777626, 16.824474], [106.775808, 16.825246], [106.775139, 16.826106], [106.774439, 16.824975], [106.772783, 16.826917], [106.774428, 16.829605], [106.775162, 16.829808], [106.776169, 16.829273], [106.775495, 16.830935], [106.776008, 16.832376], [106.77575, 16.83274], [106.768364, 16.832681], [106.762508, 16.834622], [106.759739, 16.833828], [106.756845, 16.834241], [106.754924, 16.835652], [106.754481, 16.836492], [106.753112, 16.835906], [106.752366, 16.836267], [106.750248, 16.838751], [106.748381, 16.837917], [106.747282, 16.837905], [106.746257, 16.838222], [106.746028, 16.839225], [106.745176, 16.839782], [106.74423, 16.83828], [106.742795, 16.83776], [106.740442, 16.837824], [106.738346, 16.838219], [106.737118, 16.83893], [106.733289, 16.83901], [106.730943, 16.840568], [106.729379, 16.841024], [106.728167, 16.843741], [106.724598, 16.84336], [106.723643, 16.845352], [106.723977, 16.84654], [106.720567, 16.845953], [106.72035, 16.848589], [106.719514, 16.847275], [106.717084, 16.845743], [106.716454, 16.847982], [106.715725, 16.848676], [106.715014, 16.848367], [106.714513, 16.8474], [106.713923, 16.847613], [106.713583, 16.848495], [106.712637, 16.847351], [106.710888, 16.847525], [106.708909, 16.848272], [106.707994, 16.849223], [106.703353, 16.849991], [106.702403, 16.851207], [106.698439, 16.85274]], [[106.921326, 16.791291], [106.9226, 16.790241], [106.921851, 16.790414], [106.924667, 16.78876], [106.926068, 16.789142], [106.923067, 16.790413], [106.922248, 16.791336], [106.921326, 16.791291]], [[107.095452, 16.825796], [107.097287, 16.825093], [107.098374, 16.825323], [107.095452, 16.825796]], [[106.974058, 16.813997], [106.973263, 16.814676], [106.97307, 16.81468], [106.973361, 16.813912], [106.974058, 16.813997]]]}}, {"type": "Feature", "properties": {"TENSONG": null}, "geometry": {"type": "Polygon", "coordinates": [[[106.96205, 17.092009], [106.961898, 17.09168], [106.961226, 17.09201], [106.960293, 17.091109], [106.960084, 17.089346], [106.959577, 17.08918], [106.956424, 17.090869], [106.95417, 17.090655], [106.952979, 17.092108], [106.952063, 17.091283], [106.94965, 17.090557], [106.948232, 17.091249], [106.947752, 17.092582], [106.948386, 17.091599], [106.949555, 17.090953], [106.952066, 17.091561], [106.953061, 17.092481], [106.954465, 17.090921], [106.956153, 17.091263], [106.959349, 17.089517], [106.959765, 17.089557], [106.960129, 17.091317], [106.961163, 17.092088], [106.96205, 17.092009]]]}}, {"type": "Feature", "properties": {"TENSONG": null}, "geometry": {"type": "Polygon", "coordinates": [[[106.96392, 17.092241], [106.965116, 17.090716], [106.966433, 17.090121], [106.967123, 17.089496], [106.967247, 17.088237], [106.967696, 17.087626], [106.970794, 17.0804], [106.973613, 17.078793], [106.975234, 17.076915], [106.975137, 17.076258], [106.974451, 17.075357], [106.974578, 17.074993], [106.975361, 17.074932], [106.975702, 17.074306], [106.976316, 17.074397], [106.977127, 17.074119], [106.979991, 17.072182], [106.982613, 17.066962], [106.985153, 17.066905], [106.987699, 17.068329], [106.991544, 17.067557], [106.991647, 17.067275], [106.98784, 17.068145], [106.985315, 17.066742], [106.98255, 17.066704], [106.979536, 17.072323], [106.977149, 17.073978], [106.975664, 17.074231], [106.975274, 17.074872], [106.974797, 17.074819], [106.974363, 17.075046], [106.974421, 17.075566], [106.975162, 17.076821], [106.973588, 17.078664], [106.970594, 17.080462], [106.967119, 17.088286], [106.967017, 17.089468], [106.965119, 17.090463], [106.965297, 17.086981], [106.964588, 17.091251], [106.963884, 17.092064], [106.962251, 17.09161], [106.96205, 17.092009], [106.96392, 17.092241]]]}}, {"type": "Feature", "properties": {"TENSONG": null}, "geometry": {"type": "Polygon", "coordinates": [[[107.122759, 16.84547], [107.122444, 16.845475], [107.12043, 16.843781], [107.120301, 16.844978], [107.122664, 16.846155], [107.122759, 16.84547]]]}}, {"type": "Feature", "properties": {"TENSONG": null}, "geometry": {"type": "Polygon", "coordinates": [[[107.103921, 16.867824], [107.101291, 16.870108], [107.102895, 16.871277], [107.102072, 16.87331], [107.102477, 16.873851], [107.101787, 16.874241], [107.102845, 16.873712], [107.102512, 16.873019], [107.103156, 16.871391], [107.101526, 16.870049], [107.103921, 16.867824]]]}}, {"type": "Feature", "properties": {"TENSONG": null}, "geometry": {"type": "Polygon", "coordinates": [[[107.108422, 16.860926], [107.107591, 16.860978], [107.108001, 16.861534], [107.10671, 16.862516], [107.106891, 16.862688], [107.10851, 16.861387], [107.108422, 16.860926]]]}}, {"type": "Feature", "properties": {"TENSONG": null}, "geometry": {"type": "Polygon", "coordinates": [[[107.081219, 16.821065], [107.079645, 16.819764], [107.080404, 16.819359], [107.080929, 16.818795], [107.081581, 16.818834], [107.081352, 16.81733], [107.081469, 16.818786], [107.080855, 16.818666], [107.0795, 16.819769], [107.081219, 16.821065]]]}}, {"type": "Feature", "properties": {"TENSONG": null}, "geometry": {"type": "Polygon", "coordinates": [[[106.970881, 16.494872], [106.972146, 16.494301], [106.971405, 16.492126], [106.972109, 16.490676], [106.972616, 16.486411], [106.976943, 16.482617], [106.984252, 16.479575], [106.985166, 16.478725], [106.986951, 16.474403], [106.988931, 16.471555], [106.988364, 16.46833], [106.98861, 16.467008], [106.990481, 16.464022], [106.992215, 16.462468], [106.994186, 16.458672], [106.992612, 16.455833], [106.990835, 16.455685], [106.988646, 16.456762], [106.985679, 16.460038], [106.983761, 16.460458], [106.981734, 16.459884], [106.980514, 16.458872], [106.979279, 16.456135], [106.979505, 16.454654], [106.982499, 16.449202], [106.983017, 16.44749], [106.982609, 16.44611], [106.978559, 16.445661], [106.977169, 16.444421], [106.976872, 16.443477], [106.977231, 16.442738], [106.979123, 16.442535], [106.980679, 16.441179], [106.982071, 16.439029], [106.982677, 16.436293], [106.98284, 16.433476], [106.980848, 16.431745], [106.980223, 16.42752], [106.981121, 16.426645], [106.983426, 16.427153], [106.986171, 16.426544], [106.986555, 16.424877], [106.985605, 16.418575], [106.986669, 16.416652], [106.988522, 16.416222], [106.990709, 16.414709], [106.993319, 16.412134], [106.993851, 16.410808], [106.992083, 16.407347], [106.990982, 16.406454], [106.990478, 16.404521], [106.991325, 16.400744], [106.991071, 16.399096], [106.987703, 16.396545], [106.9844, 16.39657], [106.982511, 16.395909], [106.980132, 16.39378], [106.980243, 16.392976], [106.983299, 16.391541], [106.985224, 16.391775], [106.990852, 16.390976], [106.99167, 16.390031], [106.996324, 16.389038], [106.998109, 16.387828], [107.000354, 16.383497], [107.000472, 16.381252], [106.999451, 16.378965], [106.999361, 16.377382], [107.000729, 16.374979], [107.002212, 16.373465], [107.000194, 16.375356], [107.000286, 16.374449], [107.002322, 16.372397], [107.002484, 16.373143], [107.003746, 16.371811], [107.005457, 16.371321], [107.010701, 16.372655], [107.011739, 16.37415], [107.013267, 16.373818], [107.015453, 16.372492], [107.016498, 16.370545], [107.01671, 16.365323], [107.01584, 16.36343], [107.01398, 16.361191], [107.014153, 16.360687], [107.016467, 16.361052], [107.020111, 16.36413], [107.02416, 16.365903], [107.029094, 16.368911], [107.030245, 16.370535], [107.032788, 16.370243], [107.034694, 16.37163], [107.036597, 16.371741], [107.038908, 16.369662], [107.039528, 16.369746], [107.040215, 16.372827], [107.043357, 16.376193], [107.045277, 16.380577], [107.049212, 16.382706], [107.050024, 16.382583], [107.052299, 16.381646], [107.054335, 16.381761], [107.058009, 16.384518], [107.059357, 16.387228], [107.058337, 16.384585], [107.054339, 16.381604], [107.052307, 16.381469], [107.049309, 16.382603], [107.047887, 16.381448], [107.045433, 16.380439], [107.04347, 16.376079], [107.04038, 16.372771], [107.039916, 16.370207], [107.03967, 16.369755], [107.039238, 16.369407], [107.036373, 16.371357], [107.034726, 16.371337], [107.03307, 16.369852], [107.030554, 16.3702], [107.028989, 16.368441], [107.025083, 16.365877], [107.025365, 16.365328], [107.021981, 16.364879], [107.019604, 16.363489], [107.018706, 16.362228], [107.015602, 16.360532], [107.014069, 16.360469], [107.01369, 16.361478], [107.01156, 16.363239], [107.01033, 16.360505], [107.005907, 16.360153], [107.003321, 16.356603], [107.001504, 16.356763], [106.998853, 16.355669], [106.995604, 16.355889], [106.992608, 16.355104], [106.992659, 16.353394], [106.991795, 16.35186], [106.991834, 16.350156], [106.991252, 16.349009], [106.991488, 16.347821], [106.989766, 16.346282], [106.989773, 16.344855], [106.990349, 16.343856], [106.989853, 16.342769], [106.990786, 16.341144], [106.990279, 16.340577], [106.989492, 16.340255], [106.988548, 16.340243], [106.988329, 16.339684], [106.988503, 16.338513], [106.989494, 16.338936], [106.98994, 16.338706], [106.99032, 16.337801], [106.990126, 16.337025], [106.990636, 16.335852], [106.990179, 16.335444], [106.989505, 16.335213], [106.988247, 16.335838], [106.987958, 16.334677], [106.988179, 16.335973], [106.989549, 16.335429], [106.990525, 16.335935], [106.990011, 16.336815], [106.989794, 16.338553], [106.988479, 16.33823], [106.988129, 16.339457], [106.988475, 16.340475], [106.989402, 16.340379], [106.990631, 16.341104], [106.989666, 16.342725], [106.9902, 16.343827], [106.989626, 16.344543], [106.989589, 16.346237], [106.989824, 16.346938], [106.991336, 16.348074], [106.991044, 16.3487], [106.991419, 16.351427], [106.99222, 16.35286], [106.992342, 16.355248], [106.995306, 16.356111], [106.999154, 16.355899], [107.001116, 16.356839], [107.003228, 16.356774], [107.006053, 16.360653], [107.0103, 16.360935], [107.011328, 16.363573], [107.012032, 16.363542], [107.013789, 16.361742], [107.014499, 16.362869], [107.015484, 16.363304], [107.016389, 16.365346], [107.015669, 16.371403], [107.013796, 16.373282], [107.012671, 16.37368], [107.011585, 16.373562], [107.010807, 16.372568], [107.006119, 16.371082], [107.003549, 16.371443], [107.001569, 16.372748], [107.000163, 16.374294], [106.999115, 16.377351], [106.999193, 16.379169], [106.999966, 16.380374], [106.999932, 16.383972], [106.996597, 16.388087], [106.989462, 16.39082], [106.982829, 16.391195], [106.981192, 16.391899], [106.981986, 16.386875], [106.980983, 16.385617], [106.979794, 16.385037], [106.978932, 16.385499], [106.977735, 16.388355], [106.976585, 16.388677], [106.971754, 16.387726], [106.968635, 16.384801], [106.968297, 16.383788], [106.967135, 16.383374], [106.964319, 16.384267], [106.964103, 16.384979], [106.964722, 16.386065], [106.963699, 16.387001], [106.96302, 16.386742], [106.962368, 16.3846], [106.961738, 16.383989], [106.960938, 16.384255], [106.95947, 16.386187], [106.955579, 16.38693], [106.954436, 16.386367], [106.953797, 16.384881], [106.952682, 16.384973], [106.950317, 16.387144], [106.951, 16.389136], [106.948961, 16.391687], [106.949245, 16.39236], [106.948638, 16.393023], [106.948625, 16.393603], [106.949868, 16.393963], [106.94923, 16.395554], [106.949264, 16.397483], [106.947694, 16.397233], [106.947059, 16.39764], [106.948767, 16.399051], [106.949134, 16.400031], [106.947317, 16.400397], [106.946582, 16.402032], [106.94693, 16.403314], [106.948117, 16.40537], [106.950272, 16.406891], [106.951546, 16.407235], [106.952062, 16.408278], [106.951481, 16.416564], [106.950478, 16.417819], [106.950094, 16.418827], [106.950736, 16.420664], [106.951655, 16.421767], [106.951742, 16.424216], [106.950896, 16.425682], [106.950921, 16.426328], [106.953161, 16.427371], [106.95154, 16.429406], [106.951964, 16.431554], [106.951749, 16.434879], [106.952122, 16.434415], [106.952115, 16.431188], [106.951701, 16.429464], [106.953414, 16.427291], [106.951118, 16.4262], [106.951873, 16.424335], [106.951865, 16.421651], [106.950302, 16.418725], [106.951721, 16.416496], [106.952262, 16.408015], [106.951687, 16.407076], [106.948455, 16.40524], [106.946876, 16.402527], [106.947603, 16.400796], [106.949341, 16.399998], [106.948755, 16.398734], [106.947227, 16.397625], [106.948796, 16.397879], [106.949467, 16.397514], [106.949457, 16.39559], [106.950044, 16.393833], [106.948764, 16.393281], [106.949508, 16.3924], [106.949926, 16.390572], [106.951156, 16.389331], [106.950624, 16.387199], [106.951947, 16.385752], [106.953323, 16.384945], [106.95435, 16.386626], [106.955893, 16.387157], [106.959744, 16.386364], [106.961742, 16.384319], [106.962814, 16.386812], [106.963828, 16.387126], [106.964906, 16.386041], [106.964297, 16.38515], [106.964489, 16.384634], [106.967124, 16.383707], [106.971563, 16.388083], [106.976112, 16.389009], [106.977908, 16.388827], [106.979059, 16.385783], [106.979924, 16.38538], [106.981651, 16.387146], [106.979895, 16.393979], [106.983117, 16.396485], [106.988158, 16.397271], [106.990267, 16.398817], [106.990697, 16.399757], [106.990551, 16.401396], [106.98917, 16.40327], [106.992446, 16.412196], [106.990175, 16.41419], [106.986874, 16.415379], [106.986265, 16.415906], [106.985098, 16.418891], [106.985242, 16.422342], [106.986271, 16.425478], [106.985962, 16.426236], [106.983372, 16.426854], [106.982053, 16.426094], [106.980611, 16.426316], [106.979895, 16.427075], [106.97966, 16.428272], [106.980173, 16.431303], [106.980488, 16.432195], [106.982574, 16.433591], [106.98257, 16.434702], [106.980705, 16.440372], [106.979057, 16.442003], [106.977178, 16.442397], [106.976535, 16.443801], [106.976706, 16.444674], [106.977923, 16.445765], [106.982532, 16.44656], [106.982281, 16.44925], [106.981352, 16.449791], [106.978818, 16.455632], [106.979321, 16.457787], [106.980634, 16.459285], [106.982469, 16.460396], [106.984264, 16.460761], [106.987157, 16.459371], [106.989117, 16.457181], [106.991819, 16.456362], [106.993371, 16.457543], [106.993441, 16.459025], [106.991196, 16.462685], [106.991851, 16.462571], [106.989115, 16.4651], [106.988235, 16.466838], [106.987932, 16.468476], [106.988652, 16.471473], [106.986121, 16.474785], [106.98459, 16.47895], [106.979524, 16.481252], [106.976811, 16.481871], [106.971988, 16.486018], [106.971877, 16.48826], [106.970558, 16.492709], [106.970881, 16.494872]], [[106.989374, 16.414725], [106.988804, 16.415866], [106.98667, 16.416119], [106.987177, 16.415463], [106.989374, 16.414725]], [[106.991257, 16.407119], [106.991977, 16.407455], [106.993331, 16.409948], [106.99349, 16.410958], [106.992902, 16.412012], [106.991166, 16.408055], [106.991257, 16.407119]], [[106.99011, 16.402458], [106.990271, 16.403018], [106.989858, 16.404326], [106.989458, 16.403153], [106.99011, 16.402458]]]}}, {"type": "Feature", "properties": {"TENSONG": null}, "geometry": {"type": "Polygon", "coordinates": [[[107.137594, 16.905657], [107.137174, 16.905055], [107.137658, 16.902845], [107.136755, 16.902083], [107.135394, 16.902169], [107.134015, 16.903627], [107.132227, 16.904148], [107.132438, 16.904424], [107.134081, 16.903838], [107.13527, 16.902505], [107.136435, 16.902296], [107.137361, 16.902997], [107.136907, 16.905088], [107.137594, 16.905657]]]}}, {"type": "Feature", "properties": {"TENSONG": null}, "geometry": {"type": "Polygon", "coordinates": [[[107.190002, 16.883886], [107.188492, 16.881908], [107.188799, 16.881412], [107.186913, 16.879212], [107.186527, 16.87945], [107.185414, 16.878523], [107.184571, 16.878615], [107.184259, 16.87966], [107.187872, 16.88223], [107.18775, 16.882753], [107.189365, 16.884354], [107.190002, 16.883886]]]}}, {"type": "Feature", "properties": {"TENSONG": null}, "geometry": {"type": "Polygon", "coordinates": [[[107.231152, 16.729262], [107.230144, 16.729818], [107.230858, 16.730721], [107.230571, 16.731779], [107.231409, 16.730767], [107.230576, 16.729972], [107.231152, 16.729262]]]}}, {"type": "Feature", "properties": {"TENSONG": null}, "geometry": {"type": "Polygon", "coordinates": [[[107.153176, 16.787985], [107.152945, 16.785014], [107.152292, 16.783803], [107.152956, 16.786587], [107.15254, 16.788229], [107.151069, 16.78867], [107.148336, 16.788364], [107.147263, 16.788934], [107.146488, 16.788706], [107.146571, 16.788322], [107.146211, 16.787862], [107.146438, 16.788453], [107.145614, 16.789334], [107.146047, 16.790541], [107.14681, 16.790646], [107.147317, 16.790229], [107.147854, 16.790515], [107.146726, 16.792212], [107.14568, 16.792696], [107.147202, 16.796137], [107.147102, 16.798469], [107.145233, 16.799554], [107.145256, 16.79831], [107.144261, 16.797209], [107.142822, 16.797303], [107.142263, 16.798262], [107.142132, 16.80115], [107.142469, 16.801383], [107.142459, 16.798648], [107.143013, 16.797633], [107.144938, 16.798255], [107.144931, 16.799963], [107.147345, 16.798534], [107.14748, 16.796095], [107.146023, 16.79288], [107.146936, 16.792324], [107.148046, 16.790421], [107.147148, 16.790036], [107.14639, 16.790538], [107.145938, 16.789255], [107.147499, 16.789101], [107.148513, 16.788571], [107.151082, 16.788871], [107.153176, 16.787985]]]}}, {"type": "Feature", "properties": {"TENSONG": null}, "geometry": {"type": "Polygon", "coordinates": [[[106.686674, 16.607512], [106.684124, 16.607249], [106.682633, 16.606334], [106.68326, 16.605225], [106.683079, 16.604139], [106.68136, 16.602001], [106.679716, 16.60157], [106.678675, 16.600013], [106.678384, 16.599258], [106.6797, 16.596448], [106.679615, 16.595704], [106.678394, 16.595684], [106.674952, 16.597179], [106.673829, 16.596624], [106.671876, 16.594149], [106.671242, 16.59239], [106.672149, 16.58975], [106.672026, 16.588884], [106.671217, 16.588134], [106.668743, 16.588133], [106.667281, 16.587628], [106.666635, 16.586943], [106.666938, 16.585333], [106.666571, 16.58546], [106.666466, 16.586882], [106.666998, 16.587606], [106.668977, 16.588381], [106.671073, 16.588313], [106.671752, 16.588944], [106.671923, 16.589717], [106.670978, 16.593257], [106.673564, 16.596784], [106.674979, 16.597364], [106.678213, 16.596058], [106.679269, 16.59618], [106.678092, 16.599406], [106.67958, 16.601775], [106.681205, 16.602176], [106.682826, 16.604185], [106.682816, 16.605078], [106.68218, 16.605835], [106.682359, 16.606475], [106.683925, 16.607569], [106.686389, 16.607979], [106.686674, 16.607512]]]}}, {"type": "Feature", "properties": {"TENSONG": null}, "geometry": {"type": "Polygon", "coordinates": [[[106.983295, 16.505677], [106.982578, 16.505423], [106.981169, 16.503251], [106.977921, 16.500849], [106.977693, 16.499486], [106.978624, 16.497519], [106.977559, 16.495978], [106.976597, 16.495398], [106.974959, 16.495697], [106.972146, 16.494301], [106.9716, 16.494837], [106.972138, 16.495375], [106.974075, 16.495469], [106.974838, 16.496004], [106.976535, 16.495897], [106.977493, 16.496459], [106.978148, 16.497707], [106.977475, 16.500268], [106.978083, 16.501536], [106.981124, 16.503504], [106.984, 16.507883], [106.983922, 16.508435], [106.985219, 16.50965], [106.986398, 16.513219], [106.985832, 16.515199], [106.987256, 16.517744], [106.987376, 16.518814], [106.984725, 16.519355], [106.984502, 16.518879], [106.976, 16.516263], [106.973724, 16.513088], [106.972148, 16.508175], [106.97001, 16.505099], [106.959829, 16.513113], [106.95923, 16.517425], [106.959614, 16.518844], [106.960121, 16.518495], [106.960637, 16.518973], [106.961666, 16.521535], [106.96146, 16.522043], [106.964407, 16.524539], [106.965675, 16.524431], [106.966949, 16.524955], [106.969487, 16.527943], [106.966585, 16.530189], [106.962605, 16.530238], [106.95983, 16.533332], [106.95949, 16.537344], [106.961011, 16.541874], [106.961024, 16.543159], [106.958285, 16.547614], [106.957845, 16.551743], [106.955793, 16.553166], [106.954432, 16.554823], [106.954375, 16.557129], [106.952761, 16.559914], [106.954935, 16.560819], [106.956559, 16.559645], [106.95605, 16.559509], [106.955617, 16.56024], [106.955243, 16.560004], [106.956187, 16.557153], [106.956791, 16.557127], [106.956989, 16.557755], [106.957017, 16.557148], [106.95753, 16.557323], [106.957311, 16.55679], [106.956105, 16.556366], [106.955908, 16.557832], [106.954954, 16.559132], [106.955675, 16.55502], [106.958608, 16.552044], [106.95926, 16.550842], [106.959649, 16.547354], [106.961725, 16.544014], [106.961948, 16.542605], [106.960847, 16.538821], [106.960512, 16.533912], [106.962773, 16.531177], [106.966683, 16.530517], [106.970283, 16.5282], [106.969959, 16.52714], [106.969621, 16.528175], [106.969052, 16.526116], [106.969554, 16.525882], [106.96856, 16.525677], [106.966186, 16.523825], [106.964509, 16.523412], [106.962065, 16.520934], [106.961031, 16.519084], [106.96127, 16.518348], [106.960369, 16.517067], [106.960214, 16.51508], [106.96081, 16.513621], [106.962874, 16.511406], [106.969891, 16.506092], [106.971755, 16.508404], [106.973525, 16.513864], [106.976149, 16.51688], [106.979268, 16.517867], [106.980924, 16.517919], [106.981423, 16.518249], [106.981068, 16.518612], [106.981928, 16.518994], [106.98498, 16.519608], [106.987324, 16.519517], [106.987891, 16.518725], [106.987793, 16.517883], [106.986423, 16.515696], [106.986442, 16.513707], [106.986836, 16.513492], [106.987694, 16.514122], [106.983295, 16.505677]]]}}, {"type": "Feature", "properties": {"TENSONG": null}, "geometry": {"type": "Polygon", "coordinates": [[[106.817385, 16.648469], [106.817183, 16.64729], [106.817682, 16.646299], [106.817333, 16.643409], [106.818133, 16.642543], [106.81763, 16.641498], [106.817093, 16.640957], [106.816438, 16.641108], [106.816259, 16.642133], [106.815664, 16.642186], [106.812928, 16.641282], [106.813191, 16.640773], [106.811452, 16.641472], [106.814941, 16.642625], [106.816987, 16.642566], [106.817438, 16.646489], [106.816318, 16.648402], [106.817385, 16.648469]]]}}, {"type": "Feature", "properties": {"TENSONG": null}, "geometry": {"type": "Polygon", "coordinates": [[[106.798047, 16.592636], [106.79881, 16.592988], [106.799809, 16.591362], [106.801125, 16.590912], [106.802, 16.591834], [106.801887, 16.592441], [106.803806, 16.591946], [106.805147, 16.590227], [106.804561, 16.59002], [106.803783, 16.591506], [106.802515, 16.591846], [106.802183, 16.591573], [106.802529, 16.590731], [106.801013, 16.590004], [106.799801, 16.590566], [106.797234, 16.590724], [106.795978, 16.589392], [106.795496, 16.588419], [106.7971, 16.587647], [106.797916, 16.586272], [106.797773, 16.585838], [106.796188, 16.584446], [106.79599, 16.58189], [106.796397, 16.581098], [106.796244, 16.57679], [106.795921, 16.579555], [106.796215, 16.58113], [106.795826, 16.581838], [106.795965, 16.584318], [106.797737, 16.586386], [106.796974, 16.58753], [106.7953, 16.588507], [106.796437, 16.59076], [106.797921, 16.591921], [106.798047, 16.592636]]]}}, {"type": "Feature", "properties": {"TENSONG": null}, "geometry": {"type": "Polygon", "coordinates": [[[105.92427, 18.026477], [105.926564, 18.025734], [105.928106, 18.023245], [105.931792, 18.023202], [105.934178, 18.021908], [105.93545, 18.022656], [105.936994, 18.022381], [105.937941, 18.024146], [105.939561, 18.023871], [105.942299, 18.021832], [105.941661, 18.020953], [105.94076, 18.021489], [105.940009, 18.021302], [105.940098, 18.020149], [105.944353, 18.019918], [105.945497, 18.019132], [105.947756, 18.018677], [105.951172, 18.015609], [105.952051, 18.017627], [105.952688, 18.017897], [105.954925, 18.015184], [105.957529, 18.013306], [105.958475, 18.011747], [105.961022, 18.01226], [105.963256, 18.010714], [105.964537, 18.011506], [105.965331, 18.011388], [105.965744, 18.010984], [105.965555, 18.0098], [105.967483, 18.009067], [105.965809, 18.006722], [105.965636, 18.005744], [105.968177, 18.007222], [105.969765, 18.005129], [105.971324, 18.005083], [105.971844, 18.003967], [105.971247, 18.003059], [105.972626, 18.001684], [105.973036, 18.000441], [105.973719, 18.000677], [105.974161, 18.001811], [105.975087, 18.002524], [105.975866, 18.002459], [105.978039, 18.001403], [105.978467, 18.000562], [105.977563, 17.999677], [105.978055, 17.99845], [105.975755, 17.997687], [105.977072, 17.996735], [105.977028, 17.99595], [105.978821, 17.996265], [105.980084, 17.996012], [105.980697, 17.995497], [105.981935, 17.995787], [105.982627, 17.995449], [105.984942, 17.998363], [105.985758, 17.998502], [105.986779, 17.998099], [105.988368, 17.996992], [105.987325, 17.994848], [105.98792, 17.994068], [105.988258, 17.991373], [105.989032, 17.990586], [105.989017, 17.989624], [105.990059, 17.987368], [105.990896, 17.987557], [105.992087, 17.987343], [105.992395, 17.987954], [105.993172, 17.988051], [105.994751, 17.987179], [105.995995, 17.983478], [105.997771, 17.982809], [105.997816, 17.981882], [105.998792, 17.980998], [106.000016, 17.980974], [106.000862, 17.980237], [106.004879, 17.980749], [106.001847, 17.979818], [105.999133, 17.980425], [105.997803, 17.981527], [105.997208, 17.982845], [105.995841, 17.983328], [105.99455, 17.987053], [105.993138, 17.987854], [105.992062, 17.987207], [105.989939, 17.987311], [105.988856, 17.989323], [105.98881, 17.990528], [105.988022, 17.991304], [105.98772, 17.994046], [105.987094, 17.994726], [105.98812, 17.99687], [105.986221, 17.998171], [105.984966, 17.998106], [105.984161, 17.996618], [105.982566, 17.995215], [105.980615, 17.995273], [105.978859, 17.996088], [105.976838, 17.995507], [105.976751, 17.996765], [105.975425, 17.997561], [105.977507, 17.998755], [105.977038, 17.99999], [105.977798, 18.000993], [105.976804, 18.001055], [105.975999, 18.002242], [105.975096, 18.002189], [105.973557, 17.999808], [105.972587, 18.000327], [105.972511, 18.001538], [105.971072, 18.002999], [105.971452, 18.004415], [105.969323, 18.004894], [105.968455, 18.006679], [105.965924, 18.005389], [105.965057, 18.005704], [105.964867, 18.006249], [105.967128, 18.008923], [105.965006, 18.009507], [105.965007, 18.01103], [105.963374, 18.010221], [105.961422, 18.011852], [105.958061, 18.011472], [105.957257, 18.013218], [105.9548, 18.01498], [105.952739, 18.017512], [105.951268, 18.015077], [105.947018, 18.01858], [105.945179, 18.01868], [105.943677, 18.019679], [105.939955, 18.020003], [105.939611, 18.020701], [105.93989, 18.021422], [105.940583, 18.021798], [105.941616, 18.021492], [105.941835, 18.02188], [105.939425, 18.02363], [105.938201, 18.023702], [105.93723, 18.021997], [105.935756, 18.022154], [105.934116, 18.021498], [105.932045, 18.022754], [105.928213, 18.022916], [105.92727, 18.023476], [105.926287, 18.025553], [105.924515, 18.026338], [105.924501, 18.023629], [105.923893, 18.023481], [105.923087, 18.02409], [105.922564, 18.023725], [105.923692, 18.02293], [105.923355, 18.021661], [105.921653, 18.020562], [105.920369, 18.020798], [105.920845, 18.020016], [105.919944, 18.016921], [105.920922, 18.015534], [105.921976, 18.015558], [105.922353, 18.01504], [105.921816, 18.013501], [105.921829, 18.01117], [105.92107, 18.010504], [105.919654, 18.011545], [105.917388, 18.011995], [105.916269, 18.010126], [105.916427, 18.008808], [105.918445, 18.0075], [105.917905, 18.005661], [105.918816, 18.004865], [105.919055, 18.003941], [105.918374, 18.001355], [105.918957, 18.001152], [105.921021, 18.002568], [105.92115, 18.005024], [105.92225, 18.004941], [105.923869, 18.001622], [105.92624, 17.999739], [105.927139, 17.998551], [105.926243, 17.997008], [105.926717, 17.992655], [105.928497, 17.991867], [105.929054, 17.993094], [105.930539, 17.993345], [105.932606, 17.99103], [105.934567, 17.991255], [105.934969, 17.992606], [105.93531, 17.992863], [105.937459, 17.992876], [105.939172, 17.991663], [105.938058, 17.989865], [105.934114, 17.98887], [105.929861, 17.983586], [105.928698, 17.98348], [105.928749, 17.978858], [105.927283, 17.975854], [105.929714, 17.973205], [105.928909, 17.972071], [105.928015, 17.972261], [105.926245, 17.974534], [105.925245, 17.975089], [105.924321, 17.974786], [105.923989, 17.975073], [105.925194, 17.975557], [105.926319, 17.974972], [105.928524, 17.972362], [105.929404, 17.973018], [105.928564, 17.974309], [105.927246, 17.974947], [105.926861, 17.97595], [105.928418, 17.978609], [105.928077, 17.98154], [105.928519, 17.983588], [105.929392, 17.983841], [105.932438, 17.986904], [105.934156, 17.989269], [105.937765, 17.990134], [105.938669, 17.991675], [105.937603, 17.992605], [105.935362, 17.992702], [105.93516, 17.991298], [105.932632, 17.99073], [105.930561, 17.992961], [105.929192, 17.992815], [105.928938, 17.991402], [105.926485, 17.992445], [105.925778, 17.995907], [105.926862, 17.998636], [105.923633, 18.001554], [105.922067, 18.004628], [105.921307, 18.004309], [105.921802, 18.003357], [105.921063, 18.002365], [105.918844, 18.000674], [105.918135, 18.000983], [105.918723, 18.004316], [105.917708, 18.005525], [105.918041, 18.007432], [105.916003, 18.008576], [105.915764, 18.009468], [105.917236, 18.012181], [105.919897, 18.011776], [105.920944, 18.011197], [105.921553, 18.011563], [105.921923, 18.015004], [105.920818, 18.015223], [105.919533, 18.01696], [105.91965, 18.018607], [105.920282, 18.019733], [105.919823, 18.02088], [105.920696, 18.021246], [105.9216, 18.020921], [105.923136, 18.021888], [105.923192, 18.022691], [105.922236, 18.0239], [105.922924, 18.02427], [105.924317, 18.024068], [105.924021, 18.026098], [105.92427, 18.026477]]]}}, {"type": "Feature", "properties": {"TENSONG": "Sông Gianh"}, "geometry": {"type": "Polygon", "coordinates": [[[105.89336, 18.010845], [105.897826, 18.008808], [105.898036, 18.006981], [105.896079, 18.005176], [105.895553, 18.002917], [105.892201, 17.997017], [105.891301, 17.995978], [105.888524, 17.994351], [105.888883, 17.994287], [105.887512, 17.991921], [105.888787, 17.988046], [105.889779, 17.987554], [105.891017, 17.98817], [105.892443, 17.991458], [105.894392, 17.993405], [105.895876, 17.994365], [105.898468, 17.994994], [105.899754, 17.994299], [105.900008, 17.993236], [105.898734, 17.98723], [105.896801, 17.984642], [105.896679, 17.983315], [105.89848, 17.981676], [105.901389, 17.980757], [105.90192, 17.980106], [105.9035, 17.981093], [105.90297, 17.983124], [105.901793, 17.983462], [105.901344, 17.984636], [105.901379, 17.986529], [105.902318, 17.9874], [105.904395, 17.986144], [105.907058, 17.98595], [105.910213, 17.985986], [105.913679, 17.986737], [105.913948, 17.985498], [105.914804, 17.984944], [105.915054, 17.981865], [105.9161, 17.979865], [105.918335, 17.978166], [105.919273, 17.978135], [105.923036, 17.976118], [105.924321, 17.974786], [105.924107, 17.973473], [105.924557, 17.972316], [105.922872, 17.971071], [105.923626, 17.969412], [105.923393, 17.96903], [105.926546, 17.968966], [105.929584, 17.96739], [105.931455, 17.964894], [105.933088, 17.960973], [105.937108, 17.958497], [105.940425, 17.954381], [105.941205, 17.954275], [105.942937, 17.952462], [105.944097, 17.950726], [105.943897, 17.950408], [105.945788, 17.950248], [105.947918, 17.951092], [105.948731, 17.951027], [105.948383, 17.951229], [105.952942, 17.953577], [105.954701, 17.953263], [105.954229, 17.951814], [105.955336, 17.950186], [105.955219, 17.949861], [105.955678, 17.949754], [105.955932, 17.947275], [105.959976, 17.943473], [105.962112, 17.938542], [105.964612, 17.935031], [105.964957, 17.933565], [105.965998, 17.932531], [105.966183, 17.931641], [105.966743, 17.931581], [105.968946, 17.9286], [105.97358, 17.925875], [105.973557, 17.925176], [105.976615, 17.923884], [105.978776, 17.92406], [105.979906, 17.923453], [105.981857, 17.924006], [105.986901, 17.923698], [105.987239, 17.923481], [105.986831, 17.92312], [105.989844, 17.920421], [105.989628, 17.919346], [105.990363, 17.919543], [105.993758, 17.916081], [105.996612, 17.915547], [105.998589, 17.914508], [106.000886, 17.910577], [106.000187, 17.910649], [106.003055, 17.907432], [106.006535, 17.906869], [106.012212, 17.908431], [106.016075, 17.906856], [106.015719, 17.906264], [106.016087, 17.905694], [106.018526, 17.906027], [106.02274, 17.902734], [106.024564, 17.902612], [106.026117, 17.903944], [106.026209, 17.905323], [106.025599, 17.907318], [106.02626, 17.909637], [106.028304, 17.9098], [106.029712, 17.909352], [106.031555, 17.907499], [106.032661, 17.904325], [106.029929, 17.900906], [106.029383, 17.899273], [106.030402, 17.899226], [106.030999, 17.898873], [106.033051, 17.896002], [106.038695, 17.890174], [106.040522, 17.890393], [106.041234, 17.89318], [106.043391, 17.896677], [106.045565, 17.897199], [106.048392, 17.895509], [106.048662, 17.8941], [106.051551, 17.893852], [106.061743, 17.886635], [106.06442, 17.886006], [106.067219, 17.884392], [106.068396, 17.883456], [106.069146, 17.88183], [106.070028, 17.881359], [106.071994, 17.881273], [106.07339, 17.882039], [106.073203, 17.883853], [106.073615, 17.884756], [106.074571, 17.885424], [106.076014, 17.885352], [106.077863, 17.883232], [106.078262, 17.880259], [106.07735, 17.879603], [106.076933, 17.877834], [106.077539, 17.876042], [106.077795, 17.876353], [106.078815, 17.875216], [106.084094, 17.87328], [106.083882, 17.873828], [106.089236, 17.868282], [106.092712, 17.865934], [106.099299, 17.859493], [106.101008, 17.859656], [106.101868, 17.86077], [106.104782, 17.86198], [106.107676, 17.862287], [106.111213, 17.863758], [106.112574, 17.863785], [106.115882, 17.862702], [106.11771, 17.861508], [106.117309, 17.857967], [106.116374, 17.858307], [106.115971, 17.859293], [106.114765, 17.858875], [106.114517, 17.858223], [106.115741, 17.853226], [106.117429, 17.851743], [106.118961, 17.851519], [106.120645, 17.852457], [106.119318, 17.85355], [106.121576, 17.852829], [106.128181, 17.85444], [106.131038, 17.853934], [106.135616, 17.851531], [106.144486, 17.845211], [106.147235, 17.842185], [106.146949, 17.840835], [106.145369, 17.840313], [106.143816, 17.83843], [106.142819, 17.838643], [106.141823, 17.838089], [106.141037, 17.837053], [106.140255, 17.834174], [106.140307, 17.830341], [106.140761, 17.82891], [106.142417, 17.827486], [106.143776, 17.827138], [106.144987, 17.827589], [106.147896, 17.832162], [106.151328, 17.835618], [106.154607, 17.837693], [106.15808, 17.838428], [106.159951, 17.837176], [106.164995, 17.83574], [106.16696, 17.833012], [106.166882, 17.831047], [106.168078, 17.825377], [106.172994, 17.816653], [106.17649, 17.816078], [106.181087, 17.816658], [106.185402, 17.816438], [106.188791, 17.814917], [106.197683, 17.812753], [106.202937, 17.810756], [106.205766, 17.809079], [106.211347, 17.804447], [106.214661, 17.802841], [106.217694, 17.802317], [106.22332, 17.80245], [106.224042, 17.803012], [106.233859, 17.796931], [106.237973, 17.792313], [106.241367, 17.789792], [106.242355, 17.788071], [106.251283, 17.781731], [106.254229, 17.781367], [106.253146, 17.78255], [106.259395, 17.781733], [106.264563, 17.782943], [106.267702, 17.786533], [106.262799, 17.787137], [106.260078, 17.785896], [106.261105, 17.78691], [106.262915, 17.787646], [106.261348, 17.788037], [106.25919, 17.78689], [106.258611, 17.787102], [106.258459, 17.786702], [106.257792, 17.786189], [106.25601, 17.78634], [106.25773, 17.786289], [106.258568, 17.787236], [106.259131, 17.787031], [106.261054, 17.788109], [106.267379, 17.787322], [106.269653, 17.788396], [106.269027, 17.788985], [106.26873, 17.789934], [106.267759, 17.790259], [106.267294, 17.791201], [106.267845, 17.790333], [106.268822, 17.790054], [106.26967, 17.78873], [106.274045, 17.789474], [106.28195, 17.788444], [106.28376, 17.788916], [106.288877, 17.788434], [106.289775, 17.789229], [106.291222, 17.789238], [106.29475, 17.788652], [106.296199, 17.788015], [106.296535, 17.783054], [106.297037, 17.782122], [106.298738, 17.781203], [106.301667, 17.781482], [106.303829, 17.778346], [106.306924, 17.778498], [106.308613, 17.778017], [106.313839, 17.774489], [106.315685, 17.774187], [106.319316, 17.771886], [106.324805, 17.77161], [106.330322, 17.769648], [106.331083, 17.772812], [106.330499, 17.7735], [106.330478, 17.774538], [106.331245, 17.775863], [106.330105, 17.77615], [106.330144, 17.776917], [106.330479, 17.777302], [106.332965, 17.778191], [106.334573, 17.779507], [106.33428, 17.780467], [106.332876, 17.781073], [106.332572, 17.781774], [106.333009, 17.782182], [106.334748, 17.782366], [106.332697, 17.781705], [106.334558, 17.78033], [106.334764, 17.779513], [106.334407, 17.778998], [106.332707, 17.777785], [106.330535, 17.777114], [106.330239, 17.776584], [106.331487, 17.775786], [106.330715, 17.774096], [106.331278, 17.773052], [106.330488, 17.769551], [106.334409, 17.767808], [106.339681, 17.766231], [106.339786, 17.764981], [106.341065, 17.763777], [106.342877, 17.763191], [106.344147, 17.763469], [106.346556, 17.766069], [106.347042, 17.767668], [106.34943, 17.768153], [106.355899, 17.764531], [106.363844, 17.762577], [106.374531, 17.759083], [106.376064, 17.758829], [106.376225, 17.760389], [106.376578, 17.758638], [106.388269, 17.757793], [106.390011, 17.75676], [106.395176, 17.751716], [106.398592, 17.750309], [106.403989, 17.749357], [106.404562, 17.749798], [106.404773, 17.749364], [106.409399, 17.748434], [106.409698, 17.748984], [106.410323, 17.748003], [106.419006, 17.745613], [106.420053, 17.744888], [106.420598, 17.745018], [106.420442, 17.745635], [106.421781, 17.745025], [106.424047, 17.745217], [106.424297, 17.745695], [106.424521, 17.745238], [106.427524, 17.744719], [106.427998, 17.745106], [106.427815, 17.744623], [106.430048, 17.743488], [106.432453, 17.740985], [106.432745, 17.741134], [106.434198, 17.738743], [106.435388, 17.735582], [106.436301, 17.724895], [106.437059, 17.721904], [106.439529, 17.717524], [106.442071, 17.715629], [106.443588, 17.714785], [106.444639, 17.715093], [106.444837, 17.714312], [106.445485, 17.714905], [106.445838, 17.714046], [106.451894, 17.71341], [106.451105, 17.713978], [106.450848, 17.714946], [106.450029, 17.71487], [106.449903, 17.715914], [106.451438, 17.716355], [106.452691, 17.715554], [106.452541, 17.714623], [106.451995, 17.714274], [106.452287, 17.71411], [106.45302, 17.714517], [106.461198, 17.71314], [106.468717, 17.711075], [106.469767, 17.710218], [106.470757, 17.710394], [106.472937, 17.70962], [106.475223, 17.708136], [106.476724, 17.708236], [106.480539, 17.706691], [106.483857, 17.707145], [106.487892, 17.706375], [106.487726, 17.701351], [106.486211, 17.701251], [106.483891, 17.702004], [106.482085, 17.701345], [106.478971, 17.703075], [106.476442, 17.702501], [106.47473, 17.702993], [106.473996, 17.70209], [106.47178, 17.702088], [106.470713, 17.703351], [106.467828, 17.704349], [106.460736, 17.705725], [106.459504, 17.704657], [106.459846, 17.705947], [106.455457, 17.706817], [106.45488, 17.705231], [106.455286, 17.70684], [106.450456, 17.70778], [106.450241, 17.707411], [106.44874, 17.708396], [106.448322, 17.707927], [106.446822, 17.708358], [106.446899, 17.708812], [106.444913, 17.709794], [106.44306, 17.709256], [106.44309, 17.710224], [106.441854, 17.71009], [106.441459, 17.710637], [106.433902, 17.712822], [106.434411, 17.713787], [106.432667, 17.721674], [106.43335, 17.722521], [106.432588, 17.727585], [106.430011, 17.731587], [106.425299, 17.734863], [106.41273, 17.739574], [106.412221, 17.74066], [106.405642, 17.744303], [106.402344, 17.745613], [106.397086, 17.746185], [106.390323, 17.743581], [106.385403, 17.742599], [106.380773, 17.742405], [106.377042, 17.742887], [106.373276, 17.744436], [106.370481, 17.746287], [106.369229, 17.745768], [106.370268, 17.747228], [106.369882, 17.747773], [106.361606, 17.752118], [106.353234, 17.753976], [106.345837, 17.756849], [106.337334, 17.758138], [106.332756, 17.759512], [106.327747, 17.762294], [106.324113, 17.763298], [106.318965, 17.763687], [106.31404, 17.763346], [106.313693, 17.762956], [106.314365, 17.761672], [106.313993, 17.760412], [106.312191, 17.758954], [106.309025, 17.758405], [106.302789, 17.760062], [106.300007, 17.759439], [106.298155, 17.75994], [106.294453, 17.762633], [106.293178, 17.764913], [106.292389, 17.764707], [106.291475, 17.763598], [106.291826, 17.76461], [106.293221, 17.765165], [106.293169, 17.765739], [106.292748, 17.767966], [106.290426, 17.772077], [106.293, 17.768437], [106.293259, 17.769072], [106.292686, 17.773921], [106.291557, 17.7773], [106.289477, 17.779508], [106.283723, 17.783532], [106.278365, 17.785136], [106.279791, 17.785248], [106.283451, 17.784374], [106.281749, 17.785521], [106.273516, 17.787715], [106.267877, 17.783686], [106.266289, 17.7814], [106.264285, 17.780151], [106.260958, 17.779283], [106.253793, 17.77946], [106.250531, 17.778039], [106.247171, 17.777747], [106.247234, 17.778365], [106.25232, 17.77925], [106.247942, 17.781569], [106.245529, 17.783728], [106.243917, 17.784298], [106.237924, 17.788141], [106.235609, 17.790236], [106.229985, 17.796885], [106.226394, 17.799452], [106.222271, 17.800608], [106.214334, 17.800682], [106.208269, 17.802572], [106.209371, 17.802687], [106.207122, 17.80454], [106.206337, 17.806333], [106.200945, 17.809929], [106.190055, 17.811789], [106.184147, 17.814372], [106.181208, 17.815098], [106.175023, 17.814734], [106.171759, 17.816026], [106.169637, 17.818628], [106.16641, 17.826108], [106.16567, 17.826964], [106.165976, 17.831856], [106.165587, 17.832999], [106.163609, 17.83451], [106.157793, 17.837088], [106.154981, 17.836492], [106.151888, 17.834414], [106.145344, 17.826355], [106.142268, 17.826458], [106.140656, 17.827587], [106.139334, 17.829758], [106.1389, 17.830964], [106.139191, 17.834589], [106.140693, 17.838377], [106.145014, 17.841308], [106.14461, 17.842595], [106.142767, 17.844529], [106.136758, 17.849106], [106.13063, 17.852989], [106.128301, 17.853012], [106.122412, 17.85198], [106.118973, 17.850811], [106.117006, 17.851154], [106.114949, 17.853153], [106.114034, 17.858162], [106.11474, 17.859742], [106.116199, 17.859904], [106.11664, 17.860524], [106.116123, 17.861631], [106.112961, 17.862726], [106.110859, 17.862493], [106.107638, 17.861176], [106.107951, 17.861655], [106.105501, 17.861618], [106.102069, 17.860418], [106.101662, 17.859724], [106.10301, 17.859606], [106.10311, 17.859], [106.099649, 17.858241], [106.098777, 17.858503], [106.096004, 17.860787], [106.091926, 17.865206], [106.088608, 17.867246], [106.084268, 17.872057], [106.077663, 17.874992], [106.076378, 17.877834], [106.077182, 17.880582], [106.076995, 17.882545], [106.075756, 17.884477], [106.075136, 17.884559], [106.074428, 17.883962], [106.07385, 17.882795], [106.07427, 17.881894], [106.073201, 17.881044], [106.071038, 17.880024], [106.069077, 17.880604], [106.067613, 17.883226], [106.064831, 17.884579], [106.06555, 17.884662], [106.065204, 17.885045], [106.063517, 17.885259], [106.057507, 17.888423], [106.052069, 17.892458], [106.050014, 17.893561], [106.048779, 17.893675], [106.045694, 17.896691], [106.044231, 17.896483], [106.042738, 17.895021], [106.041554, 17.892486], [106.041215, 17.892545], [106.042271, 17.892042], [106.041004, 17.88952], [106.038842, 17.889392], [106.037552, 17.889988], [106.031574, 17.896933], [106.028821, 17.89937], [106.02959, 17.901207], [106.032359, 17.904575], [106.032079, 17.90598], [106.03027, 17.908173], [106.028441, 17.908232], [106.028533, 17.908903], [106.02913, 17.909249], [106.026715, 17.909219], [106.026224, 17.906488], [106.027031, 17.906357], [106.027296, 17.905053], [106.026164, 17.902516], [106.024709, 17.901623], [106.022359, 17.901976], [106.01814, 17.90547], [106.017797, 17.905132], [106.016124, 17.905379], [106.013205, 17.906693], [106.012383, 17.907622], [106.007623, 17.906879], [106.006684, 17.90602], [106.003569, 17.906384], [106.001057, 17.90834], [106.000434, 17.910242], [105.996987, 17.914807], [105.996152, 17.914429], [105.994352, 17.91481], [105.990756, 17.91719], [105.986445, 17.923402], [105.981722, 17.922891], [105.977086, 17.92362], [105.977005, 17.922909], [105.97666, 17.922896], [105.967923, 17.928358], [105.962145, 17.936887], [105.959992, 17.941384], [105.959759, 17.943203], [105.958872, 17.943523], [105.954981, 17.947495], [105.954899, 17.950329], [105.95389, 17.9523], [105.952483, 17.952436], [105.948585, 17.950349], [105.947879, 17.950819], [105.947541, 17.949981], [105.946944, 17.950444], [105.945549, 17.949632], [105.945705, 17.95008], [105.944968, 17.950198], [105.944532, 17.949466], [105.943409, 17.950022], [105.941085, 17.953434], [105.938372, 17.955606], [105.936611, 17.957817], [105.933682, 17.960183], [105.93273, 17.96043], [105.931076, 17.96494], [105.929573, 17.96605], [105.928411, 17.967699], [105.927757, 17.968031], [105.926331, 17.967604], [105.925953, 17.968096], [105.923337, 17.968495], [105.921989, 17.970939], [105.923562, 17.972511], [105.923399, 17.97494], [105.917816, 17.978286], [105.915399, 17.980175], [105.913994, 17.983379], [105.914008, 17.985045], [105.912369, 17.986109], [105.91195, 17.985559], [105.904582, 17.985639], [105.903243, 17.986542], [105.902343, 17.986579], [105.901692, 17.984709], [105.901894, 17.983817], [105.9028, 17.984006], [105.90396, 17.981896], [105.903912, 17.981003], [105.903173, 17.980014], [105.902022, 17.979801], [105.897861, 17.981521], [105.895985, 17.98422], [105.898339, 17.987781], [105.899616, 17.993761], [105.89857, 17.994545], [105.895212, 17.9936], [105.892396, 17.990361], [105.891493, 17.987944], [105.889999, 17.987159], [105.888889, 17.987469], [105.887361, 17.989977], [105.887106, 17.991978], [105.88755, 17.993303], [105.889276, 17.995531], [105.891089, 17.996548], [105.892622, 17.998297], [105.892284, 17.998883], [105.893016, 18.000413], [105.894873, 18.002537], [105.895787, 18.004283], [105.895874, 18.005509], [105.897537, 18.007374], [105.897615, 18.007948], [105.896242, 18.009221], [105.894357, 18.010067], [105.893265, 18.010078], [105.888294, 18.006459], [105.885448, 18.005935], [105.881449, 18.006864], [105.878304, 18.006285], [105.876321, 18.007732], [105.874992, 18.007962], [105.874559, 18.007142], [105.874869, 18.005261], [105.875965, 18.005035], [105.876547, 18.003884], [105.874439, 18.003125], [105.87274, 18.003171], [105.867853, 18.005246], [105.865376, 18.004052], [105.864503, 18.003021], [105.863833, 18.003422], [105.863553, 18.002335], [105.865211, 18.000474], [105.866654, 17.999851], [105.868151, 17.997816], [105.868058, 17.990232], [105.867625, 17.989551], [105.865914, 17.989261], [105.862218, 17.989566], [105.861078, 17.989166], [105.859302, 17.991928], [105.856419, 17.992622], [105.854081, 17.991159], [105.850721, 17.990348], [105.848348, 17.988557], [105.848165, 17.987869], [105.848811, 17.98701], [105.848038, 17.987468], [105.849144, 17.985405], [105.849311, 17.977583], [105.845464, 17.975652], [105.844031, 17.975414], [105.840713, 17.975878], [105.837619, 17.975709], [105.837451, 17.973461], [105.839578, 17.971812], [105.839478, 17.970613], [105.834395, 17.966516], [105.831343, 17.964989], [105.82962, 17.965111], [105.827557, 17.966035], [105.826127, 17.968054], [105.823421, 17.968015], [105.822185, 17.9675], [105.820007, 17.967207], [105.820026, 17.965981], [105.823297, 17.9636], [105.822825, 17.961864], [105.820562, 17.960342], [105.817902, 17.960478], [105.817129, 17.961026], [105.816726, 17.962012], [105.81693, 17.963785], [105.815745, 17.964149], [105.814497, 17.962593], [105.813211, 17.959598], [105.807625, 17.957467], [105.80504, 17.957283], [105.803443, 17.953528], [105.801728, 17.953169], [105.800589, 17.953483], [105.799074, 17.95166], [105.798974, 17.94973], [105.798496, 17.948519], [105.798923, 17.946652], [105.798402, 17.94403], [105.799327, 17.943008], [105.800292, 17.942836], [105.800894, 17.943346], [105.801571, 17.942927], [105.802332, 17.940719], [105.800213, 17.939016], [105.8001, 17.936668], [105.801023, 17.935107], [105.802152, 17.934593], [105.802604, 17.934914], [105.803779, 17.933052], [105.804471, 17.931465], [105.804582, 17.928924], [105.805743, 17.926137], [105.806996, 17.925205], [105.810094, 17.925252], [105.812651, 17.923042], [105.812265, 17.922004], [105.80956, 17.921243], [105.809437, 17.920666], [105.809865, 17.920765], [105.80865, 17.918962], [105.808411, 17.917203], [105.808915, 17.916598], [105.809922, 17.916541], [105.811378, 17.917109], [105.812126, 17.916677], [105.812572, 17.915656], [105.817973, 17.913785], [105.820325, 17.912302], [105.820537, 17.910489], [105.820224, 17.909847], [105.818047, 17.909038], [105.81638, 17.910695], [105.815537, 17.910788], [105.814007, 17.90827], [105.811155, 17.906326], [105.810716, 17.905323], [105.811733, 17.902476], [105.81158, 17.901766], [105.809492, 17.900902], [105.809083, 17.900222], [105.809891, 17.89767], [105.809299, 17.898405], [105.809109, 17.89801], [105.810226, 17.896304], [105.810041, 17.895255], [105.809133, 17.894667], [105.804581, 17.894059], [105.80441, 17.892025], [105.805504, 17.890998], [105.805493, 17.89006], [105.802044, 17.888582], [105.800532, 17.88709], [105.800972, 17.885817], [105.802757, 17.885654], [105.803927, 17.884402], [105.803216, 17.883934], [105.802443, 17.882], [105.802625, 17.881279], [105.801317, 17.880265], [105.799316, 17.880562], [105.798801, 17.881535], [105.799803, 17.883594], [105.799413, 17.884932], [105.798662, 17.885296], [105.79778, 17.881886], [105.795153, 17.879309], [105.795223, 17.878377], [105.796415, 17.87659], [105.796388, 17.875579], [105.795219, 17.873382], [105.793472, 17.871668], [105.793519, 17.870131], [105.794362, 17.869572], [105.798723, 17.870368], [105.799609, 17.869791], [105.801496, 17.86982], [105.801863, 17.868787], [105.800093, 17.865253], [105.799137, 17.865], [105.797752, 17.865592], [105.796089, 17.864763], [105.7963, 17.863215], [105.795532, 17.856008], [105.796261, 17.854951], [105.797743, 17.856279], [105.798715, 17.856281], [105.799452, 17.854843], [105.802, 17.854377], [105.802675, 17.853418], [105.801532, 17.850747], [105.802122, 17.849799], [105.801969, 17.848628], [105.800959, 17.84742], [105.799482, 17.847286], [105.797076, 17.848818], [105.795071, 17.85161], [105.792567, 17.85229], [105.791193, 17.850292], [105.789433, 17.849098], [105.790452, 17.847429], [105.78957, 17.846504], [105.787147, 17.847451], [105.785439, 17.8491], [105.784982, 17.850222], [105.783496, 17.850147], [105.782545, 17.848692], [105.782719, 17.847727], [105.783837, 17.846623], [105.785249, 17.847085], [105.786603, 17.846624], [105.787782, 17.843934], [105.787458, 17.842477], [105.786826, 17.841709], [105.783432, 17.840145], [105.78278, 17.836098], [105.779633, 17.83586], [105.777042, 17.834625], [105.776045, 17.834626], [105.779745, 17.836455], [105.782547, 17.83639], [105.78321, 17.84022], [105.786191, 17.841886], [105.787623, 17.84373], [105.786595, 17.84634], [105.785136, 17.846748], [105.783873, 17.846423], [105.782666, 17.847229], [105.78232, 17.848655], [105.783441, 17.850271], [105.785059, 17.850504], [105.787554, 17.847835], [105.789873, 17.847073], [105.789114, 17.84931], [105.792671, 17.852947], [105.795443, 17.851874], [105.797767, 17.848775], [105.799598, 17.84739], [105.801089, 17.848011], [105.801742, 17.848993], [105.80123, 17.850459], [105.802409, 17.853617], [105.801413, 17.854399], [105.799316, 17.854046], [105.798085, 17.85556], [105.796087, 17.853969], [105.795227, 17.854689], [105.794744, 17.856241], [105.795909, 17.864761], [105.797277, 17.866174], [105.798176, 17.866317], [105.797993, 17.86575], [105.798973, 17.865258], [105.799861, 17.8655], [105.801407, 17.868699], [105.798754, 17.870127], [105.794909, 17.869235], [105.792949, 17.870277], [105.793122, 17.871539], [105.795688, 17.874546], [105.796171, 17.875766], [105.796154, 17.876445], [105.794695, 17.878555], [105.794802, 17.879319], [105.797429, 17.881972], [105.798241, 17.885886], [105.799697, 17.885425], [105.800151, 17.884229], [105.79928, 17.881337], [105.799637, 17.880609], [105.801022, 17.880771], [105.802004, 17.881592], [105.803463, 17.884873], [105.800575, 17.885681], [105.800441, 17.887698], [105.804784, 17.890311], [105.804085, 17.892611], [105.804284, 17.89422], [105.806139, 17.895104], [105.808167, 17.895014], [105.809453, 17.895593], [105.807948, 17.899817], [105.809339, 17.901634], [105.810626, 17.901742], [105.811077, 17.902361], [105.810368, 17.905355], [105.810962, 17.906857], [105.815715, 17.911504], [105.816795, 17.91132], [105.818035, 17.909714], [105.820078, 17.910168], [105.820227, 17.91069], [105.820034, 17.912088], [105.81832, 17.913128], [105.812581, 17.915443], [105.811562, 17.916515], [105.809963, 17.915679], [105.808935, 17.91576], [105.808148, 17.917109], [105.808189, 17.918983], [105.809538, 17.921525], [105.811843, 17.922887], [105.810917, 17.924483], [105.809714, 17.925056], [105.807214, 17.924521], [105.805892, 17.925187], [105.804139, 17.928652], [105.803813, 17.930595], [105.804313, 17.931003], [105.803875, 17.93203], [105.802871, 17.933646], [105.800863, 17.934927], [105.79988, 17.936418], [105.800058, 17.939019], [105.801298, 17.941159], [105.801752, 17.940497], [105.802136, 17.940868], [105.801086, 17.942379], [105.799, 17.942425], [105.798309, 17.943851], [105.797797, 17.948873], [105.798836, 17.950084], [105.798438, 17.95122], [105.798869, 17.95234], [105.800556, 17.953714], [105.803135, 17.95431], [105.803505, 17.956797], [105.804267, 17.957495], [105.812827, 17.959881], [105.813922, 17.96164], [105.813735, 17.963198], [105.815593, 17.965099], [105.816381, 17.965239], [105.817599, 17.964615], [105.817859, 17.962808], [105.817401, 17.963165], [105.816818, 17.962672], [105.817678, 17.960863], [105.820004, 17.960572], [105.822283, 17.961942], [105.822798, 17.962477], [105.822793, 17.963597], [105.819159, 17.965836], [105.81898, 17.966881], [105.81957, 17.967868], [105.821218, 17.968209], [105.82209, 17.967652], [105.822464, 17.967832], [105.822122, 17.96821], [105.824981, 17.968801], [105.826453, 17.9686], [105.827624, 17.967328], [105.827456, 17.966327], [105.831128, 17.965445], [105.834809, 17.967434], [105.838968, 17.971203], [105.837002, 17.973293], [105.83675, 17.97537], [105.837127, 17.97623], [105.842161, 17.976204], [105.843643, 17.975665], [105.845357, 17.976279], [105.848758, 17.978563], [105.8482, 17.980485], [105.848237, 17.985101], [105.847142, 17.9887], [105.848014, 17.989869], [105.848026, 17.988452], [105.850107, 17.990348], [105.854083, 17.991566], [105.855596, 17.992767], [105.856626, 17.992886], [105.861571, 17.992002], [105.860151, 17.991427], [105.861193, 17.989544], [105.865392, 17.990014], [105.865906, 17.989467], [105.867754, 17.990068], [105.867941, 17.992916], [105.867497, 17.993156], [105.867396, 17.994796], [105.867718, 17.997891], [105.865342, 17.999831], [105.8632, 18.002455], [105.863478, 18.003558], [105.864692, 18.004459], [105.865996, 18.004389], [105.867171, 18.006065], [105.867673, 18.005962], [105.868914, 18.0051], [105.871118, 18.00421], [105.874465, 18.003427], [105.876271, 18.004177], [105.875743, 18.004825], [105.874437, 18.005089], [105.874223, 18.007026], [105.874948, 18.008171], [105.876321, 18.007958], [105.87788, 18.007047], [105.881021, 18.00747], [105.885738, 18.006379], [105.887386, 18.006438], [105.890244, 18.008075], [105.89336, 18.010845]], [[105.867994, 18.005516], [105.867215, 18.005713], [105.86714, 18.005226], [105.867994, 18.005516]], [[105.808807, 17.898423], [105.808912, 17.899505], [105.808252, 17.89998], [105.808182, 17.899616], [105.808807, 17.898423]], [[106.030934, 17.898029], [106.030687, 17.898863], [106.029695, 17.898973], [106.029775, 17.898611], [106.030934, 17.898029]], [[106.114992, 17.853964], [106.115352, 17.854643], [106.115033, 17.855075], [106.114821, 17.85479], [106.114992, 17.853964]], [[106.282756, 17.7882], [106.289552, 17.783728], [106.290968, 17.784573], [106.287391, 17.788294], [106.286821, 17.787951], [106.284353, 17.788613], [106.282756, 17.7882]], [[106.289664, 17.788407], [106.289889, 17.787904], [106.288038, 17.788246], [106.289733, 17.785978], [106.291612, 17.784876], [106.291442, 17.784208], [106.290356, 17.783731], [106.290382, 17.783155], [106.294143, 17.780026], [106.295788, 17.777576], [106.295801, 17.774741], [106.294913, 17.772843], [106.295705, 17.770246], [106.296142, 17.769655], [106.299599, 17.768384], [106.302091, 17.764819], [106.303472, 17.763777], [106.307318, 17.762156], [106.310257, 17.762725], [106.313339, 17.765242], [106.316165, 17.769684], [106.318847, 17.771432], [106.316203, 17.773273], [106.312888, 17.774616], [106.308547, 17.777594], [106.304893, 17.778006], [106.303852, 17.776897], [106.301668, 17.78107], [106.298534, 17.780933], [106.296493, 17.782294], [106.295918, 17.787927], [106.290388, 17.78912], [106.289664, 17.788407]], [[106.318676, 17.764432], [106.321533, 17.765044], [106.320793, 17.766867], [106.325351, 17.764948], [106.330296, 17.763851], [106.332816, 17.765448], [106.332484, 17.766143], [106.329057, 17.768294], [106.32536, 17.769599], [106.323338, 17.769421], [106.320685, 17.76793], [106.321394, 17.769564], [106.320945, 17.769675], [106.319674, 17.768823], [106.319374, 17.766802], [106.318194, 17.765096], [106.318676, 17.764432]], [[106.334352, 17.764874], [106.331031, 17.763503], [106.334582, 17.761144], [106.334806, 17.761433], [106.337866, 17.759649], [106.351496, 17.757054], [106.345399, 17.760395], [106.341882, 17.760872], [106.338666, 17.762106], [106.334352, 17.764874]], [[106.34558, 17.762406], [106.353869, 17.760136], [106.35719, 17.759864], [106.359154, 17.76029], [106.360815, 17.761382], [106.353884, 17.763612], [106.35006, 17.766708], [106.347983, 17.766895], [106.347295, 17.764725], [106.34558, 17.762406]], [[106.362545, 17.760736], [106.359976, 17.758878], [106.357671, 17.758102], [106.351854, 17.758616], [106.354081, 17.756459], [106.357059, 17.755283], [106.36389, 17.754002], [106.377069, 17.750599], [106.388076, 17.74614], [106.390917, 17.746398], [106.396144, 17.748286], [106.390225, 17.754155], [106.388531, 17.755065], [106.3857, 17.755572], [106.378868, 17.755552], [106.373794, 17.756446], [106.363763, 17.760674], [106.362545, 17.760736]], [[106.372523, 17.748094], [106.372107, 17.747691], [106.373172, 17.745972], [106.375017, 17.744562], [106.376766, 17.743929], [106.380472, 17.74329], [106.383252, 17.743606], [106.384192, 17.744252], [106.385116, 17.744099], [106.378637, 17.747056], [106.372523, 17.748094]], [[106.296394, 17.76923], [106.298221, 17.763104], [106.297915, 17.762181], [106.297483, 17.763554], [106.296869, 17.763486], [106.296692, 17.762849], [106.297501, 17.761803], [106.301529, 17.761386], [106.302986, 17.761675], [106.299498, 17.764683], [106.298573, 17.766174], [106.303355, 17.76176], [106.304528, 17.761436], [106.306484, 17.761767], [106.302278, 17.764167], [106.299068, 17.768411], [106.296394, 17.76923]], [[106.425889, 17.741978], [106.433519, 17.73501], [106.433145, 17.737628], [106.430056, 17.741942], [106.426405, 17.744079], [106.422166, 17.744451], [106.425889, 17.741978]], [[106.452779, 17.713424], [106.454257, 17.713129], [106.454164, 17.713763], [106.452919, 17.713884], [106.452779, 17.713424]]]}}]}